duration,src_bytes,dst_bytes,src_pkts,dst_pkts,src_ip_bytes,dst_ip_bytes,missed_bytes,conn_state_enc,proto_enc,service_enc,http_request_body_len,http_response_body_len,dns_qclass,ssl_version_enc,weird_notice_enc,label,attack_type
5.586385895359811,758.7221574216716,37.66214616227307,0,0,1194.868498460219,293.011917031034,-1.8100846983389416,3,1,0,-2.3449051343739,1.4407024348657245,1.3806180358364777,-1.2996480262821335,-1.6401196395307134,0,scanning
1.4195961449161558,811.8401637485509,513.6251752040919,3,0,2809.63160997486,1097.5781983456266,2.9508749113213746,2,0,2,-0.3165361721961064,3.9863622858079184,-2.5978133852816816,-4.669854508239163,1.9122555327733293,1,normal
0.7801100415620787,1355.8981130056914,342.1617056970926,0,0,352.4630874908369,2863.33768717404,5.411620522454439,1,1,7,2.013713574514801,-1.933326943744636,-0.5992600847475495,0.2860219978982804,-0.562818000739783,1,normal
1.1586218083319362,773.9399528315441,636.7984948452437,0,9,198.26559214013136,253.9379239444004,-1.997002870973912,3,0,5,-0.7799046758064789,-0.0005089415310461,-1.9920782445048355,-1.3481026633477684,1.0941720458483029,1,normal
7.150559992663484,423.9590715750793,726.2389012205942,0,0,747.8100776155256,1356.5095010333944,-0.9535181566451186,5,1,1,-1.0385314778164054,1.3083418452864477,0.6230118427595579,-5.362930457251624,0.1333317935299951,0,password
6.703073492013383,865.2136730313604,75.760558973893,6,12,1949.7804843490533,777.6696032134977,3.5413723562201644,0,0,2,-3.202025154907864,2.201312278406733,-1.5010169491413747,-0.894695107171243,0.8336075236181377,0,scanning
0.9694225659261478,959.4247836812996,708.2890167019875,6,0,1840.279595436701,1624.7174128647896,-0.2828259168851408,0,0,7,-2.200314072776894,-6.077636283857292,0.7657972223308649,-0.6853560893506965,-0.1670097548496167,0,scanning
2.7102264122653565,738.3115143047886,418.6819757325367,0,9,69.48844710858087,119.71257848185306,-3.3731475369234216,2,2,4,-0.718462580426444,1.3845759411105232,4.294652400486983,1.8702805130133584,-0.178416356542012,1,normal
0.1149083065868448,123.77570210517167,452.83040739011216,3,3,173.6520770013278,606.0334030082959,-1.5782167322791667,2,1,3,-0.6813712428003015,0.5545321922930765,1.862793999784787,0.7558711160697091,0.3252858599562237,0,xss
3.806167617561461,378.7905079501961,280.8531490377885,0,0,855.030677611451,488.6862748362675,-0.0580179726255345,0,0,2,-2.185571149275071,-1.3840935288249234,1.2662374475448044,1.708810684563093,-0.664039793110578,0,backdoor
0.3493923852910581,158.33266189371818,149.83442144851492,0,3,1095.577902418656,459.4152634466719,1.198063058641168,0,1,1,-3.176773083062229,3.4594146041044302,-0.6767369166075121,-1.86490255816294,-1.7896668032895244,1,normal
2.338767207781101,1856.0807250061816,397.2344410622479,15,0,1369.6896141269644,1209.4650972591091,-2.8957686730032344,0,0,3,-1.711629663361919,0.123679102943577,1.3949503909113397,-1.376247023955425,1.278424900986033,1,normal
1.5001773411074435,551.7646493470711,15.800445824213684,6,3,2320.590152243576,776.4904781826203,-0.8302971031571154,0,0,2,-2.500706576922239,3.696705312101715,2.635970220866791,-1.6179865464214656,-0.0464079386158145,1,normal
6.710693969674554,329.48149549248427,384.1103116752445,0,0,1453.2613193176535,1155.592472504446,3.1389498119145505,1,2,2,1.3867915730814582,1.4620867002117048,2.3825795960787985,0.9211839424344632,-1.0766055867573134,1,normal
0.1539177744234202,963.4280069035152,340.3176219133613,0,0,162.35087849727623,938.6828102334416,0.523248085973959,1,0,2,-1.6902627324380275,-2.111951568980948,-0.4304270701922996,0.940189294435412,1.495726434944634,0,scanning
10.123783398540942,563.9721378317704,297.963384594329,6,3,621.1737647222911,4.846333600595059,0.5630015950143014,0,2,1,1.003939770328341,-0.9072639652615926,-2.394240079754637,-0.3356207407973318,0.0916071506982898,0,xss
0.9506845270573152,425.1766555757338,362.7523530503972,6,9,160.58047331357994,639.2585162205081,-1.227710349710541,2,2,5,-2.158321905793163,0.7698849164830623,-0.1825157660208733,0.7618815783199,-2.3926520745451514,1,normal
1.3165878358065777,165.72245394263453,702.0192406836544,0,0,771.3695579288053,963.6446873457134,-2.163615842998473,5,2,2,1.904099764262836,-4.589350534522345,-0.1758877264264802,1.3242909108233378,1.8344015421985624,0,injection
0.7991263949999425,742.0909275354159,307.7092735389943,9,9,48.47917496869227,169.28851042382718,-3.0119715853394013,3,1,5,-2.504473472082659,-0.7754706040988149,-0.5206952171947619,0.2380126744651703,0.3844183321174698,1,normal
4.502137753074078,111.47593133560396,266.1459642081404,0,0,792.4421936218104,457.4960730083398,-1.940819337737544,2,1,0,-2.308943686710427,0.6169855224629086,-0.1833901769581833,-1.2450230110057463,-0.8449719842606738,1,normal
7.616261787604638,708.2246687487614,477.3422496760526,12,3,786.2513904357454,3629.052458420671,1.2678036089535232,1,0,5,-1.584554671906807,3.149855240369732,-2.1129860321711336,2.1640072663317937,-0.4310307594556513,0,password
7.628036616133476,1897.145764873679,423.8693472399787,3,0,4053.062109855408,2454.297362162455,-2.1825777587280504,1,0,0,-2.2199285502942825,2.5956158836031142,-2.587597196495457,2.297820040002009,-0.8790855229833566,1,normal
1.848526839307084,2872.2271780397487,784.185026608848,0,15,2077.542374896277,1984.03547534006,6.236288452345401,0,0,1,-1.4803387820114282,0.1071989587735624,0.659632564851019,0.2307171275709688,-0.8235230110884252,0,xss
0.8015806136684654,863.0269720581168,327.3342200820796,0,0,717.7566416462028,283.89820256847906,-1.9970418741416909,2,1,0,0.5529644848951307,-1.841236457408364,2.02686273325891,-0.4350082255744845,-0.1814376270483934,1,normal
3.53875766383267,234.2332908110532,239.20732259786936,3,3,40.70846489279158,117.96197315322424,-2.076636235704296,0,1,1,-2.62783905785382,-0.0260960456177894,2.713447012185971,-2.5409031122064567,0.4663785851639222,0,backdoor
7.759337862239394,471.21621261644697,35.28734322829817,9,3,348.7619927561849,904.6917659548458,1.727988873665293,1,0,1,-4.595036740272022,3.407344447955966,-0.8124227860314219,1.8866433564875875,0.9605250829806008,1,normal
2.288956067672504,36.80448089789235,368.7111395700906,0,6,2526.254374724404,2144.535293162636,2.094099528416046,0,1,1,-3.193469126216197,3.006890810245377,0.3284039612859382,-3.6850145999127015,0.193820013786059,1,normal
1.830426657314704,311.8206753208197,445.4387753571296,3,6,887.0890018527139,353.49339700461,-1.5394581460735746,0,0,0,-0.4479012850986876,-1.9021527505939868,1.4117484803025688,2.7452330570594405,0.1435516023295364,1,normal
3.916240203115717,458.2649822489323,89.46376990130689,0,12,137.54850727111668,740.2782043371484,0.6517937585146139,1,0,3,2.5506131195853343,-0.0526532774941845,0.8294343820694721,3.478068540253598,-1.1207637591860071,1,normal
5.825630276713064,1164.3248147408865,72.89200415458792,9,6,3780.7031622259856,89.92504581233206,-1.1720826699913267,2,0,1,1.5568762838361483,-4.013423081120297,-6.4938946214526405,0.626111787299461,0.602504066031843,0,injection
5.26062578076579,1930.5803284209312,247.5101279196224,6,0,837.0345667969824,657.5070497625939,0.2123213601959629,1,0,0,-2.9937944518903263,-0.4067569021872806,3.7324108302044574,0.9001421692756688,1.770098421531597,0,injection
4.65897677068483,1171.8397715695075,506.0492121773894,9,0,878.7147111914439,797.6363095173483,0.5508450843965962,1,0,3,-1.96322885614169,2.2518995693634665,0.3489118658090357,-2.2749933011210324,1.2948433091156506,0,password
0.8293477651622074,1675.0406257977563,355.0071461970835,3,0,1166.9643842302496,21.306718620139243,-1.42361330107689,0,0,1,-3.135154762080965,2.4326156772809977,3.4870572523873564,-2.6455799271037432,-0.4294756515390542,0,xss
0.4904568933800016,198.8758315963436,51.61969014518564,0,6,440.6077856752476,294.782325369351,0.258979299229402,0,1,3,-1.5137673318655345,0.575988787975424,0.9180042585514054,-0.8806108403002302,-0.3389947481950596,0,dos
8.45736372527539,363.50747906319054,417.031631440742,15,0,623.2252712920471,2589.423875085068,1.053939992610755,0,1,5,1.9427000149609728,1.823876908138608,2.6645499793940903,-0.2168886083622969,1.5763930683459877,1,normal
3.280030341860556,1520.2537283733895,556.504807685028,3,0,1207.5262983526331,653.9814241618475,-1.8644930471575905,0,0,3,0.1417906170989979,-1.6875528272240443,2.228211883398378,-0.9809791124008626,0.22792320885198,1,normal
1.1347484523015932,173.7977153489134,105.33935531656778,0,6,946.960944329286,2484.003219578198,4.398653002573497,0,2,1,-3.862005504884016,0.0302849508702804,-3.283858709281204,-3.905436116069321,0.5501923207633107,1,normal
2.604249049026945,1512.2403728332383,264.6908558325442,6,0,2030.961852962116,1409.3345394824428,-0.0717356439118181,1,0,7,2.447365138204315,4.150928509456997,0.4932767382834488,2.1043926651776137,0.5179201906920279,1,normal
3.410033769502658,1308.7422267310303,54.95402564128853,12,6,803.7783959775769,40.17764475812204,0.0852508553097146,1,1,4,0.3284333976539011,-0.7115639023517694,0.4527663952689535,0.3569094094270253,0.4100701039289656,0,xss
6.451105713839876,290.33273323529977,60.571932940759226,0,6,460.0825957444928,93.90887219433309,-2.981474818639116,1,1,4,-0.9272591390196891,2.1631447925786684,-1.6904154056509002,-2.828290635797013,0.483133923930277,1,normal
2.054900220746558,329.1924977054239,717.3725516796467,6,9,979.835360407598,1549.1237207581837,-1.621855818589627,0,0,2,-1.824693040098972,0.6376980169492303,1.2425185778188692,-0.756295356893568,-1.229953606876061,0,injection
7.680342459284183,1371.5821670108885,746.8473000180614,0,15,644.0419203917437,1923.691518249078,0.0428468594114515,0,0,4,-1.4965738235560957,-0.0499900992682738,1.6562351712503431,0.7816422048244829,-0.2951044333768366,0,backdoor
1.7296163260680453,2799.3556313078825,178.31919181540377,6,6,4418.835202790292,519.0734584818596,-3.2051522071726346,3,0,3,1.278684223967668,-4.790318974401411,-1.606308409703759,-1.7935616358024005,0.1523525539965965,0,scanning
3.137994765609004,2260.4867772007306,558.7218027963162,3,0,2774.6297349637093,1795.6649671821403,-1.1243354058367057,1,1,1,-3.243456043280412,3.3063196576940674,-0.8328258020542438,1.7744024162876486,-1.0192326164340313,1,normal
0.187982426745106,1349.899461010963,19.82407493987327,3,6,2066.3130612132645,2447.919125720087,2.3684692727819705,0,0,2,0.5410149491344052,-0.8388414517401921,4.251110615343232,1.7380068951666643,0.2031352278125544,1,normal
1.626242443490238,10.796414720690596,0.7517017811187239,3,6,801.6557023218603,444.84573170173087,-1.4888297941339053,2,0,5,-0.6774312928512258,0.7437341103955355,1.6635298746125864,0.941912159162044,-0.4285831105758731,1,normal
1.8168311568837567,2876.004185843023,412.3668528848728,9,3,2123.507362458606,1505.1700792482,3.0974792488832064,2,0,2,-3.3266927564829007,1.4632627978891617,2.060610858847011,-2.381151225512834,-0.0922718022804767,0,dos
2.2001759315456155,88.16028720169233,541.1055478714767,3,6,209.7210902743741,426.1838132164061,-3.15040050487393,3,1,3,-1.3219595359867429,0.7408217781412657,0.0023201556457799,-1.5773703653860467,-1.0727375161652244,1,normal
0.9989930377182776,2285.856259856785,615.0075572615428,3,9,1380.879149097862,1521.8011274826222,-3.053081556860662,0,0,6,1.5176840823739035,1.9893682511077728,0.5675162935164888,4.111454749524717,-0.0425897198630793,1,normal
1.5397480735682816,333.01810030232826,374.91357896259547,0,0,3497.045263454671,1427.767444862087,1.5632865875656672,2,1,3,-0.8549775957571619,4.977004875607575,1.4393182906429538,-4.161979082506059,0.397025943733419,1,normal
4.202065220454633,868.7515260412795,1305.2730855947093,3,0,327.3120194902364,449.74136978178166,-1.5864310319346426,2,0,1,1.9908054171988545,-1.0010178829454883,1.5466524425552262,-1.231713131381146,0.5137402820779235,1,normal
0.3377769259714073,33.778976231237266,727.3354634084735,9,3,926.1860461768832,308.5687099092582,-2.481833885227183,3,0,3,-2.779796143394913,2.293331410959777,1.2104332944784713,-1.005309040993051,0.5744515882948493,1,normal
6.08912037837685,507.4563769802409,805.382220243462,3,3,781.8625236205423,20.724095453243148,-0.7015804448332643,1,1,0,-0.740828213788765,-2.0199030343652726,1.5632770990108638,0.5024982171816577,0.3750913359030424,1,normal
0.1628356971709291,588.2670874583567,510.0656461259395,0,3,1969.2901618408268,725.9583160587009,-0.0977308102925704,0,1,2,-3.4773643884747862,-4.954160639667231,-2.1447119422915284,1.0975839939750225,0.9547601026217782,0,dos
0.9839370660086094,2431.1657376180738,436.8822330098215,12,12,1930.2083625868784,3345.940973186374,-0.2843713344772153,0,0,1,-4.6256829947045,2.4371003932677326,0.4489342602173723,-0.5144021713602577,-0.4026273927437681,0,ddos
3.582970812985034,1144.546141460955,73.05401945121466,0,9,747.5175000714568,50.57273485421302,-2.9835697584322243,5,2,7,2.890332033755918,1.0092478665928335,0.9876349596515864,0.9731185735051152,-0.6931437703221555,1,normal
3.1328438727351724,676.3495872310575,777.3184635720592,6,0,530.274784563934,619.9877810173316,-0.5467624112164357,0,0,0,-2.2219849241780487,1.1806274901261984,-1.1730316723442396,-1.3311981927288,-0.9846678560440948,1,normal
9.673405878016563,1002.6532079875988,141.16949475556686,9,12,522.7523550850555,1201.928621297507,1.200083292693309,1,1,1,-0.5889849729016363,-2.690309071116069,5.5051313185871615,4.249941917545205,1.149464882599491,1,normal
2.8777232810792155,1060.263647735918,305.4759779798688,0,6,2129.547219740132,581.2924713598023,-2.344313239689134,5,2,3,0.1867051433886779,1.026898182055591,-0.7732592730910568,-0.7600135155074499,1.08696426271518,0,scanning
6.2033567149060485,397.6046765387015,1233.5600948663405,9,0,1023.1494578580642,64.35276885943385,-1.629756010017202,0,1,3,-1.8172599821026696,-3.326099437350728,4.096773826917128,0.3562056865875349,1.2846164781566405,0,dos
3.3823280042401698,267.4409706258147,253.05595280810223,6,0,989.0966215633408,903.858520693924,0.0010595447463128,2,1,2,2.00940857176694,2.171195262269228,0.1635816308531839,0.0436185407808413,-1.223104131702133,1,normal
0.1174373666052629,809.3585011534547,329.95319309013337,0,6,1850.6059448200765,307.03583684410626,0.3313880230585262,2,1,5,-1.2801593646294804,3.3517541182812813,-0.9696585905578792,-1.7206698165546266,-0.7988215784516204,1,normal
2.037307760769841,408.41127138960496,990.6537390162268,3,0,51.1562459446252,87.71312735602703,-1.7109255982569986,1,1,0,-1.5777494006384851,0.3757791433688331,1.819314018198604,-2.3775348233572124,0.1255420265156427,0,dos
0.5662469441532616,974.7607497930696,475.9649847726996,12,6,923.9803512954264,1532.6720177489228,-1.1092587638588507,0,0,5,2.980647684994944,-1.9388910779921888,-0.3146638939969942,-2.9758183378050136,0.8143126006000709,0,xss
0.9642990807248966,1735.0495100240105,323.76489126098704,3,3,1415.9550131688068,273.04037296287163,0.7467810705611946,1,0,0,0.586066070618736,-1.7803394159588102,-1.9210063444970624,0.9131904273653422,-0.2890006488657948,0,scanning
4.728716504505685,1836.3015980709856,11.834779125136924,0,3,1876.970298383793,1120.551660308604,-0.6327381960219116,1,0,0,-1.2491679538065814,0.2668583108118092,1.9569353074177045,-0.1160207369172474,-0.8516427902905288,1,normal
6.688487734804829,178.65780963039634,281.5226630128638,3,6,2704.9044057440847,409.605446082894,-5.650339949290316,4,1,5,2.08588131876264,-0.5164768836220872,-2.809900935111932,-2.592112950861988,-0.3829075348606279,1,normal
9.554810015667178,1938.681355468167,546.9475154526975,3,0,1389.7199389041443,1123.3156479591407,-2.770910637245035,1,1,0,-2.116206704987336,1.388945638231778,2.15463223045452,-0.7573428460979794,-1.7171798802580136,0,injection
6.535035735294259,187.56992274891115,540.0921922353757,0,0,257.08866282070267,1343.3586138066682,-0.0591262606128664,1,2,4,0.8320516560705256,-0.2027720197619741,4.827198845531901,1.012149376115084,0.4675488552636541,0,ddos
5.175385973029012,308.96953429937446,164.6671602435223,3,9,299.04134171709626,143.54121932895566,-1.962711406766657,0,1,4,-3.115730159852923,3.173129620498349,0.9806826100640392,0.879464196788881,0.3045835828189537,1,normal
1.2371777901227698,258.04993906346505,358.7462972406067,0,9,363.629182096245,2495.8994606179085,1.6796123045901088,1,2,4,0.1207739199323456,-1.4937334803717484,2.316411057778754,1.247187762436079,-0.4093281918666267,0,password
2.0832944139383742,1973.1137001673,91.43943708098152,3,0,522.188846650424,549.7751229898811,0.1859475617306327,0,1,3,-3.9010752740431,-4.087205655400397,4.96599352912653,1.4178950272185102,0.5740761721000108,0,backdoor
0.4607469086971416,923.7923409025282,94.07269976383334,0,0,1686.7316895497208,1361.9440709290625,0.9701741474554162,1,1,1,0.4170631710978654,1.9518059057986257,-1.928060184466197,3.2184689922248646,0.5889805037962264,1,normal
1.4046627735738575,1222.1875791672096,493.41280311990863,3,12,45.825751260050914,1472.6206208545668,-1.4298382826027822,2,1,0,-4.945875575361363,-0.1989684228526802,4.116452371974631,1.1999378195102934,0.1780599978980756,1,normal
0.8923552214809981,1671.1561527223555,416.12381980236427,0,3,196.85895413803905,765.9804316062464,1.873289029794968,1,0,1,-0.7206299792084128,-4.031847242919824,2.204517811608558,0.8335494513200867,-1.2772239218998078,0,password
0.6059048123575871,1467.0000639521058,519.8227660336701,3,3,474.73756664388,74.31410042055099,-2.9767283016986665,0,0,1,-1.78462037226293,0.5745138557849174,4.262747308808147,-3.06371328484214,1.0408332163367882,0,password
1.0445693320762115,1398.262181950866,224.5101115922852,3,3,2118.521816695103,824.0755148111301,1.0695285617531245,2,1,0,0.2140316982033452,0.1354679030355818,-0.3849233565651152,-4.9245176765485015,0.2812818924854743,0,injection
4.488455144226233,1167.346611069358,146.58619670175676,6,3,288.39152467418944,56.38653218933981,1.8636420321390983,1,1,2,-2.51686309144566,-0.4529239726599001,-1.7054145491223005,-0.9233469950983272,-0.2538482078009929,0,scanning
0.8269700752875122,656.2812092030765,484.9957583095615,15,3,2153.272140043281,143.7101678927111,2.202897065382723,2,1,1,-0.0834316069033178,1.8534534657705573,3.892737890662312,1.6732272580451653,-1.239349559857352,1,normal
9.125205495077129,1246.079885057526,446.47829337857496,3,6,864.6301151911754,1800.5120525580978,-1.6018263486248576,1,0,2,-0.8216167713835325,-2.260848610030372,1.819366144695861,1.6635437861209037,0.5469456266383597,1,normal
4.830439669244843,612.8746395584502,253.6248640941193,0,6,459.5384798663132,1201.2540002611104,2.7930305528829207,1,2,2,-1.1568588848722172,-0.1282531368117234,1.9487617831820443,1.2093866987559063,-1.175986920744196,0,backdoor
8.604827556129642,355.5827233193891,161.81413035389448,3,3,153.40172663792043,367.8511939054915,-2.158179355993522,0,1,2,-1.1868288844088728,0.2780464745652861,2.965308425718164,-1.2374967712402976,-0.6046232274934447,0,dos
1.4653525753462344,157.09392756015862,787.7491034762821,0,6,834.5806770220328,1260.4080815393131,1.545200684654905,0,2,1,0.335436439672671,0.1191643743162425,2.5986777708978868,1.004599741690143,-0.3806753355150492,0,injection
1.2261246484411226,597.6363440733471,330.07305854957457,6,3,883.3331592151653,2137.8030123142594,-0.507602771928956,0,2,5,1.452465270497808,-1.612186126126011,4.365382875515598,2.551296530069915,-1.7170871029901684,1,normal
2.1114572148355064,2224.742041435968,435.7979748530092,3,12,1137.1534788299832,488.07497777037054,2.870286287224899,1,0,4,-1.0627032295910774,1.3738625238678754,0.4880589560517865,0.3081670284272817,0.6035354290613317,1,normal
1.0768706259237104,495.1437466495749,220.7512235891769,3,6,1487.4634970749323,328.8903352985738,-0.6629183912643488,2,2,7,-3.3068136300350472,6.538001877465742,-1.2077837377155685,-0.9435646371263572,0.4113243338086966,1,normal
7.371436392735962,231.0843416462751,622.9857891144098,0,0,1362.8713453802911,1880.2603243204355,-1.657456793389067,1,2,0,2.6726769715502208,2.4894900769918094,1.137212248623799,3.153152665439102,2.349557896140535,1,normal
3.0476152908938934,1904.7752646340136,462.9464117400132,3,3,2146.919053378903,657.5632045898151,-3.5007450874940425,3,0,1,2.3108200939765062,-4.073396426301405,1.1078466701492915,1.5440101232472825,2.429490139012844,0,injection
1.87452958297094,1169.9384174587335,307.4714238167452,0,9,987.6068684846808,783.8463822857173,-0.2803965125801344,0,1,3,-0.9034811346056812,-1.1671160648776004,0.0392130626701192,1.4365009828183588,0.627794924820958,1,normal
1.6634918402419312,1935.8207477718809,233.7956778775953,6,0,421.10188909706,661.2568932195157,0.8954047251695869,3,0,1,-2.157732808899815,1.5404493194992812,1.063819789286523,-1.8686274496280453,0.6232395464952064,0,ddos
0.9103836969788316,1017.0653335646272,529.7606532793606,0,6,3922.5582263190618,631.7340172801688,0.1903233192982809,2,1,2,-1.944286557813618,6.204114220707527,0.6923048050936702,-0.4676831852234631,1.087058230221848,1,normal
2.160831159335512,1254.3461751320026,54.91554926916866,6,0,875.2101066341876,435.4704696608695,1.962323964337992,0,1,2,0.2031615253447154,-0.0433639299809525,-0.5221364385490672,0.2605824194204772,-2.4679355069414184,0,scanning
4.537109095950013,1671.2530630874896,646.9287268412412,0,0,272.21880130321574,519.6664533831879,1.8363837897227904,1,0,0,-1.809030458252334,0.4025886973183921,1.1993760405719447,1.2453030166382637,0.1209701251409829,0,injection
5.118515999278197,769.0168969325193,38.51149941472783,9,3,542.0922962504528,1315.925635733437,1.1899225994462446,1,0,1,-2.80293764656063,-3.1566841097108544,2.2886258154157915,1.9763824393757647,1.4481779685457328,0,xss
11.202751913412644,504.13161041443846,159.13085641225322,3,0,1384.9005902897416,1296.1012974150335,-1.1560590817772762,1,2,5,-2.488725537055693,-3.202148883943175,1.2481659811709145,-2.7318913351458525,1.5832633507192646,0,injection
2.5801152917517065,1409.3046543562511,1.805535003139771,0,3,4604.335815113859,827.2587138257858,-1.968554014008955,2,2,5,-2.5781206206885687,-0.7958884714222361,-3.767337968571837,-1.281244877680671,0.1091343773310061,1,normal
6.938711289733719,344.2422635321806,481.7541698541546,3,0,152.39354093075613,325.92198087281514,-1.4964479413541212,2,2,2,0.2780477818477478,3.157776965126815,1.363667077217354,1.4521003329526774,-0.3371377150456318,1,normal
1.4176340676663035,498.48379822052897,614.533692098287,0,3,2704.7483714020414,1393.781460576555,-0.6811946625630101,1,2,2,-0.9256229618057176,0.9154444756907676,-4.035991784262569,1.1412965559827766,-0.8445533254286922,1,normal
1.2323147612377676,786.991438351054,248.57273916180685,12,3,41.12592494297543,385.7893751249166,0.2225316145939206,2,1,0,0.1413539346529457,0.2930784001351822,-2.617880224926698,-2.6272664599760223,0.6780550682110401,0,xss
0.2504119512322263,1265.4940221057834,706.1037665145982,6,12,48.77210703739077,718.8210224666317,5.046304605070233,2,0,2,-2.534328018100312,-1.1068200219711164,-2.7593639398991776,2.4536253936360444,-3.569288659052871,0,ddos
5.613319663245006,675.1003059024198,338.97583141839795,6,3,98.74401767909583,584.3421686907984,0.666854874950753,1,2,0,1.1800837153090251,0.6993902331341912,-0.4092318064278422,1.696105131103442,-0.6136835364956489,1,normal
4.527564921438968,2626.896257012912,50.07306695830022,3,6,2308.510666916665,1300.6288431718008,-3.087565365778639,0,2,1,-2.4486392544442865,1.608385723564113,1.498521907900915,-2.829072895082998,0.5069233919395306,0,ddos
4.22653343062056,207.08751129298915,586.9556873119308,3,6,890.6496962043514,489.0312477067887,1.109997547577274,1,0,0,-4.551353693699302,1.6762159980623508,0.2050588352657686,0.3353323484773343,0.1864460692171452,1,normal
4.908031273133985,255.18063254146065,1242.9990769976248,6,0,1446.6382900761396,668.2704692318645,-1.2792220999816823,2,2,0,-2.0644483138232133,0.9483346429238616,-0.6158440235998193,1.4276643745048618,-0.5577122059892353,1,normal
5.957954244023921,1379.1440353393891,268.93739510518293,6,0,2392.168662416396,1193.559890240864,0.168323997810815,3,0,0,-0.9458681660663684,-1.7561263281507382,-3.4310474027272564,1.1994070280951263,0.8239450729128178,0,xss
0.0711816436431792,1634.7661561347752,237.82645836409355,9,0,1345.2454501329958,515.8903741096159,-2.025093420331939,0,1,3,-2.029781247163361,0.4456544578512798,1.75127124130704,-0.2704908591384706,-0.3362782317189804,1,normal
11.300182597796196,1482.3384661843982,136.54185313332755,0,9,1157.456409027258,1693.3576986348542,-0.6425558282354366,0,0,3,-2.469052058697069,2.6526684048931206,1.3959295509619951,0.0490077305726293,-1.1823926926845023,0,injection
3.797616241727941,801.3903570008354,365.44134575543023,3,0,289.5071623026688,790.6334404147709,3.422832122410777,1,1,3,1.9039113229844784,0.6917095523131334,0.2126146260593284,1.5017951627410604,-1.5462412712345706,1,normal
7.832963861347476,1080.3655305268594,85.05558611426855,0,15,749.6364221698764,2265.4708004394474,-1.1388496029246575,0,2,0,-5.077046025963919,2.150973846711332,4.159434298021116,-1.7670184607012391,0.2501452286665384,1,normal
7.584888244275624,2071.794080742512,814.6715760615122,6,0,2396.809094676232,250.5647965985496,0.0192267153440617,0,0,3,-1.2359342676424998,-2.1554360779110207,-1.8538452221511537,0.0485921098975379,0.1087694773125783,0,password
0.2596522544698537,900.4263362843121,460.9749428293515,9,9,35.36624494948908,849.3102224362631,3.25882342862086,0,2,0,-1.505414721715875,-2.435216353678471,1.7350773026311086,1.621982012201967,1.016153939982274,0,ddos
6.859654924288271,2767.2503667311857,35.04618653286543,0,0,1485.9989729682525,1593.6827642029857,0.0575860457561436,1,0,0,-4.201645526974087,-1.5163814113751606,1.7850603614095255,1.5300959454124938,-0.2485404028090641,0,ddos
4.519721917155591,1389.41832859543,642.4971873937207,9,0,340.8163000318467,82.63522851253695,1.6079599414411847,0,1,0,-1.900830857069513,0.0926990621595156,-2.565206122196165,-0.607280540074376,-0.0768901623151607,0,password
1.4105991349407312,1867.0096699290075,360.0779593182731,9,0,389.205077799915,1378.419744567765,-1.2451299973881145,1,1,2,-2.0168479545749087,2.849368346629233,0.3123749294750532,-3.04838247548157,0.4580362658992972,0,scanning
6.196753209675093,79.29203443203525,594.0459596714372,9,6,1117.0757603836992,1609.9812267788573,-1.403061895883909,2,2,1,-1.9275325245703352,0.2932981057683186,-0.4782079717845855,-1.795656325169721,-1.4872125285429298,0,scanning
4.816202737148641,1323.101434253573,474.5407252786248,0,3,2511.6057206601163,280.0302445552087,2.0082953226918585,2,0,6,-1.2409631240970236,4.24392002666169,-3.2665974620038343,-2.604921345058039,-0.5946154975103788,1,normal
2.67222740024215,2101.981748015896,509.6967880047594,9,6,3498.554304798793,1124.1264552790356,-3.2665952457763447,0,1,1,0.0610431762059262,0.4324423494824914,-1.1442038738951774,3.641120775416408,-0.3955848755149003,1,normal
1.3914781397079587,176.0018175424014,255.906277455855,0,3,72.95056071058531,1148.241789045362,-0.9996097260845724,1,1,5,0.0941917530553708,3.75358597056696,-0.7964583952051187,1.20960714221578,0.6521003028069422,1,normal
4.126796202530502,17.672766885464707,1350.7770033346442,3,0,465.7939094377566,386.5393163062138,1.632458426100469,1,2,0,-1.1147652851618175,1.4466049476725025,-0.6234187647542861,-2.6491377216624894,0.5942724533138959,1,normal
3.200518341640009,1649.3079448130622,641.7363146920012,9,6,1044.4342636013191,1489.8999987925197,-1.9195034697690887,2,0,0,-3.747022295636192,-1.040449713968299,2.559253415573413,-1.7259689596379828,1.1346815609171828,0,dos
3.587959268104016,292.6366301750663,50.89932436487714,12,9,2714.2505491637544,191.15074812101963,4.509674652140316,0,0,7,2.2890673445256686,2.556876444169016,-1.5010843701824064,-0.1795482863850854,2.7490396518970344,0,dos
9.385446248854311,1168.235903617047,362.1370346013145,9,3,2520.625901606364,19.09422275700004,0.3442387920519962,2,1,2,4.183600978621945,-4.881477195958219,-2.6424177721564965,-2.5612156098484,-0.7119559664269707,0,password
10.767480781973696,832.6484548732695,418.4225321251985,6,0,561.8437590439925,1283.7591637511605,0.3873658703863807,2,1,0,2.0573415432942497,-1.2470738619546706,-0.607249129891893,-1.6236317487879062,0.3980121840598462,0,ddos
1.6511528999555158,3.8198368100020863,261.7103788485742,3,0,1650.3816823672826,850.9813972693573,2.1281600625347847,0,0,3,3.2527407217646047,3.9416428149761726,0.3839710826022483,1.1327071399529651,0.2105200391611599,1,normal
2.4561595268283227,1741.6478628608152,164.2339644968914,3,3,876.1177393569733,933.4827503142265,3.3729194188407208,2,0,2,0.1985843078528877,-4.282614543268057,4.728920065279107,2.225277575597045,0.1656128882316102,0,dos
1.990629246737721,1739.152361107126,309.9266155883699,6,6,506.5527582982704,483.4932090058135,2.184503150711468,3,1,2,-3.156783617039452,1.150983024039539,-0.6902300093337352,3.440151722208146,0.0486598087542746,1,normal
7.825032063900749,928.3503683639896,594.261127694235,9,15,1254.1097506875249,1117.0731558332989,5.103628949493649,0,0,4,0.2212129339647701,1.4484928995070283,-1.349321200161081,0.0044846902780559,-1.797604825305794,0,password
3.17479678593471,1504.5894312168584,720.0485289640782,0,15,820.7953209428322,1827.683939803216,-3.7615282099673335,0,0,1,-2.260438079589977,0.0041061881384694,5.131487919865215,-0.4887717801526078,-1.6252389713142006,1,normal
8.935936596547508,1411.9029949433636,348.5536874433253,6,6,1165.6724297011754,1561.6306422785503,0.1892857430542853,3,0,1,2.876221358531424,-2.824705097944044,-4.809653205149706,-3.9005564512738937,2.134683828596067,0,xss
3.639516933586467,2428.929790561412,490.3399558529595,9,6,337.28739072506545,1621.7099481393998,-6.546937526051613,3,1,5,-1.094804090296013,-0.3871991263438787,-0.1698126376893463,-5.130097638128271,0.4707905146003374,1,normal
3.8647927086857248,913.4272375786132,219.46434020970065,0,0,2894.133329881397,877.3249854912892,4.13857412557696,0,2,1,-0.2408513988681555,1.1342639959809222,-2.4950503760041824,-2.199422149309248,-1.047035073025398,0,xss
2.526793258146149,1870.864487877464,91.26410245476048,3,6,419.662209410296,435.3021931181182,4.252901591725784,0,0,0,-3.0591355411121155,-1.8231116912353464,1.5667660115893836,1.5323031864683605,-0.9858479223252368,0,xss
1.1114707222338482,787.8067725909801,189.96126300925127,3,3,78.48584186724658,338.0984138168267,-0.3660717106239859,1,1,0,1.4822076287437924,-0.3081068716636066,0.9615902527839332,1.4282226541390324,1.168720420791585,1,normal
7.662745844275026,976.02544380516,372.18512981152605,0,6,2354.611785567274,1844.5114743904064,-1.927086567286644,0,2,0,0.2246507315440418,3.408499214219013,-1.4786382986491338,-0.7064651504448156,0.3630967834117008,0,password
0.1889031702200687,281.4990819431471,249.56018322558035,6,3,275.7806801956256,938.5911996000548,-4.165715218679547,1,1,1,1.0549482813322075,-1.327370232850133,2.162627162864193,-3.8576854030159273,-1.3018198185970746,0,password
4.385777847626549,132.37056855446795,521.170374557025,0,9,1662.7748807472997,1422.3556906778383,1.7088420354693048,1,0,2,-3.0735472085533138,3.135848362995752,-0.3486734825379232,-2.4112495309586395,0.5153281801583806,1,normal
1.3384503040021851,83.39662480660492,513.7661889299446,6,12,2539.95345686607,418.7673383127538,1.9679008155347508,0,0,5,-0.3029132985495875,0.4898679393372442,1.100327448815688,3.652996045220568,-1.5020685790393724,1,normal
6.448912216886779,462.7841755562662,142.37076095155055,9,6,982.4379740245806,867.1735107538652,3.543042809096521,3,2,0,0.5590057992831098,1.1982199672972458,1.783852087576764,1.5893637686077329,-1.4034690356809862,1,normal
4.48291562511383,501.8110189722126,146.22945310066717,6,3,1300.0207846974113,700.93681387903,-3.2871917898865552,5,2,4,-0.5482699901199611,0.6792035716219961,-1.6287530028731247,0.5409311016852545,-0.3795218345342416,1,normal
3.215318483344316,821.5990350353561,190.3260390170448,0,9,2251.8610599521057,2117.8431407007865,-3.662486909564616,3,1,2,-0.9951271077396092,3.1077005664895063,1.833958679429453,1.5807632494564583,1.928631487200405,0,ddos
2.6815389361267656,266.9420247130284,505.0664998831301,0,9,643.5654804128753,1226.1728897025012,-0.130151604123031,1,1,2,-2.368353435256234,2.282830316365805,0.9277611230271264,-1.6677385958895854,0.1414249794666129,1,normal
6.537992390133919,930.454477716656,452.05406488135446,6,3,359.35019133380547,870.4226425346895,-0.3856153602717816,2,0,2,0.527171805563607,2.105576914896532,-0.0077745723128654,-2.4439013079123675,0.7176520918027657,0,scanning
5.72853202801438,60.673485006608296,206.49300063545303,0,3,1002.2603287259392,246.1057164786405,-0.914405943424274,1,0,4,-1.2104347198828238,1.755478292940413,-0.0622279807878605,-0.7676127325338384,-0.4670544204355224,1,normal
3.3741843251647423,530.137115995194,108.96019491302772,0,3,821.8436694349053,1069.199234127147,1.852146735587873,0,2,1,-0.8021352865050269,-1.31429961530142,-2.128663140870327,1.1216198590199007,0.6146837838470084,0,xss
2.722733689497713,1391.3802289961263,404.368979029824,0,6,2891.538040807922,473.1529586130681,1.8521426210867176,2,0,7,-1.1503575204738792,4.676037108933092,-3.402405766449472,-2.9693190383153687,0.4494545286496032,1,normal
2.2183923151973945,1120.519279388574,779.4741583839167,0,12,3249.5445123358736,59.06353219421053,3.549339831433696,2,0,3,0.1094207064354753,1.936758592999488,1.6832408924294675,-0.9856467937249728,1.0608214611665312,0,injection
8.342459197176963,45.01834381241432,741.3032637867069,0,12,620.1130095016665,495.5976813748361,0.1767144947009378,1,1,3,-5.832077876444176,1.4672588389708394,0.2909363246058315,0.3305423009330734,0.9976947311991682,1,normal
2.073567465574962,671.1456094123732,40.27196388189985,9,6,2566.375658120145,1802.76551710252,3.171885907032741,1,2,2,3.588728974718343,3.862865476582,1.2105575419504195,-1.7435623525463322,-1.0742718336107262,1,normal
0.9112657887235662,1121.8212340057794,29.58847389546872,0,9,1916.10018742462,1555.396442927098,-3.8143024922739377,3,1,2,-0.9389055637343182,4.2459067722993895,1.8328295505782508,0.2422774579805895,-0.7126871384333664,0,password
2.7035032091178928,624.391908121632,352.5604065286515,0,9,467.3832588998772,819.9743039629301,-3.9283067896299215,1,0,3,1.1322383022906717,0.3686295461892442,2.3698829544466538,-0.9211155783956376,0.8574826544501646,0,password
1.1717311849419951,1908.028208822407,52.07475994266248,0,12,1471.3049271088726,1407.1589211285266,-1.70098031322193,1,0,5,-2.599806627641751,-2.952424209056777,4.4142865648463685,0.5000002544519998,0.989592817555854,0,password
0.3835840035213789,730.0467549115814,7.8730562850321055,0,0,850.0521650645995,279.0465074599816,0.2368283707825025,0,0,1,-1.3572270251714795,0.370692987639075,2.82247923835702,2.138544458036345,-0.205258206889373,0,dos
6.8199348805924345,198.16369439139407,170.11016850535475,0,6,3366.1832721041164,1024.4647709682497,-4.401912187770361,1,0,3,1.3164675946865894,1.4133832711166212,0.0401080380905414,0.3737527855798903,-1.342696759816013,0,scanning
5.550119497444845,278.835925403605,215.07783495863453,3,0,486.72434855648135,181.52340747449247,2.8252090750772743,0,0,0,0.890229684140764,-0.7950869678988428,0.3709874507582658,1.2359111808603112,0.5820073250553226,0,backdoor
1.2694383243899685,259.24483252361955,406.58064319552096,0,3,1296.570082681206,1074.988672192872,-1.922995593478811,2,0,0,-1.1676856247978793,-2.199403738859537,1.0621502037028987,0.5628600493110902,-0.8179595003374722,0,backdoor
7.794991280688484,1422.0908392654385,93.83418999190026,6,0,1205.5042390282354,2088.007025277307,2.1600870332017155,0,0,2,1.5716523332876091,-0.6568331923237958,-1.2708669626636713,-1.3525209406389511,-1.2170710241281626,0,xss
4.480680126713739,417.8736055549393,531.1205495462091,3,6,1333.2892622969314,134.73076597464606,-2.084677326334248,1,2,2,2.112424447744819,-0.2516177432240993,0.3845458031193867,2.2285216051768906,1.182376497145602,1,normal
2.512218773763204,1826.5479871844047,17.803274383876456,3,0,2435.152478186567,85.7997236994749,-3.504903226433977,0,1,3,-1.913395905476549,-1.5537435103358417,2.1090129945506373,0.2739659783930046,0.2432649281387721,1,normal
0.3937066149507411,2404.2336299546128,436.1318822751484,3,0,3919.350037591366,789.6784566703378,-4.252161890121252,0,0,6,-0.3295105439357911,-4.806905148243038,3.02378947558946,0.0250677153235125,0.2212002075005402,1,normal
0.2132230940882299,213.9440133880376,69.22815348456345,3,0,2016.2150327525635,143.12432943998292,-3.108255974843848,3,0,0,-1.7058477191323598,0.0229516084494367,-1.6976750156306557,-1.774954872348215,-0.1347555829466861,1,normal
0.9248742247321482,48.59040846120111,332.07429397663617,0,15,270.97533521907013,23.83992101433492,-2.149530397622185,1,2,7,-2.663230063060044,1.6581387896414683,1.758765406380845,2.1540313341798383,0.1416891536879993,1,normal
7.522413293451678,1484.3165232223052,0.3951243093014392,0,6,1675.440136264591,15.312386715593735,-4.575703294218589,0,1,5,1.1373047603546045,-0.8057985870039419,-2.6176572757083223,-2.2913623193210526,0.3226138475137357,1,normal
1.2843298274704316,870.8075753090053,288.4219922639379,3,0,195.005463221996,1205.9751475562566,1.432592612467589,1,2,1,-1.495028931636201,2.509468851302596,-1.818968583674028,0.8523771284920059,-0.8406071312651276,1,normal
6.27067578045706,358.21654311149854,752.1758863749355,9,3,2565.813259372919,1461.534596170357,-0.7503964309344184,0,0,1,-1.549977581035641,4.326959832242225,2.035123988594888,-3.00289319063347,0.0650556792986193,1,normal
1.705337291995654,797.3332325763633,12.221151743429068,0,0,2568.261388128415,447.7629396774625,1.1177120989955764,0,0,2,2.338881581663392,3.1732722879646182,2.354018763526674,0.5103833711829372,1.040431495117751,1,normal
1.4172375422916426,1553.6680213119616,127.30627033590974,9,6,1604.13391780121,535.0879739181885,6.222064276888032,0,0,3,-2.3115733327902817,-0.4460300839247394,-2.190445966292268,0.7239837161026201,1.8068056335878944,0,password
2.011111925854673,802.9836541624795,372.6597652594664,9,3,1694.8965570889975,379.8684189152477,2.282924029146763,2,2,0,-0.7074142440925715,2.0820311258181627,2.498754183165534,1.0311576386153476,0.1161648647726382,1,normal
9.058429720154402,664.5567915910773,3.802231729382581,0,0,354.2487139516236,1981.5905352064208,2.6883320568283784,1,0,4,4.334190896797369,2.3672911502919685,0.0362789104375864,0.0752633116683691,-1.2487443513533083,1,normal
6.619470405069121,9.164158394740053,606.8315484752733,3,12,1070.7157876608728,296.8926991643941,0.6868315387604871,1,0,4,-3.526330684952224,3.7444801453541823,1.2199214106491965,-4.09005731004047,-0.2826480221152039,0,xss
1.8182509732906007,101.88009868012654,81.9783307953788,9,9,512.5755234629129,784.9376121193518,-0.9687609706145824,0,0,3,1.032930498318816,-2.09524324692355,2.502951163149325,4.949156792197627,2.0380122894847545,1,normal
4.146906221363466,465.6348892830296,997.0590701366272,12,12,344.52907937599025,38.96642065509252,0.4150042039974884,3,1,1,-0.4725204846614879,-1.905735866245988,1.689425764993341,3.5705727496647057,0.303219791681136,1,normal
0.8927114821233193,300.0783819114732,307.9373382374307,0,6,728.3237279053226,199.8128016695736,-1.1030820405473714,2,2,4,-1.7409863157098018,2.9749864825225765,2.1683840482852954,0.0705466425888052,-0.0966728405305872,1,normal
4.118083186265642,721.4720614023566,645.1922608701707,6,12,310.03782810317193,14.265834839738678,-2.8947410750061664,2,1,7,0.2309229355772231,-0.3957956052708893,0.1882741154471814,1.5447586884577444,-1.5007719537893511,1,normal
1.7430587684031316,622.3283070210438,674.7562318277545,3,6,163.1889355662307,27.81564834682122,-1.4151500927016931,2,1,4,0.7511598434470816,-0.1094411619307043,-1.1972860219171373,-0.7420780202096144,-0.7414952411424243,1,normal
3.5078904507321207,1237.903279798672,260.4653417056338,3,6,850.5071755669601,1057.5338781748428,3.54462758223928,1,0,3,-2.3080558467428567,-0.2664526034744994,-2.686097648723793,2.8638831382672425,-0.0782115765269512,0,backdoor
11.109654383297832,365.8563898454536,525.9713841184545,6,0,468.5551728802493,1039.338364074911,0.9758406278208748,1,2,2,-2.0210417852500315,5.173823291451929,1.100898763064529,2.9246099440490143,-2.980453879996989,1,normal
1.1837017128906475,453.2201226795375,334.39752896748485,12,9,636.0547741969085,1089.207493507652,-0.5165621752488987,3,0,3,0.9269188996075486,0.7874583671071447,1.1396835043548623,3.2354865907134123,0.939070686663757,1,normal
7.155762739227996,1207.692597531515,69.20840354330007,3,6,144.03260591024656,567.1103683891791,-1.9273528871528407,0,0,0,-4.016351674749036,3.1606616100643725,2.5226503650431145,-0.7831393567256919,2.559532625199167,1,normal
1.0284954045133403,1521.8513194390368,359.7947011290445,6,0,1868.8860086670109,383.4211940302318,-4.922247729352219,1,2,0,-0.4303111880755303,1.826675407141372,1.9555891702578143,-0.817512853416079,0.0294083514409592,1,normal
4.83158266790297,502.4254307172217,1266.2015129347396,3,0,554.511005279226,306.0668010251825,1.3002637184484178,1,2,0,1.288061186797972,3.3085485826555106,2.366662769321369,1.686016883699598,0.944586815307436,1,normal
7.072606596153472,370.2564419746221,512.0897092467147,15,6,3123.0864585246254,1837.1246628014444,-0.1262207146503333,0,2,0,-0.4993525682063175,3.896464557944374,3.6294999443292486,2.567806042430308,-0.2769000776930804,1,normal
2.53298733433814,210.27280859799004,209.89181637622423,0,3,1016.5610495278802,590.0101292654152,3.061535456350062,0,1,0,1.1468843343010522,0.5139815388927627,-0.7385432933769591,0.2589225384173581,-1.6063209982209912,0,ddos
1.9712945106826527,265.29614651588463,149.69717751443946,3,6,239.9304510439297,431.1673224058356,0.7736241743409583,2,1,0,-0.0056318745824399,-1.2399570957142838,1.774856730906086,2.7876302292394195,0.6726054417978066,1,normal
2.280712689621487,346.1324809955284,1026.6604007572485,3,15,1574.8448169023775,322.926818026492,-1.0164489382734776,0,1,0,-5.005340813220078,5.312545373522768,-0.7207995654015871,0.4878976515260471,0.1589508153741364,1,normal
0.2170389350087112,143.12828839731762,372.37561075572233,15,9,1848.95739192544,1019.9290112970294,-0.6110610548022328,1,2,3,-0.1604219923524426,-0.0571337910532785,2.5231238493590924,3.172775336824164,-2.2971852978520406,1,normal
1.1093239454334398,1522.209976571646,672.9655468121597,6,3,550.2961100272611,797.4687652707993,-3.894535778000714,1,2,0,-0.9213904927236916,0.8743831513904199,3.3254264865706897,-1.3588402382314408,-0.3822282148710343,1,normal
8.563703776240793,424.49136544687815,202.7323920108764,0,3,1122.7921669619625,609.8158549421665,3.0730474887314987,1,1,1,3.99394502973196,2.3717555749581622,-0.0543363552660882,1.2224391105396957,0.6824224385207388,1,normal
2.7523142865334416,835.0599274369569,259.52979791332746,0,3,272.79829382563844,279.1557357536479,-1.2009714036740151,3,2,3,-0.0139377772302669,0.5326861066985265,-0.6095552970225152,0.469696790003735,-1.2723879381877583,1,normal
8.07241060777153,1796.51045562449,817.5158260740451,0,3,4231.8104765860735,1795.4886158992856,1.5739686559472943,1,0,2,-2.857312991530181,2.454598256021025,5.160679040774356,-6.097731780943899,2.7537872037957736,0,xss
5.1775318503627705,130.55565947640662,466.2614013168098,3,6,66.54220631532107,18.301056449933107,-3.4886966900195047,1,0,1,0.5582997242396377,1.346962464915448,2.027385338386035,-3.4981399844764125,-1.031291320793989,0,password
4.512220610606265,289.13408229632046,112.64603742080564,3,3,670.7658473527259,288.6002310109813,-0.8114215529650339,0,1,1,-2.084141676068719,1.1016748011724655,-1.6505838571888083,-0.67530779078448,0.266774471497338,1,normal
6.765122562725708,1313.9463847133452,379.1852644250733,6,3,3293.180044502901,2429.2173712940084,-0.4271627905363707,1,2,4,-1.735619416252378,1.6200835221177805,-4.734445366993039,0.8201587013127507,0.6465275732644361,1,normal
6.771077587974069,1169.2642052417889,197.8917666787361,6,9,87.39007679501731,892.9077702136528,2.1453694836457062,2,2,1,2.289488883043065,-0.6769783121320727,-1.8056138500662635,1.5650674469867352,-0.8382318694013234,1,normal
3.673460842696816,907.769065032654,648.4247236026227,6,0,119.89931357389618,1580.322408917374,3.0166240400356106,2,1,1,-3.795318975192737,0.3485660871619154,1.0562206333287594,3.546389048259792,0.2174501168024825,0,scanning
7.852753648581458,916.0643223715152,300.1214106243661,0,0,2264.5058348460343,1623.3856297720872,-0.2877485292585969,0,0,1,0.8488058993902519,0.4879758144218672,-1.4812983090999614,3.930007633184698,-0.2025547113015354,1,normal
1.1187638158904714,316.321800525728,600.0761702317366,3,6,878.5321592850958,718.4049247370639,-0.9380645493429016,1,0,4,0.0118745207414221,0.5078871811438181,-1.2544794492787812,2.5089628014055982,-0.2492678796471217,1,normal
10.168040117356869,166.33147738112942,296.8301577269294,12,3,647.6368866067371,183.98740855919,0.8767490191547556,2,0,0,-0.7831670249301188,-1.050463281131009,4.467239396934191,3.165066957366838,-0.849214856596935,1,normal
6.212217101826795,823.7116785318549,110.39708138925512,0,3,137.1033190136004,1687.973170362496,-0.874604210138282,1,0,7,-0.1757388481069997,4.589211421693311,-0.4897836970348019,1.9455810378823373,-1.896425787734623,1,normal
1.0757654221115922,2953.2338191220774,603.2832306820214,6,9,168.3204168611096,2388.3516011648653,-0.7124530743363,1,0,0,-0.5497342157499223,-2.7659020369133263,-2.8853287299614854,-0.7609527278469728,-0.4025778403651211,1,normal
0.1492841451438819,558.1360793069268,176.1069826970021,9,9,1039.3718283577375,383.51171608028034,-0.8333456377976456,3,1,6,-0.0052934349220126,3.3979111160564006,-1.840026825787604,-0.5844641357062266,-1.617263269565979,1,normal
2.945089348054192,0.295781531999939,214.3636731353256,0,0,237.7490849720227,32.97839623735218,-0.1201420471522398,2,0,2,-1.126398361918677,3.9104377379290014,-0.9312491379668038,-2.0515456489862687,-0.8603743957208144,1,normal
5.02528350540921,535.8522015590667,567.1810636600948,0,0,1200.0453755352892,690.6932081727017,-1.2916200347473177,2,0,1,-1.47524228752217,1.888456070959459,-1.7555551881856055,-0.2353762059251638,-0.1358913518777329,1,normal
3.2476832158067297,229.98762580860785,137.09653765305265,9,3,189.47869211493435,261.8449497578053,-0.2784670986156841,0,0,0,2.0640238738055854,-1.6106645112603122,-1.7099580857957857,-0.3193803942997257,-0.5014942797731704,0,password
5.146989545458801,1117.2677026200072,179.84326014981755,0,0,2090.059220396164,159.37366489082646,2.0855752333191937,3,0,4,0.610426782775862,1.3048646300042226,-2.457909821975408,-2.5133384129700715,0.7825124937946374,1,normal
0.1793179245175927,1120.66466948166,93.6914319786246,9,6,932.7594589395558,801.7905389478079,-3.1923630340691496,0,0,0,-1.347777373665063,-0.1681291521669217,1.1422737283734994,0.2333012757546122,-1.6833017517567603,1,normal
2.316364154050619,822.5570955996739,338.8694105950118,0,0,1282.2197135795022,393.802032925945,-2.596614446269112,0,0,0,0.6535738357316272,0.4721363716618466,0.1470264972841364,-0.2437718397994211,0.392318279417419,0,scanning
0.9836949492775104,785.617825445903,331.12393869890604,0,3,285.03318862113025,32.435946018645524,2.4167060270100755,0,2,0,3.510496572173751,2.230806196558049,-0.3825134235065117,1.051389082731527,0.1764281878055377,1,normal
0.9758774515658885,2860.361963267119,913.6987736813562,9,0,4824.079109400412,1020.7201301654562,-2.6666054248624382,2,0,1,-0.0362885108642287,-3.927225538160213,-2.6267793088788363,1.5078097300721536,0.1978680262203357,0,password
0.0610352509861915,133.764597944562,233.1096299446626,0,0,3709.355021999747,897.5471945040191,2.043368543536094,3,1,6,4.069621221536238,4.543737320378551,3.5824479032641667,2.3715634393157616,0.5242141821536022,1,normal
4.650910706067598,160.6125069051714,27.86653767979701,12,9,2119.148884012571,1334.4869046308909,0.0706906555334101,1,1,0,0.9062105034756108,2.814054333270943,2.2801254751702658,3.0187547603105416,1.6234900974173831,1,normal
2.7609024017458976,1638.0306618374473,208.14323869379265,9,6,2057.9954685907805,2609.0811985288733,-3.629637959257029,0,1,7,0.7071367671243121,2.449156245618444,0.0926055629699256,2.6001978032400155,0.3871761283123849,0,dos
10.091295166908276,1362.436770023141,876.2923199320527,12,15,1719.21848219532,1492.161378031571,2.155117529268842,1,0,3,0.2788883561703394,-0.4316729399025923,4.513346495721071,0.4028303365460324,0.6767257534590271,0,scanning
0.3478989985719841,2411.048730839881,735.4089794139875,3,0,5514.599714373166,3197.097871705758,-5.273753374550721,1,2,2,-0.0853298495483985,3.5934549461216383,-3.2496051481746777,0.1554990788076611,-0.7825705529323449,1,normal
3.6488195314808456,525.9492861666491,291.2765887764274,6,0,1527.7405336169102,810.8508088870311,-0.4558640911788941,1,0,1,-0.8706360008860352,2.822216552256407,0.5047705778164736,-2.95546038621092,1.9095204085590751,1,normal
5.086146380121756,884.8778851768446,130.67538065055354,9,12,556.8197285291012,174.75598347726114,0.6132263765317734,1,1,3,-1.6648550096271413,-0.3950222298940644,1.524290066017685,2.9591332535930386,1.657596087177912,1,normal
3.642308491789101,197.91956192129769,706.1003001287877,6,12,2165.5123101202457,884.5149239879827,-0.663884952566995,0,0,5,-3.297918373319983,3.5618266291818754,-0.0061231006527231,-0.7559097366940861,0.4614180593577929,1,normal
2.1033719421428616,1502.1538042154182,576.0421626088064,3,9,408.371979570668,1113.096427269931,-3.9545931408137696,0,0,0,-3.739127376126928,2.517876565253834,3.802661957492613,-1.286858843821597,-0.6701850170991456,1,normal
0.7225056796783922,135.24342054575067,126.28885465555447,3,0,1083.6831662562288,1394.7394569109474,1.964270530976468,1,0,1,-0.7043875390293305,1.1431322766075598,-0.2931556595642188,-1.7907625643905127,-1.0056112268261852,0,xss
6.363342919533004,109.3415151495908,234.79517913977983,3,0,321.0339983874282,220.95840563934783,0.7787829382447111,2,0,1,2.505347286637395,3.747726665762406,-1.3316838785365837,-0.0452279663008374,-0.6986111390045568,1,normal
2.209986135482017,627.1362386605524,713.503584150748,6,0,1763.7691233663456,937.6157424662312,-3.1796582845028896,5,1,2,-0.6079330972415401,2.1306914814218048,-1.2925727017827555,0.4177306397780616,-1.3325780203082336,1,normal
4.024195281786449,726.4608119839513,160.4470412454685,3,6,2523.656909903857,668.7550552101127,-3.0695070486500824,3,2,3,-1.789425700053858,0.6946073481487913,-2.705676404395782,-0.2581317483230583,0.7177178927545158,1,normal
5.976739491456932,197.5924385516119,1124.8512331998647,3,3,945.943791664619,564.8451364055413,0.3195917512815893,3,2,0,-1.909600445767593,1.7403124960953966,3.3589572303236777,0.9963915057925128,1.0270241658202934,1,normal
5.693050850674565,1195.997415475789,806.1541582890865,6,6,10.175211220133844,1046.3868802941552,-2.0474935880311,1,1,4,-1.8162834270763089,2.68217388289548,-0.459489868826795,1.201485695342544,0.2305711603095052,1,normal
5.264411262391045,1331.8266361161138,26.44629493959991,3,0,3494.064140896206,1683.0262448331548,-3.1928569658995807,1,0,1,-1.56269561111837,2.2215551314092483,-2.642194400590058,0.594978469463639,0.658154997389574,1,normal
1.5504572496829574,994.2426174891176,635.3918818952036,6,0,3378.3026262134244,1251.0797361613118,-0.0934647195189433,0,1,1,-0.6780807369244559,-0.6432338971977865,3.2867570119602574,-3.1984506544832985,0.2952281207862486,0,dos
6.364485714508934,890.6129970252827,979.1745051835172,0,0,2009.6971026399733,88.79652081489932,-2.0197758327825195,0,2,2,-0.0134572165079105,-2.2728739378431744,-0.187325257198295,0.3317864708985943,1.1215381895696173,0,scanning
6.785463380756777,1173.248511110244,1300.1348812259575,0,9,1150.9255694600154,1653.971685996451,0.3556402816324362,0,1,2,-1.487612588585087,2.967807776871884,0.0313354019898153,-0.2159519623788247,-0.0270487107783015,0,password
4.473512693125363,472.6325329913745,68.67396958675423,0,12,32.50086470298893,303.1696754437965,-2.694988278876708,1,0,4,-2.850652314922866,2.188789511435382,2.067066956599418,0.3030944667232116,-0.8388824698804086,1,normal
7.773394191710778,681.4998565766288,543.230837397728,9,15,770.0664809381348,804.3446944119223,2.723189647366414,5,2,0,-1.9950433686867184,-1.2603501237863683,0.8867847637570541,3.102348019681008,0.9191136209197184,1,normal
2.106356956877289,645.0865365938942,468.4240514813489,0,15,583.056811725653,407.16532554521336,0.9946204008069108,1,2,5,-1.6866448837767822,3.038194222899709,-0.9028697691780664,-4.141657945436907,0.5827400139809904,0,injection
4.981535702050141,871.4449640741035,551.5374098892961,3,0,793.6391671402662,1071.4968741705982,-0.3532844960600374,3,1,2,0.0866879994042237,0.8957967880119861,-0.4640337136820742,-0.1960137868788023,0.8844316039873414,1,normal
8.3891928439188,657.2099003691939,253.07731675736807,9,0,1552.0429583796288,771.1097840046018,-0.5529413270034893,0,1,1,-1.6542687752429894,0.6466516068853606,2.291194750489365,-0.1175811563843027,-2.073637914662357,0,backdoor
2.979165938148811,1143.3863691912993,551.4263830822135,0,0,3319.7819293101006,2124.161394510139,-3.751013839585773,3,2,4,0.7229461692440367,1.2266962856493242,-2.46549697715158,1.7514736021445847,-0.2159389899586851,1,normal
5.667488887914953,1128.627807583508,241.6950033042465,3,0,1051.1243153658552,1185.6597077468764,-0.5262374405097707,3,0,1,2.4393344353130377,-3.5323199105060183,-2.0762378078064767,-3.7166641647250698,1.206165391968239,0,scanning
4.978323513754019,778.9591731963835,469.35392569965,3,0,2321.0136880182,1107.827041444404,0.6046793091826893,1,1,1,0.3889880295099026,0.6548223197178522,5.976851107786911,1.928874490880879,-0.6287994300472554,1,normal
1.3594209329951048,466.42586989675306,92.44156484943214,6,3,2329.097984162765,852.4146221519619,1.8834943777959736,0,0,0,0.3880218001100849,0.2270842954239604,0.0872312103729222,-1.4546028659927512,0.5799136965580013,0,ddos
1.1943267476373642,125.26385519934712,202.70641431670924,0,0,124.79959798267204,474.0229894373656,-0.1765614011598579,0,1,2,0.7127931664878704,-0.2286126165477966,1.4741328860160188,0.1355780539708326,-0.571137949747607,0,ddos
5.442547802065668,1054.4162657728168,1223.5214099238428,6,6,1659.043434165868,642.2073808336493,-0.5832561887878966,1,2,2,0.6155344879410416,-2.44205828861168,-1.3823932114807929,0.352219973985082,-1.812826642216844,0,injection
3.3925499757230444,363.619220494092,606.0742419514273,0,6,1986.1113192763585,978.1292753007012,-0.7896413339004853,0,1,1,-1.6817623125964367,-3.0362530091908546,-2.5602573164661235,-1.0040920641415776,-0.95140839281987,1,normal
2.64267321472062,655.6187717536639,1.8256674570560107,9,3,500.06112816015695,255.86551181708987,2.8466764271971066,1,1,0,1.62969921209889,0.477748129688532,-0.3260580749013129,1.7574293120549842,-0.0671047022761302,1,normal
0.077803451302107,1352.834026478624,342.21483278683337,3,3,197.5952690404004,236.67470455133693,-2.7418168515607046,0,2,4,-1.0464094958045915,0.3216887601155449,-1.172765204063522,-0.9044015957162496,0.1109046078343605,1,normal
5.659547644220147,611.4234741302764,119.78191278918628,3,3,3763.9430061447774,437.7142600322156,1.7898126914588648,1,0,5,1.1651704428138667,3.5135512173895043,4.168761744355906,2.3468465219070564,0.6032407984179682,1,normal
4.001868119464947,1838.365991174615,250.40509443489623,6,3,3520.189095074882,1174.2847326438296,-5.91176421614326,0,0,0,-2.629358534976158,0.9019336065069768,1.7103840868874678,1.676704661267063,1.6867270634601816,1,normal
3.448279055470514,4.155217088242402,83.40372234106364,3,3,1452.3387715985996,1748.1352365608354,1.3193409918467502,1,2,1,-0.8404887729750838,2.3819936675702467,-1.487694308288442,-4.251418142923687,-1.2446870155581684,1,normal
4.366975094100841,660.1569314525605,251.95724926886777,9,6,927.8436186433188,796.5769852661109,1.005855007930187,3,1,1,0.4325802520873284,1.0786766589745955,-0.4433249967512689,2.1326792509806816,0.7084483812334805,1,normal
6.991037211994705,1758.1661494034552,370.1719485368748,3,6,2083.5716301206726,1165.095095798544,-2.0541330333266408,0,2,3,-1.7684793517502393,-2.3322598189039345,3.996904278469474,-0.1925047563333748,-0.3704212875693029,1,normal
6.848544580830831,250.9861391230337,411.4448535760305,15,3,1379.706610711816,564.9501799320025,1.8863952266589188,3,2,0,-0.3851642026000488,1.9298728509455447,5.237886684310287,2.776642214056474,-0.1303895355087596,1,normal
5.85535534159999,1277.0358432387932,365.38220601777306,9,3,440.7623671684452,1639.2908689277813,-4.828703107632889,1,0,3,-0.9196912023328891,6.224418804534207,3.644719922608158,0.3065499248963255,1.2476078795321437,1,normal
0.914696795036262,992.5950431170584,250.2078180966209,3,3,2110.7624544484133,278.0002195873003,0.1164409021370447,0,1,1,-1.9979520614672583,-1.0572393784338383,3.6157513155782137,1.7849370505014437,0.9988870028543472,1,normal
1.4172124003310949,464.444009126038,338.2958376453156,3,0,393.7938203782737,1453.3837654169515,-3.1477515018998865,2,0,3,-0.6154576529200847,2.618509683294431,0.4459155555049879,0.7555887539911821,1.6578979316732498,1,normal
1.3415967069471326,1156.4716980741182,1001.7919228331948,0,0,1772.7650610481262,2092.1790880639105,0.4300584698034129,0,0,0,-3.2853777372553585,2.5682919341300314,-2.046949244872807,2.2476446294343484,0.7006649569481538,1,normal
8.151841409631325,605.5531405268343,596.9751452467841,0,0,1335.5292022006124,955.4130188487572,-0.251266263021397,2,1,0,0.81561810573227,1.353402678669977,2.133226108639209,-2.943779134589347,0.6435267176302144,1,normal
2.117712767975669,949.2685749235776,54.85848357843887,3,6,1268.7708522848272,1133.867088281548,-0.6064724756871854,5,1,1,-0.2284740913982597,2.727725366852984,-0.9918684862634582,0.502901533462399,-0.6720248395325297,1,normal
5.121117959456556,9.26043750052241,267.81955283747493,6,0,3639.097341718466,834.0039748261707,-1.0145166592688686,0,1,6,-3.964273933264854,-1.5185686703644992,-0.0835863350053034,1.3398658499493423,0.0791805325111991,0,scanning
3.0909227634803966,1156.310961332589,857.6290634716335,3,3,409.69405284606273,2009.2134428445345,0.1135746770436922,1,0,6,-0.950557590971884,3.152881089628956,-0.7370657733701139,4.336871103216418,-0.413100669637763,1,normal
6.178557781409781,762.6735039583297,37.11166711614444,9,0,794.9756657502904,1829.677813918952,2.6094430812092337,0,0,0,-2.2655973694515,-0.8707989653721238,0.7963084650385082,2.9712543845306607,-0.7358642955562563,0,password
5.444266857285129,2837.8094719635146,574.1626673543666,6,0,969.656149136973,1139.5517563033145,1.1207937973989968,1,2,0,-2.540886173772188,-0.5220355956713422,4.399130995829582,3.05241501799717,-0.7850316492242061,0,dos
3.872685249224065,1181.249787020417,107.98801814640404,3,6,259.57171881553245,1124.8486779463256,-0.1710496363371778,3,1,0,1.0665521259165414,-0.2634102025283231,-0.6840993987045514,0.3358923895020863,1.2093255549207031,1,normal
4.187894819774822,244.0571238946153,630.3703636668407,9,21,2228.4436579356866,1179.4538630222237,2.105579244629016,1,1,6,-3.0083632907492923,2.999766750091412,3.6659127423483167,1.6044525294226488,0.6426444651527037,0,backdoor
1.0839166396890343,70.5665900154423,222.6859595566156,3,9,582.1385504252194,383.65895099928775,2.399909986907,2,2,2,0.3825248109870849,-0.988980419138988,1.9311724819181573,2.899355235776273,-0.3530246190139376,0,scanning
1.575394806459469,501.9823277329053,179.02347276743566,0,6,404.3403749822393,711.1373070299733,-3.6369358181091895,2,1,4,-1.328371129630506,1.6345621066416314,1.7444523083270318,0.9249057268493768,0.279182679568104,1,normal
1.9986419488054885,266.16854045185033,311.1161050712625,0,0,2282.4417327065694,817.2052323246401,0.7857939918293927,0,1,0,0.0435682679115136,-0.3044800824549509,6.943543608088554,2.834853879272676,-1.3496369092359874,1,normal
2.881922707833107,1035.9310074762368,372.7377290128728,6,0,1955.9722148548983,327.5842085664394,-1.2721460200453585,0,0,1,-2.34216010162688,-0.0314165893034175,-1.2093090284485224,0.6920902730369608,0.0883156095942324,1,normal
2.3739390341490085,660.9211479903666,1079.3710201790057,9,0,170.69340678498156,424.7922443184402,0.2850111286767964,1,0,0,-5.264100800133486,0.9391168395847408,-2.3364696750901057,-1.7693471717477898,0.6415609581314817,1,normal
1.7729405903572295,588.0001522857115,423.5459697264474,15,0,1897.4015996054284,1087.25500739834,2.750374456506175,0,2,0,-3.325696626010961,2.552682157669764,-0.3390218545350247,0.308778919362384,-1.0990877168787998,0,password
3.3731117875898,455.9955784696281,636.2193913548407,0,0,2325.222109568522,2489.964364679808,-0.3234119279927692,3,1,4,-3.9315384625886978,0.518253217502542,-3.486509958703724,2.41330957157728,-0.9962819230697356,0,ddos
4.997132334488546,212.0786566132508,253.06904210325527,6,9,108.02140815177196,286.07253184823907,-1.7970713838486403,1,2,3,-0.8176313814641766,-0.8745381259497831,2.5536519643120856,0.3553685926680305,-2.0102368339420766,1,normal
0.9170813976360124,778.6947704036853,223.2808525366624,3,6,1211.0648363039058,852.0470652761123,-3.090813131518529,0,2,4,-2.951360496225841,-0.6135571966007227,2.998172651613129,2.1467616225014723,0.8311503368517028,1,normal
3.909629782037462,408.5199163416955,330.4619950640506,0,12,175.08041190955555,1426.7985921527882,0.5749325749337606,2,1,1,-1.8787057006485368,-3.3053944583913912,2.103464354235192,2.7778100416566494,0.3489842897806842,1,normal
2.561121961585763,683.1322118158942,71.30157383261512,15,0,15.035551820251316,599.6497206135685,-1.9934395952499475,5,0,4,-3.035823945604812,1.4515208725067352,-1.193155259375006,1.287016526296466,0.2659521010901959,1,normal
3.678013018780246,1894.3911131208752,114.77490657303348,6,0,4316.585873110994,547.1660255931739,-1.1370800388314757,4,1,0,3.687693202461268,-6.11237657050514,-5.19152120223395,-2.775179195686364,0.9426094948752662,0,ddos
2.471270936596381,847.9073084507028,899.8303282310469,3,0,3434.9040568689857,2659.4024171737533,-2.255429547231052,3,1,3,-0.8614175076012384,2.3414877355340207,-2.976210111240719,1.2584108093203932,-1.707650327226022,1,normal
3.6279157633235655,2066.482537538751,546.6101749008712,0,3,1845.4104502597863,2829.846674768675,4.243945700985245,0,2,4,-0.2014821313387329,-2.0380827136878645,1.404505033112686,-0.1964896905111903,-0.5959855730721537,1,normal
2.501317827149686,860.4091303551484,340.25265447944264,3,6,1767.249478414685,228.4408548438097,0.1291048747314056,2,0,6,-0.913975023931392,2.9171622074361903,-1.3608938244534834,-1.404604573154678,1.001292029561485,1,normal
1.4755643510839345,457.1622394466081,333.374905719525,6,3,2483.3433135586647,2089.179064172916,2.4732415148820364,1,0,3,0.8197149802105217,-2.164096161501906,6.05024877915647,0.2357681255665341,1.8372863263055408,0,xss
2.4605762897863164,1363.053594614552,132.92698619528048,0,6,1435.8552114887475,976.723673438044,-1.121148534364884,0,0,4,-1.001161652821592,0.2118118055327212,-2.123044389444847,0.8942432396429879,-1.729050555232902,1,normal
1.4020464622929787,562.7063278907323,389.05477680228114,0,0,1062.9972809013111,150.89956162919142,0.5676827513425782,0,2,0,-2.667810847258285,0.8218249333788032,-1.417979443446811,-0.722585945497842,0.77552581081998,1,normal
2.028151872063945,1945.6008795659857,355.44469806919545,6,6,2210.675522146912,107.3630983050902,-0.6289131081555062,0,0,6,2.3714540673219497,2.6783156592785407,0.2652963471609527,0.7471167217909629,1.5269477689889708,1,normal
2.189898895992055,165.71813848229232,535.5088878684861,15,3,1549.2515956507918,13.13101318306537,2.833219133491975,0,2,2,0.160983117228715,1.6292796478098135,1.90991398993116,0.3265122911388074,1.1458115838153335,0,backdoor
10.738344654050184,70.65646265085957,193.36658937590445,0,0,471.0114379600504,453.0463816919037,3.082804225994737,0,0,1,0.398845320880111,-0.6126950411894717,-1.8391047640726303,-1.040960548143478,-0.6067492997801153,0,password
5.428763030929764,12.899871230526935,756.652858797154,6,9,633.5104410719885,1968.4534539680128,1.5752588176618545,2,0,3,2.382791759978096,-1.2835027944557322,-5.0028144829690095,-3.061250159882877,-0.4174195030788833,0,xss
7.68267108645796,1087.4156098367328,74.01141528530954,12,3,3179.1881211134414,1272.9994878918835,-0.3976275238516163,0,0,3,-3.2644045043192644,1.7338982215031178,-0.8484472632338,3.5142724196269164,-0.6114388852130539,1,normal
3.7849240366743326,1325.5731310229685,12.18329302335632,6,6,2853.496088661622,636.5829747752033,0.1901355462555904,0,0,4,0.0146263544708675,-1.640262604565357,-3.820543429831952,-0.6291003742561395,0.6457027736875313,0,backdoor
8.724688007243145,1416.3305746801966,329.98083722601865,6,9,557.6504900992743,1552.7293526740164,-0.3229324859787067,1,1,6,2.5389538623920505,-2.327441793259303,1.723787799285008,-4.046377305965862,0.699737228906615,1,normal
2.790138813747165,96.70629091741722,28.23953294229224,9,3,1062.1092389168452,249.6275979852231,0.5773008317940966,0,0,3,-0.5232375043228789,4.10911047483439,0.943906396783478,3.12582434969834,-0.40067039653312,1,normal
0.0947929657714279,239.30914232315985,279.66146491636283,3,15,211.41321092258377,574.9146327841531,-2.3194669070546485,4,1,7,2.2256759090752896,1.8313542935458456,-0.0415729656610777,0.4371387142057297,-0.2979223522612553,0,injection
2.6866522476906,1173.5746722987765,1082.5459193885754,21,0,2326.6003919820723,1505.9145685970732,3.389516701105024,0,2,6,-1.080113527024723,-1.892642242935304,-1.8543667928307264,-1.8794490493744545,-1.7784091491399034,0,injection
7.604107318953418,254.8960630877116,332.2146455595754,3,9,1478.6706243835804,1670.2846190128198,3.715386003166734,0,1,0,0.3240055021098105,-1.9085617956557983,2.613453292719286,1.6749989166360038,-0.539243802629477,0,injection
1.7257811717230989,2612.4726204717786,321.10772243152536,0,6,1087.0696468540152,1132.2548755655432,2.39401101967826,1,1,1,-6.096824407310529,0.9382643570290304,0.6644378563890364,2.399386395448828,0.0686099580019807,0,injection
3.4403345594729053,442.214616000576,121.8674790413448,0,0,2532.7672400752067,1610.49521488541,1.1715349626211136,1,1,0,-1.6612173596130846,2.166913011960637,3.0217594724929464,-2.914789538539021,-0.5088861283787502,1,normal
1.4116617515655925,840.3744048984685,173.7173257046787,3,0,390.0126549169597,1572.5271535435172,0.2010165484675854,2,0,2,-1.2905191143798245,0.6443944769911795,0.8343359153604183,2.0804477962520345,1.5847956819874474,0,password
3.1630854487000666,300.8514331196393,296.0645802515039,3,3,489.9041137339855,709.8699568046818,4.671391473194838,1,0,2,5.872727281133638,2.5384528684090943,0.1054137460737973,1.4215910817983812,0.0706257131682821,1,normal
0.2684989253361139,1902.7782107306607,625.9296809162257,12,0,774.5326226271903,1518.522751874822,-2.728031183814436,0,2,4,-0.0983027530492333,0.6910946303288108,3.012011415410968,-2.890259693264378,-0.8242732007514434,1,normal
0.2608339924323414,1476.2808330707862,575.3777344257567,0,0,1825.8041439313265,754.3490449477224,-2.0498177077983115,2,1,4,2.646447931773663,0.6606299161779201,3.059797932278119,2.671106120779891,-0.6534806343682383,1,normal
4.958238704006034,1574.8256803855827,589.441826972547,3,6,530.2335506588611,2029.5352398488703,-1.2498699036717622,0,2,3,-2.8087764357506906,-1.2375412181572518,3.069339404016333,-1.7252693093915714,0.3594264152690389,1,normal
5.472628345160904,680.2405289202028,992.7899861580902,3,3,2609.9387743389334,930.962769559454,1.1192429110995834,2,0,4,0.0009964189495148,2.2534537185376537,-0.5006592013847944,-2.2037271321546053,-1.3370670136544778,1,normal
3.227017726043832,98.97388143648044,41.69368804887723,9,3,409.03093997207833,37.23511294475407,0.2150135265616093,0,0,2,0.1234029771380562,-2.68853870307576,4.045925890066895,0.1366185172343315,-1.4468444133048126,0,scanning
0.4238460670846699,496.59412745130703,562.86853723113,0,6,270.96103484548723,399.6469508461914,-0.3235959736229589,0,2,0,-3.521481453388956,0.747913229992982,0.6725786721374528,0.0928151734209015,-1.189674039219851,1,normal
1.5406408935358804,1066.4508522948556,567.27082630729,9,0,3267.481314234604,373.5355355266032,5.076575975106192,1,1,0,2.993945591124356,4.935044748798935,1.3055345939778624,-0.3947084119701145,0.4165632073717942,1,normal
9.851870002101744,235.3212212153244,195.77411058782133,6,6,1945.8312478807763,854.8593379714353,-2.5289036829601628,0,2,6,-1.2586133840720837,1.8566966006266183,3.861125055601816,1.7834862945396628,0.2749990275410945,1,normal
2.9708872972439253,426.2916474172327,495.196289129728,0,0,735.4199112505387,320.0428531837002,-1.5883425764945005,1,1,1,-0.6554195001656052,3.267253968433506,0.823314567193346,-3.3293272652863406,-0.1770826369775308,1,normal
7.895392937429171,783.808808011971,119.90820270550785,3,15,914.783613891635,124.99356979876808,-1.394199263635949,1,2,0,1.4447442912480206,-0.7052945723872541,0.1819810775954169,1.5213654264454612,2.2583846365772056,1,normal
6.083156444355268,50.93880047397281,22.229104660411668,0,0,417.7387403481558,739.3140783965579,3.305928532532257,1,1,3,3.8776788018748825,1.9396654358204053,-0.3990427607506184,0.7496284729173912,-0.6511901590128163,1,normal
5.317566886200982,1082.518255702801,234.5317311664818,3,0,596.5091262735623,1433.5218672616702,-0.5482157133538961,2,1,3,-1.1285512184076092,-1.5261282306366093,0.6016538414127829,-3.294118814261763,-0.4720146669667155,1,normal
9.311364394945793,273.5055207225302,435.2999335836944,6,6,831.1729532991482,536.8675035566105,1.1983577365928586,0,1,4,0.3953909081584859,-0.2914538657642167,0.9927963730060004,-0.9220188589189928,-1.3694372298711028,0,ddos
1.4981912871619076,371.0403673268274,516.8265611113108,15,0,3220.4755575597133,3399.875114694049,-2.2217460714969084,0,2,4,1.2573382553659145,5.077724731079954,1.9951549075375008,1.840246088658088,0.0212149222995772,1,normal
1.907380191949911,1984.429260719788,161.90752772779788,6,6,1159.463614723878,1027.3153833420358,-5.073770999418871,2,0,1,1.9498473745359817,0.8749882333938286,5.027654708240028,0.6997982720989966,0.4666663438493364,1,normal
3.054243344020855,844.1337549913685,373.648282969905,3,0,833.077704347827,26.60244590938629,-1.0391471875961305,0,0,0,-2.4786275839669147,0.4457979180904288,-0.0080392071507771,-0.7704059548532043,-0.6987101933454379,1,normal
13.112906355842702,518.3195640404354,601.6902528806917,0,0,705.7196731759317,381.3863596628081,0.2810166512401267,1,0,3,1.9561608057898203,1.5961946472380135,-0.1872847934029642,1.8841836683933453,-0.3147043154711432,1,normal
1.7056302827743577,459.1271275101102,512.9513047473156,6,9,1038.0132043889885,483.8728855042064,-1.7478227773985555,4,0,6,2.130795843558736,0.8561563983520292,1.9725132867534247,-0.826314528863461,-1.16577458234834,1,normal
1.4756268180642813,1040.989737281374,224.7845967007332,3,3,1827.132216727896,260.0164094756849,-1.3773517141151508,0,0,4,-1.088727467747791,1.0461726174740575,3.0238913006936583,1.7292948275729056,-0.0439977359039925,1,normal
3.491111813610735,730.9714939295757,262.1843962830386,0,15,302.1749300576318,1569.005015067594,2.476738114997212,0,2,4,-1.709100753945158,0.6595800630176074,0.8265433269471567,-0.0316238208717978,-1.315618705347465,0,injection
2.6873399082132403,863.7748519963824,603.450900181531,6,3,2240.1825982302803,462.9118338854555,-2.8759650764216445,2,1,1,-2.0392199576314405,-0.2252215082093145,-1.9172870442224808,0.0387485877425841,0.5723732225014293,1,normal
7.664128933134357,891.7292337183462,95.07497003354167,3,6,121.04264117035396,663.3026621231736,-0.782127096220335,2,1,2,-4.367711973066612,-0.0794477411284841,2.853554270713847,-2.3762206864729256,0.5065631809998468,0,injection
6.847399180752877,1183.2087994820024,40.82945278071228,0,12,2255.806144072052,158.84779617413483,2.1267777922542948,1,0,4,-0.4123223394347439,1.06412530508396,3.924322662641476,-1.064548267778991,-2.3979171760514904,0,backdoor
8.266143667808834,1007.0741051864292,450.6392979042624,0,6,151.00420644668347,1158.057846675879,-0.6714396098702436,0,0,5,1.7462150744927698,3.309585843727234,0.5321560713757749,2.6975088536357203,0.0119535074982251,1,normal
4.879842287947943,1153.4227904369789,693.6128272999683,9,0,338.2587200296076,489.5844151347022,-0.0070702099355082,1,2,1,1.4024641299105,0.1815813964446377,1.1517768441610028,0.0169330461607564,0.423293241549617,0,ddos
5.288106931261275,169.66840177835095,420.4803061578071,0,3,295.0100184423416,472.3320455745016,-1.3837899238700633,2,0,4,-1.0270539522773243,1.4765064861994204,0.1530288112478057,0.2203148262873731,-0.6047074121917657,1,normal
5.890977305412668,1830.284116169068,40.430074543811045,9,0,1319.7404493363383,1396.2954930408457,-0.6451648443930904,2,1,5,-3.4505296291712995,-0.655757417944077,1.4286239578535849,-0.9292585877799672,-2.623038523916868,1,normal
6.354706125322806,76.27529413713852,68.42202686418375,3,3,309.7220754540992,407.9812258802097,-1.9387508737838188,0,0,2,-0.6372626642060392,0.1463955114057731,2.232170138853048,-2.7132257854297874,-1.995813053962575,0,xss
3.488606071185964,1212.4921277688668,381.2538279709138,6,0,57.64443713920965,62.99308814693326,-3.9520731142475407,2,1,1,1.3006952222376331,1.4671925396502532,4.181139591153984,-0.1662695452587719,0.2155520001215193,1,normal
8.716044721907023,1354.5457626385305,681.139198940559,3,12,1644.5026584479642,1891.3730168096288,-1.7150855957657496,2,0,4,-2.832145804743138,2.832774333742667,0.9526970749288332,-1.7373537104993102,-0.4974052365466467,0,password
2.407156665281823,921.6262080099788,473.41724754735367,0,9,503.5308377248454,1512.9036937410551,1.516288229692146,1,0,1,-1.1990608922899988,0.3707480544434103,4.011562007720463,2.180980182032999,2.3811472097771103,0,injection
0.0485673504883851,194.55278142775856,228.8359177332466,0,3,385.426578013804,1782.1706358354472,1.811946442947226,1,0,4,-0.2796190449576303,-0.6269973165912897,2.8965546186137114,1.2170024676545117,0.1163742289605373,1,normal
8.97660008648634,277.7086273517991,380.33788953671575,3,6,2094.110839306379,441.230837401014,1.6126695250630387,1,0,2,1.2488996543689443,4.163655152593219,5.116284445061982,2.607088047670448,1.4174726816208605,1,normal
3.5482786586403554,556.7852679477639,318.8329298168734,0,6,1492.245333385555,355.57510590735217,-1.5801350549034392,0,1,0,0.9713887114269424,-2.171252543417329,0.3332983021108892,2.7882186678509133,0.2230922861534764,1,normal
5.087631605270784,1089.0693115309307,388.2555744230036,0,6,25.27278998834187,208.6440176639884,1.4144899281438503,0,1,3,-0.1906910736276632,-0.9454356814862492,0.7033095470807382,-0.4754077005619708,-0.7984206202648584,0,backdoor
2.8703163197545614,515.4987091118521,236.98956242374933,3,0,1666.2082139309707,1172.027335425514,-1.5572340225565533,3,0,1,2.3641548459872688,1.074946755886268,2.562421818575566,-3.0668626536492205,-1.1589443514532,1,normal
3.555028251093204,955.7071065979812,168.00571694291185,6,0,1655.9776308195685,2163.671002628409,-5.458917305450286,2,0,4,-0.5330997613471335,4.056752926404857,0.1872599159909604,0.9313912748476108,-0.3197449462970493,1,normal
4.464049474436543,170.44647932497475,414.5119271986545,3,0,672.4151061325816,493.0488944462322,-2.287285309874899,4,0,0,-2.481650162451361,0.0301336728709029,1.3977861919064765,-2.2145808599995327,0.6298137694300896,0,xss
5.096008584416339,98.95918866435028,727.6759563708504,6,6,1018.8310520496397,114.17509420705365,1.3787600624492835,0,1,3,-1.7086019708677171,1.2218537042883308,-0.3995165731198061,2.5508383937503787,0.1689496825866112,1,normal
2.400760184425982,1481.728961465557,243.29235993554465,0,3,4661.7804746281645,781.0055758098863,-0.1690244098013569,2,2,5,1.9693532413593648,5.173059847440398,4.789385211854648,0.5673490412008484,0.9790096660299132,1,normal
4.419757859412068,157.62659001257128,231.0358748929044,6,3,2306.3320764519,864.4858256085629,1.3372688288516874,0,2,2,-2.3799026275576125,1.695038611182575,-0.7770687647208687,-1.4791102173692454,-0.077936176744967,1,normal
0.1177032244953905,970.6272909711088,204.93037101944373,6,6,1179.3844226661097,1969.12649030426,-2.6455557558903604,1,0,0,0.721297288717146,-0.2356983742689851,4.236471129939572,-1.8482098297347431,0.1078366475599538,1,normal
1.2440278090439651,197.1145412586341,65.68331662361886,3,0,667.9768478714735,389.6017559195439,-0.7317532193486644,1,1,0,-0.380004671452413,-1.1215201959195795,0.5088636188144405,0.5834750407572572,0.1953029707429096,0,xss
1.4141398286026057,680.3698074413232,24.10189148843288,6,0,1135.9024749124071,1123.0058962080448,-1.340822323887127,3,0,7,-0.0815421261019224,5.351180890571411,-2.259147993553213,-0.2409675057548107,1.6079547139659236,1,normal
3.508048025679328,2392.853251208064,205.95554271490528,9,0,4343.391382742095,935.1291516914476,-2.076774856436148,2,0,2,-0.1797201617922588,-4.131590445373227,-2.87218358327482,1.1807460360315665,0.9554209770457142,0,password
0.3097373864227069,351.1702296574929,406.24370517290345,3,9,590.4361233704948,1458.240074054023,3.6273609183370414,0,2,2,-0.0216793796097081,-3.2965700804749023,-3.38863282682387,0.0010881186835065,-0.7102492988448236,0,xss
6.239603584633324,1290.981384807524,689.2380260612873,0,3,2425.866166074046,1225.2476538378944,0.2298585440562413,0,1,5,-2.473052976962918,-2.2997347979080045,0.1245226009861659,-1.378973317026015,-0.6652926843452444,1,normal
6.443073537235606,215.0650291210468,653.7505994750418,3,0,1557.7015464885517,982.5646031453624,1.4042905409049702,0,1,0,1.1366145475072742,2.241682478384276,1.513706767734519,0.1862636888750903,-0.9896859588845376,1,normal
4.809801043604216,1437.9628385440783,43.46889683118636,0,3,3745.810786101693,1147.70466816834,1.8938327646901885,2,0,5,-5.529702287045725,-1.8514102755682604,-4.621129247097612,0.4403808272459809,0.1087629408548322,1,normal
0.3927239985983362,970.94469855405,592.3316930610058,0,6,423.51951789682494,1395.2995771212131,0.0509911726586502,0,1,1,-3.192289513282179,0.8763532931548003,1.2981030501432134,-2.2717361325639818,-0.6153539047032048,1,normal
3.5585011436216654,1703.257617831578,460.74286987802896,6,3,358.390806048361,975.1447845152354,1.5756062742055386,2,0,0,-2.742978778036117,3.488085557531215,0.189175991647337,3.691497392916282,-0.2629932225288761,1,normal
0.7368536122534592,1252.683570256231,674.0534190410265,3,9,1171.8646654742631,1206.2232453516983,-0.2892349438878583,1,1,0,-3.0394736730000496,-2.1430812162004207,4.865981493519496,2.1532752800083674,0.0060560680184573,1,normal
2.3792960153857554,1037.1359941901087,68.69013715371929,0,3,270.0329063075844,214.98218640018507,0.7142448349698944,2,1,1,2.3843795022821377,-1.6445165088581477,1.491657450272058,3.331538357857406,-0.0910524534739825,0,xss
5.649563404655719,342.5688489358124,938.8136704698852,6,0,2303.0375996082043,277.6421069069464,-2.5095620676895107,3,0,3,0.9984208899091158,3.683392874762891,2.645181109962653,-2.716035470348212,-1.377019018506519,1,normal
6.5864091706895405,652.0838344755659,110.46569794246048,3,6,186.7121917831993,485.7007552064754,1.8252139253403303,1,0,0,-1.272339886043125,-0.6610981117787869,2.118833270205791,1.5107795200914709,0.1459487971118064,0,ddos
2.998334692803825,328.69442486237926,797.4828571951056,3,3,878.8847930767032,1144.71263844627,2.85291929862895,3,1,3,2.3069124195253483,-0.500069697879596,-0.2875588411765961,1.497034655657655,-2.1645330304982884,1,normal
3.877289416229286,509.7814790324099,572.5886282429979,6,3,1412.4412062695735,1297.4806554425106,2.245095746771866,2,2,0,0.7610380326423583,1.4425616949183826,-4.128183863540906,-0.2297031167326244,-0.0592909526384252,0,xss
3.4874066060579483,257.2139789940373,209.00171679840875,0,3,2314.518762641814,60.1570341817974,1.222687500635182,1,2,0,-3.324244884529479,1.5871960420061422,-4.286360876236373,-1.6366918078875226,-0.5235117054570766,1,normal
0.1632481818387314,82.86261697836773,294.1248671779353,0,3,1431.7199784355612,580.9773530447861,1.1495030208562167,0,0,1,2.9005042091561206,-0.5538528959405199,-2.6100514461093822,1.0790248300670762,-0.8995701680236938,0,backdoor
0.7488507880046523,284.63657734865984,68.24959408517785,12,9,111.05432006804764,248.17825150917363,0.6814818686662826,4,0,2,1.8544484182050192,0.4737554944043615,-1.0469611366954574,0.9098431069222792,-0.7192010185211879,1,normal
6.195783278423722,288.56068739527683,377.18381961718393,0,3,1189.3439499283963,1222.2838252106749,-0.1759794056212209,2,2,0,-0.0183608118284408,0.8440865965815867,2.39586458859704,-2.4766923632847666,0.9959383731119662,1,normal
6.260766817099,1137.1642814681784,408.95499074486577,6,3,3247.453882798382,1385.8050440783263,-2.814347426611535,2,0,2,-0.4583386173243314,-0.8997638209641388,-2.3655182039938305,2.798405239909659,-0.5079384923298471,1,normal
0.8672390399103057,733.8549759548376,423.7068746310776,3,6,711.4171114843626,2162.677902777091,0.2393477452938965,0,2,1,-1.7828238906702991,0.1816075988684788,2.0461547437037138,-2.092656093101472,0.0764982134444057,1,normal
3.320703297578285,670.3810923301903,63.84104693296891,6,3,1446.4366424707266,1030.6771941287552,-2.176914533886136,1,0,1,0.352614387447695,2.19707072327563,2.9320193784528783,-1.7970407952483645,0.6383040257998179,1,normal
1.3585496343695216,307.3863717765904,492.2726240042289,6,3,443.4220883328045,370.5210829943119,-1.1096760184734848,0,2,3,-1.5043203133098058,2.175170630842551,-1.4896141217122851,-2.052264420365379,-0.9960956147857186,1,normal
2.138142565461289,576.1155901472991,111.98149497658234,18,3,2801.627933821917,2588.7077144207788,0.4813149408293454,0,0,2,2.1099548207791097,4.658876250393894,0.4919107824437471,2.223603624458097,0.5862079830401359,1,normal
1.7422151833277093,395.4516212899951,489.61868241374685,15,9,910.6953258403908,2224.433756226445,-1.723583293952495,1,0,7,-1.849460618363037,2.627866063661912,3.450775724818248,4.139305684471399,1.00462235067885,1,normal
1.981163927017108,1055.9430777565854,43.31090770370245,6,3,524.8321403393481,1069.5742668181017,0.1969624290734821,0,0,1,1.3141780573426185,1.869802657659756,-2.214645519876326,-0.8641974742734788,-0.2557350928752746,1,normal
7.081101273907553,95.6452023428347,372.4697641532503,3,12,935.6250874444572,1076.0764976175133,0.644579846075344,1,0,3,1.297690153004739,-1.7580528431294176,-0.4893380996360421,-1.035092579756718,-0.6299102751910356,0,injection
1.904956701150096,2025.2193434311737,157.61767365299693,6,0,508.863078113038,1410.865625333868,3.537816506634714,2,2,1,-3.617372112567084,-3.833630038487093,-0.3202431383925594,1.211553402040034,1.6940167640858834,0,xss
0.5164591576768969,1515.216683324286,153.94789672866068,6,0,2445.0707278611544,1780.5415840687526,-0.8284790888675434,0,0,0,-2.250977933826798,2.066151727466305,-1.6507366680817002,2.777355383485672,2.1909734222574526,1,normal
5.767833301927485,1315.9646445055412,378.84429770588025,0,3,1363.5945905661804,2076.821168631645,2.629344999040592,2,2,7,0.2764776380648106,2.4892597069770046,3.2987321609042217,-1.8557760306612268,-0.4323849296207187,1,normal
2.143629571462093,154.2993588301924,147.39564447312995,0,3,630.3704725641511,1050.69996030623,-3.3361742590956363,4,2,6,0.6427240738120785,3.028910653346302,3.38028979910038,1.5202780336098252,1.746857651611763,1,normal
5.162042307110847,388.9204576134413,174.29089999778105,12,0,969.1727127782189,839.733025417575,-2.1091747746640888,2,1,0,-2.272143530665474,-1.724675420275578,-0.266582232898548,0.1570628098164925,0.7603796456516556,1,normal
3.355241680500113,999.5449770679434,272.9531600509946,0,9,97.24954764204578,1911.3787140937973,-1.1988229503668026,0,2,1,-2.595996511123059,-1.2524613968236904,3.347742956839676,-1.3015289736951998,1.2587460833609716,1,normal
1.6232908825328896,248.97795788469824,14.118182497876209,6,6,432.2371723463214,424.6840192333818,2.912284545185699,1,0,5,3.542692806516123,2.9713442881857604,-2.820003382593854,1.837532400653921,-2.0442338751163605,1,normal
4.175652905446313,561.5261566899317,122.40221736352972,3,0,2552.2991873127703,308.4304570798782,2.6092698204543607,0,1,1,2.1181715768394285,3.0262895729300974,3.641918000122121,1.997081583132588,1.405030919092737,1,normal
3.402570948887461,1161.8328530722035,214.7495680869424,0,6,1408.366873560228,405.843676852768,-2.721876268453164,0,0,2,-2.832637613587723,1.2287976660949191,3.640206459729282,0.9138460767047868,1.4483241989702478,1,normal
2.000741298094133,1050.4010201899428,439.07427275607415,0,6,622.0583991800529,43.34501983996817,2.398450651531486,2,1,2,-0.128927308411223,0.2540845746811655,1.719792922250356,2.759531056832894,-1.1273928540731328,0,dos
7.804797969300624,1481.6851066615548,466.2226550589706,9,3,783.9746112651068,1932.6201947078569,-1.0492374409629937,1,0,3,-2.6610631567478764,-1.6811977611138296,0.7869578019689234,-1.6165480435414112,0.1247718338178538,1,normal
0.2008621322730162,1322.5421312901924,838.2836734395722,3,3,473.91044275953806,577.425919773622,0.8341069436902304,2,1,2,1.3808578194441674,-1.7936843808037206,1.9764055611747584,-0.7916931662002171,0.6292628560474175,0,injection
0.3029127809407803,2076.38205029268,274.830898179386,0,0,2097.757908945708,757.7728466975744,-4.749012044566103,1,2,3,0.7650706352157806,-2.952849276875929,4.807203029733164,-0.7520194130452208,0.2891848095993398,1,normal
11.41257864013506,538.6794056920278,644.787359118598,3,3,1973.9334775869063,315.6913677071254,1.280933580370201,1,2,1,-1.5910473653404675,-1.804815489781348,-3.343247705957033,1.062730651747991,0.7400682474942143,0,injection
4.963729326657216,474.6470677823806,215.6617569185024,9,0,3870.732359081768,1105.7339642140048,1.557752779415319,0,0,5,0.3529127735835559,2.331586386510895,4.505427935533798,2.160868228375777,1.2564078044960412,1,normal
1.4627139068626474,1603.2955596297045,255.0247411478498,9,3,3272.655036027974,1352.4460720375616,-0.561778543002821,1,1,4,-2.4888959881687773,1.5141827041722524,-0.8361994346610333,3.219879699821951,-0.3726606992238474,1,normal
8.109052896531203,2109.7934650944944,709.6111691503154,0,9,1421.445746842524,2536.776600003823,-2.677323390781241,0,1,5,-0.8595125730464437,-4.024888248220376,5.978136856447098,-1.8648719389861863,0.7179269556763871,1,normal
4.10740067453104,257.3900736455168,398.13524186614086,9,12,1009.490608581617,339.1287693064626,-0.974495132229522,3,1,2,-1.0107389272332366,-1.2578015381000045,0.9131696368521685,3.474701078022383,-0.4585341363535566,1,normal
1.135540350401275,1274.160066616469,146.51287578745186,6,0,1074.4332608404316,1120.91447163014,-1.6468848217342609,0,0,3,0.2185532968751939,-2.4673638317342386,1.5288095386987286,-0.9214364185933158,-0.4295692487188959,1,normal
8.469134968778318,796.4763577005366,391.6880416765563,6,0,532.8041133678972,205.5784124802316,1.356161833714858,0,2,3,-3.654390239271895,-1.3083090227332308,3.695009468017254,2.099835703134558,1.73673714337667,0,ddos
0.0501030169038762,352.29876093144264,433.8530306304281,6,6,1512.24439972927,1378.7114704108706,0.5988937049374954,2,0,1,0.573096651424353,4.377344619852313,-1.5223944504730922,1.4241107970282747,-0.2727205759272272,1,normal
4.876591785144294,191.4821269223139,423.3780089728665,6,3,1601.3359323455627,904.7398967470264,0.7557514388136873,0,0,5,1.7537184744367107,2.954302950806136,0.4962233031154466,1.5979144706694284,-1.5446030277630374,1,normal
5.534127553934399,706.0947871301355,269.6479574749948,3,6,2166.221898215431,1929.083679556577,0.4827333116378907,1,0,0,-1.3468923737702003,3.687098135681412,-1.6129035896822004,1.9778133107768776,-0.0992547088480168,0,scanning
6.000434766315293,768.4389601828614,462.812156532644,3,9,1445.9219927821143,99.75677303205616,-2.680010380321799,1,0,3,-1.81596749316375,-1.3809044061016056,-2.0034581226724884,-0.6179961746486615,0.2272871941961766,1,normal
2.812622287868203,116.84147242323944,284.2418137169047,6,0,593.8082154066313,727.4804701331095,2.466615043196348,2,0,3,1.6399582424582473,1.2027215433021206,2.8192945745619173,0.8160300901965611,-0.3987813302413265,1,normal
0.8309702980386866,1492.8505990507222,154.32015609306666,0,3,509.7765647192345,882.6450362112928,0.5532333499547482,2,0,1,-2.626908053028237,2.960847004828329,-1.122375762565257,0.7222347742977123,0.5675128313150876,1,normal
6.189074468475271,731.9613767876785,685.1453904356775,0,0,83.81991351954808,313.6217163143865,-3.0320184482392154,2,0,0,2.0937820591955623,-3.1513632233409954,3.885252180488723,-0.0611477462513943,2.0825607336316847,1,normal
7.121129948561805,672.1096016840731,64.6127786458965,3,0,186.21405841548497,951.8590967781493,-0.683967433641602,0,1,2,-0.9589167156861294,2.2999656763247835,0.4704280682494196,-0.0806857372572205,-0.1337060633065485,0,injection
4.703516573090536,114.21483194640336,199.4867799839736,6,12,760.9692715337557,742.2181817131084,-2.06733856573847,2,0,5,1.4209555858109375,0.5737310043965831,0.6112170714416039,3.500561207721796,-0.2324481955404205,1,normal
4.534348211325386,184.07263092824343,583.496026656831,6,9,103.00389433267368,388.5603082285248,1.925684863319948,2,2,1,1.911059524643136,0.8299329712396457,-0.6541648537649687,2.0878800655816336,-0.5685669434899568,1,normal
0.2383853003458107,1413.7784247120198,201.08245242576817,3,3,304.4081963295909,649.7794051929917,-2.479846242116297,2,2,1,1.7625315310549652,0.6630081033234875,2.9169382667850146,-3.086374392702393,0.7072581060024642,1,normal
6.905925596380989,324.53505572476007,7.401488479004258,9,3,374.6019790184191,1647.4556975724431,5.708296991722548,3,1,5,3.1107505844670413,1.4762981567732043,1.5346820875473133,2.199395951654119,-0.4468432895844754,1,normal
7.599315398870895,1078.1039585547348,157.73800742716472,3,18,472.69936240862194,1723.3296240708305,2.058073921308973,0,1,2,-0.3107888961999131,0.3151846617845746,1.8268538090073565,1.0964053942070535,0.064099450170264,0,dos
1.6989796506928605,623.1603630083061,108.02256314306182,0,3,1310.853573070878,76.45200168500294,1.3083177616123176,1,1,3,2.9500999900973888,1.5309407143527154,-1.461602726339321,0.5953825790811152,-0.6276575136345135,1,normal
4.707824336447967,733.8742137639422,378.059645333095,6,0,2569.786477790942,570.6417699541759,3.435791069792504,0,1,2,0.285879383807595,1.6079409337522697,-2.96405524061702,-0.6389930399883679,-0.5180964790817217,0,injection
5.319344132142046,809.4302132203287,244.26035054610105,3,9,1626.217588269762,1288.6733641056833,-2.8917746396274104,1,1,4,-3.2488550861780707,0.6505955596343449,2.719376650310958,-0.9857573651510196,0.8003607552576307,0,scanning
6.940324393519015,701.8340096059801,168.39427373513692,0,0,3043.725133493554,217.5341316212709,1.1977825459029672,0,1,1,1.0422812187382224,2.811248249719945,2.3428548397103044,-0.4762424014626405,0.9865858372645032,1,normal
3.751335146909005,117.23919377870816,46.69072335612594,6,9,1673.4865411008602,692.6950378514662,-4.869641540983773,4,2,3,-1.3383931048100546,-1.611390320743684,-2.04064744011225,-2.3987951969614496,-0.9540072994541738,1,normal
1.7558508715952366,932.2616768208908,459.4837403951269,3,0,885.7788944220011,1224.1658989165285,-0.6607307549575052,0,1,5,1.9797804305629767,3.189207823375962,-1.331361490996856,0.668574077946798,1.0405458556760483,1,normal
1.3648234174973672,1296.445918563816,636.8890281249136,6,9,858.968182405981,1100.6439303454465,-1.6368101195817832,1,0,1,-3.777790866577792,-1.7501297903111512,1.816843063542733,0.6158591328791838,1.2440360638378234,1,normal
1.7500724808654546,606.0362543864949,228.6038983242645,3,0,1182.3613103488767,753.7438221880635,1.0229916110657808,0,2,1,4.59083863040994,-0.6140238669201119,-1.668388413234874,-0.511458902936517,1.0473751265465574,0,xss
7.272630087498775,2206.701554351461,16.802895363713183,0,0,712.5583063796171,483.9699565200965,1.623198290111342,2,1,1,-3.473371448551652,3.663433181863053,1.087590862513956,-2.921949875246571,0.3051917016215432,0,injection
6.694469338984851,85.70239117946154,433.9094764914893,9,3,592.4308483632993,289.9243569960968,2.4941905329612744,0,2,0,0.3746826103369449,-0.7073101715344289,2.253172224058143,1.233903774839741,-0.6465398239481411,0,backdoor
2.54970529321293,497.0150638733266,55.52627143553201,6,6,1096.8338571053173,30.49918858806016,2.7579804621968043,0,1,3,1.3754665245097637,-1.342643677034016,-0.3356927623158758,2.758230143574808,-0.86464290225881,1,normal
3.1218006223695536,345.00667720684567,182.49932310117777,3,6,573.0533670193859,1095.7100803944377,-4.659668305927468,5,1,0,-1.1793637144814848,3.1026800316474263,-1.5215731390691531,-0.9155913236245714,0.7849294572564276,1,normal
0.6762054806529917,573.4752579162414,356.85637068860785,9,0,838.4151136438871,87.16323749048978,-1.519271222363693,1,1,1,-0.0869162610892764,2.2899402474717743,0.8952329037655893,-0.9943448928367709,-1.1383621022475874,1,normal
3.862561981975655,337.1384100801793,238.52767802081064,12,0,1558.731792501462,1440.841252278979,2.216617402033309,0,0,4,1.3645886438247488,1.7323539410797135,1.3452420921163466,3.049724008904154,-0.3383408752158339,1,normal
0.3545671126352461,1682.9381012309818,665.2330634377593,0,6,3200.442961531083,1396.4164970394504,3.149040221015335,1,2,2,1.6584515526931485,2.401347071288608,3.9075845020973,-0.4937747600357212,1.994759908188812,1,normal
3.161152268395882,685.186793209009,436.39794853441066,6,3,185.1920401314005,515.777351485605,-2.4898079212764315,1,0,0,-0.5252433309439543,2.0661971512331454,1.4795614089543896,-2.37853932448997,1.5127887202246193,0,injection
7.592618478908849,993.631816721502,153.09250946252894,0,3,2414.2268119414125,734.8135654400423,3.82721338007312,0,1,1,3.412734174247141,1.392528788301761,2.428077824817975,0.8865197461979519,-0.5047770207717479,1,normal
3.862216615755421,1117.8477432647428,588.417447884875,3,3,2010.4222740062155,1417.1513245559652,0.5695274274417865,1,1,1,-2.3289570102875503,1.42739922465289,-1.8233860469016128,3.6103453276022943,-1.357387248193037,1,normal
2.98591654628048,87.91492982187421,66.48030751565727,3,0,519.4949337133255,121.29330211472258,0.7019256290158244,1,0,0,1.7199277091217895,-0.6573807873900026,3.062332532013114,3.273172416970821,0.7696027078604547,1,normal
9.432661561055127,49.87896737189668,595.7926219551683,0,0,651.561828519777,1309.6950102783003,2.437663734064817,1,0,1,-0.9091543205064871,-1.0567698806881414,-2.712815554789091,-2.8260506418172446,-0.6319528104844782,1,normal
5.658330716598354,743.29921501851,319.10815870098133,12,3,170.35178549498048,1236.1430930019674,-1.172031278808843,0,2,3,2.842863844160867,-1.3985980348870808,1.0065450434761865,-1.2184330857067172,0.5423553544590726,0,ddos
9.97932552480492,540.7618961649063,999.7811606444392,3,0,1849.5812151398,1024.6180308982953,-1.864324389603636,2,2,2,-0.1888939772543472,1.0295957373051818,-1.1252887743442888,1.4296153053523992,-0.7723837871358339,1,normal
3.3729508549341736,139.42191198642368,713.938612903582,3,0,1991.1595652146304,2125.7935351160654,2.096225902171456,1,0,0,-0.8434138764569378,0.8944727061166462,-0.1181184637823935,-3.940870012521613,-0.0349889738353765,1,normal
10.503654564854363,1206.5181922932106,491.07024627831066,0,0,3316.193030259044,1189.880028421829,-3.017035225103831,0,2,0,-1.2046154823602997,3.614094263609287,-2.0623451194849984,-0.2129494573221653,-1.0834663477858308,1,normal
0.2119782769212845,509.0578827042783,474.89135508768055,6,0,2514.8455171867736,587.8883843846314,1.702870085557041,1,0,3,-1.37918663235409,4.281894917475127,-1.956271340799493,-3.071986213326432,-0.9049371872779984,1,normal
2.3903578939291084,1226.128950547053,693.4613180486365,6,12,3099.4127657581657,719.6658761182005,3.899386283915712,1,2,1,1.9297513572083207,1.9904690057395893,2.292217612110532,0.8248936160142037,0.2933553627614871,0,backdoor
10.418161498347056,1681.0996387790974,675.5526603894923,9,3,1157.0450708012318,699.6337831329527,-4.247038229383388,1,1,0,1.0062094712639456,0.2592250634233463,2.6204369076099177,0.4914032360995544,1.4599218914382193,1,normal
7.1544727353087,545.6156951278147,454.1076767595492,0,6,495.8005702204658,51.95505591199812,-1.7974302178245254,4,2,0,3.893859067711465,-0.0203047066714923,0.7225274250514249,-3.1256766214169547,-0.4795022127791628,1,normal
5.985706715280042,34.31559027434472,48.36476235014448,9,6,2227.426699557459,928.5603253595376,4.723367647746889,3,2,0,0.9371717832669272,3.1127571991721705,1.8967490141300047,0.9931435321849208,-0.5151967094607828,1,normal
2.960755912676264,97.687674871061,388.8211207239264,6,0,849.6754477261985,548.2712738823795,2.2788000713712435,4,0,2,0.4938880696596512,4.304363550309447,1.6205442944788453,-0.7130743593458355,0.0981180359570135,1,normal
2.30888209776675,27.773462729727694,322.931218817692,3,0,3122.0156759820784,67.4078199657213,-2.4203209556722127,1,0,2,-2.712326124477652,-1.2798116019264032,-2.829999148447857,-1.7399361830157252,0.155370363948184,1,normal
5.579041047911969,1289.5580682264474,232.0713358519604,3,0,1622.4670316042666,893.572175178822,0.8214841857821178,1,0,0,1.6552871293978682,-0.5643225839829207,2.0412858900414137,1.0785919701282605,1.5419926792605831,1,normal
2.374081208517651,727.0062566518909,628.090052242231,3,3,219.64593741689987,2178.020961606844,-5.386016274289575,4,1,5,1.4621298474414453,3.5700690691396124,3.532624766530323,0.3632726131898995,-1.5033576454973798,1,normal
4.252337673912343,189.47018270128265,347.1994033377924,0,3,44.99374737373946,37.988952851273375,-1.0817016201464185,2,2,2,-1.3177603382207552,1.7052465982782556,-0.3670994247656711,-1.7382799675642464,0.0776613908857178,1,normal
1.3503770006032942,916.289725071842,618.7127897758542,3,3,1174.5996385675787,1923.047433602246,-0.7032977469895778,0,1,4,-1.030965618521383,3.235678282261816,-1.969426962774932,1.1880025772083211,0.2411462723410829,1,normal
5.742463598545127,148.62005500042667,314.882645891599,6,3,1001.6362740942062,485.8136917197146,2.1757280591977066,3,0,0,-1.9798327811653824,-1.0355155125395366,0.7996977865816721,-1.1270896519890394,-1.9200114118505,0,dos
5.35936401206821,332.9254961872857,163.28793453387954,0,12,1538.5037086914513,672.8189155468997,1.4242221264445736,1,0,4,-5.664107528595259,1.8501146551638468,-1.1526405579991703,0.1800420845764083,-1.5302280394831285,1,normal
7.235463777001882,2.107456615932146,439.928084674616,3,0,844.538358571719,1335.767215073977,-2.002169680591983,0,2,3,-1.1458382843583947,-0.2381641758313006,3.8403762865477846,3.0392411797872034,0.1361657441721213,1,normal
5.095208023285326,1077.7557549499088,500.4277927925133,6,3,6.966648511705823,673.2007769853329,-4.865164684381034,2,0,1,1.184536519627658,1.3302699296306026,3.5022193466120344,-0.3315738203557749,-1.4045881631496917,1,normal
0.5501170818908824,2062.5185980548,208.32800852734923,0,6,3535.708165635846,1006.7021111936168,0.5665256542931418,2,0,1,0.3248942999108274,-3.887340373180725,-3.584694663279821,2.783628132121825,-1.192618972059056,0,ddos
3.264745428855813,759.7643567527435,116.80110907345174,0,15,2749.189375827478,1938.3222270949384,-2.8576843881141163,2,2,4,-0.056400844917724,2.3706846969823285,-0.8057214756862539,0.1996955622489884,-0.1388632230096541,0,dos
6.76115823989782,1712.8131890499972,274.82595785065416,3,0,2454.6593623358017,682.0795588614563,0.8902985752524535,1,0,4,-4.110875843443135,-3.52545023694067,3.4450326503593294,3.35791095449789,-0.2846969944321239,0,password
1.792076560333303,799.6511531075926,555.3699297863681,6,0,250.7879587961237,972.983173242522,-0.6755392333141602,3,2,3,-1.6246300160304907,3.923940737507335,-0.3131906160307051,1.0401439970301147,0.9145860763516008,1,normal
2.350154081200744,1352.0500069935615,130.20756612038645,3,0,649.1548623498867,3144.853423778421,5.2537984444055565,1,0,0,4.849130715459324,1.794840211136951,-0.42182844081021,-1.3370915725871535,0.6313650026339047,1,normal
7.566260967488967,1018.5671276202772,886.5489515116119,6,3,1327.049435303889,605.5436156256266,-2.309743371678516,3,1,2,-0.552220464203229,3.145680287268531,3.629882559457208,-0.0925352451981742,1.155536577109153,0,password
3.604395151044799,329.46352860666303,659.534204643703,6,3,1054.7846644898875,253.6809541383608,2.9086209724741403,0,0,3,0.5807029640266761,1.6380156871877436,-1.6349419903443425,0.2864975010320839,0.0181257685186481,0,backdoor
2.172787465067518,227.77172594519817,305.23842677966826,0,0,1352.310822266672,937.2416718759804,-1.334974424385874,2,0,2,1.1832448473027837,0.720871932387098,1.5044691126545209,-2.444197350740408,-0.1720242934264571,1,normal
7.154086660665193,680.3682717852356,40.902288867824765,6,9,1433.5195429977646,170.61873921143058,-0.2866609102658956,3,0,6,0.3762132875909321,0.1248750402414542,0.1889573600631839,2.677110148320559,-0.2331940329510147,1,normal
2.206663853602304,958.0913754105836,58.99684730601377,9,0,2389.2152855945487,561.2913462686209,-0.7879819193683033,0,2,2,-4.659363518859682,2.447050987465163,-2.54781293479417,-0.3652438429600759,-0.0234218951256369,1,normal
1.6793769133439411,129.1625794671533,481.27845681177473,6,0,1906.9838302574524,323.9284405620113,-3.2833483501696703,3,0,6,1.5162572809496446,4.027424234112283,2.357382903821472,-0.8865406127255516,0.0764391947986412,1,normal
4.165855890209329,902.0244485512164,1.8281774411322265,9,6,245.05871724869536,1156.237815329178,-0.7012311305150732,0,1,0,-3.4353262838104364,1.060784302063606,0.2059506482262323,-1.2840225652887391,0.703709859776853,1,normal
5.536129406080632,1134.476206293852,156.85491548318768,3,9,99.48486572969476,177.6561050668632,-1.5362521287838151,4,2,1,2.812807415776323,2.581738359200948,1.5341405454902366,-3.4187352945108405,0.6270681292909045,1,normal
7.168804774087735,614.7275685359604,187.20261719376623,6,0,672.9871695256353,631.3348507807724,-1.0956188096605028,2,0,0,1.3491314847306872,0.9006142407077429,0.3464792537179616,-2.145117331160961,0.5158977492610376,1,normal
0.7849512208293381,3077.739812637284,100.41457471075954,3,3,827.1439419366968,1433.2892950581058,-2.371704907785621,2,1,4,-2.475002138445377,2.507905441856193,2.3825682520016374,-0.2849062605457968,-1.6470793790206646,0,backdoor
1.9290401852716763,1791.1052088613783,332.75566017279226,6,6,2494.871598008319,3347.136144059496,-2.0405705663823133,3,0,0,-3.0376858098964017,3.781717410383906,1.531226873165071,3.795606819834057,0.8560758895235043,0,xss
2.8054220902035523,1489.896263896974,404.09891345583935,9,0,3612.935532983456,1548.1276171899017,-2.4315011269425786,1,2,0,-2.4315659565918093,1.1096998410101686,-2.353288043476783,2.121110525169436,0.9072514644211264,1,normal
6.970176026106975,1478.910373266811,91.41316473245246,0,0,1939.08471101713,2190.6614766220564,3.254495719341114,3,0,4,0.6034053744747059,2.837026512162131,0.3559350876276922,-2.9044158933305155,0.6298238479680064,1,normal
0.2354285674811415,325.0069135125813,106.85545714767436,3,3,1289.745705778825,771.9059530927037,0.6847429643783024,0,2,2,-1.3517248028954112,-0.1554739331276753,6.429855559936251,2.5577250581666995,-0.5917874064468795,1,normal
0.0400850233407479,1319.4262383172636,35.459881509476034,0,0,1455.8277677027577,1050.4990688657688,-1.2994752929336413,3,1,2,-1.0563496633825793,3.840137443397749,-0.8240628697414232,-1.0545547418333092,-0.8641454318522316,0,backdoor
3.779138172866813,649.1108339573441,374.3809644470867,0,3,326.8337265940226,1422.350698857426,0.2967512526502956,0,0,3,0.5970712215924177,-0.9670142757661278,4.236674847051533,2.313383154962019,0.6191746893705611,1,normal
0.5426742651412583,679.9454524503666,987.6506106547656,9,9,1280.7841607037917,619.1282004538923,-1.9327741881998024,4,0,6,-0.6538489526888359,0.2818365275501416,0.2332843945617999,0.4249340905399323,1.2678546901759746,1,normal
1.7425388221517049,90.76650792651586,383.9265406656221,0,0,1530.7882838527355,1285.0286214411703,-0.8464520048283106,1,0,5,2.7839413965810573,3.472214592030989,1.931028037203236,2.550199423527917,-0.6094221282663219,1,normal
3.9274494827361695,509.6780491080989,103.29076775225472,3,9,18.810090065998864,1341.3129475268522,0.105045471836803,0,0,5,0.3824605657624668,0.8827890573732178,0.4606537223209818,4.158958674294312,-1.3810372980473231,1,normal
7.50326741698095,4204.725721661504,76.66284507913507,3,0,5219.372090345592,3378.3483544720675,-0.0052699538296481,4,0,1,-3.924043779117565,2.9305683807763288,-3.316735443567234,5.075784106886151,-1.2223472454672906,1,normal
3.942669822984681,1740.3489680323369,14.97781668834761,3,0,2969.085067655384,2837.319863590342,2.5561927969107185,1,2,2,1.3091417608311746,2.258109343958032,2.489564076810634,-1.5227430555353216,0.2814674441850181,1,normal
3.66094037323346,188.76708584397107,24.90204319900605,3,9,582.9569775933064,640.6448370002404,0.8436110425323935,1,1,2,-0.41860345028362,-0.5939391459486316,-1.8307766013333333,-1.5264106637943764,-0.0638572618735025,0,ddos
0.7018413152190285,2303.3744956263768,489.7631682213067,6,3,4182.049521647343,2313.63473924553,-0.7931672134139233,1,0,2,-2.208508711729204,2.3999144827602863,-1.1753007303356844,3.995818905205181,-0.5700659951768614,1,normal
0.5211536478091566,1510.2847977905135,507.391312028163,6,3,2388.2322558750107,423.6457597459749,2.372639164194412,0,0,3,1.0453442172622125,0.3164630705770006,0.4441861552106562,0.7652177950231643,-0.2723280799133302,1,normal
5.221797552329245,441.6986070382424,407.7587645228638,12,0,2922.727186203955,1034.97539965635,0.7524426378566453,1,0,5,1.0111487722586283,4.455256124245719,3.489017840870134,1.4008878078927898,0.0368392746724348,1,normal
6.984652474894664,1286.8609767878063,9.31128921388634,3,6,2498.227212978862,1944.1252533191905,-1.6518249135705527,2,0,0,4.1762197594791495,-6.2197876244017625,-2.596410041688129,-2.257056359090507,0.4194701590300803,0,ddos
0.4438127065844516,6.185943213097067,727.047269488942,3,3,1468.2446946436894,115.4137391137728,-1.8500584508018016,1,2,1,0.7863641499960004,0.0438064708822794,-1.089665445140358,0.9873771655766967,1.311191266161971,1,normal
2.814729788740994,191.84321502958272,553.5324286348621,3,15,2042.6055396386696,622.5258569750858,-3.427833123544936,0,0,7,-4.080554555398008,4.7553662596890645,2.749380137597337,-0.2905143390089839,-0.3708944641279782,1,normal
3.5174463018961504,24.36328302656465,296.0452089418173,0,3,815.4653311934485,1070.8600939681533,0.5363601656215768,1,0,4,-0.1015206776971264,2.6056624503417747,0.5680910842057898,2.3387048452191914,-0.796201981973834,0,scanning
6.803361072558642,839.428049085115,698.7202796937405,0,0,2489.991530775548,543.1044337735138,-1.378744295162505,0,0,5,1.8471448128738104,4.365779417349802,3.2564576632121343,0.9813493375404384,1.180799201428261,1,normal
2.375500314277513,526.2002271803044,442.5566722085844,0,3,2081.4469593213703,136.36949841899423,-2.3772835668940493,3,1,1,-1.3452681201981478,-1.8255607009171184,-3.298284443588231,-1.2562841652193246,-0.3279221828393406,1,normal
1.9754202154009657,1639.0322079405669,143.1148361661693,3,15,1642.2653427957944,234.9232212035827,4.428502584691152,3,1,7,-1.0358246596391836,-1.985956834412551,0.4065765624766884,3.813255513250759,0.6481880610429435,0,injection
0.302565672237562,900.479809854194,331.8073729689409,3,6,2323.624307076296,1410.919344434382,-2.440458349497702,2,1,4,2.310349215023943,-0.2096982856031597,-0.4694649873689619,4.136436851659666,0.7212099576735455,1,normal
4.003691236841629,1618.6652336543689,153.98337666130897,0,3,1192.637843873955,149.3681960370815,1.01685975997454,1,1,0,-1.6907962902972935,-0.6864870340547765,-1.3784339400504635,-1.0199493156614576,-0.8497506914954263,0,xss
0.1234039529906739,594.4786287109556,545.5685506692637,6,6,6.341617128696822,828.3410946667746,-0.9037654443398224,0,1,1,-2.5007092322997826,2.125694136559406,-0.5658562063033312,-1.332143509499863,0.8837969461144466,1,normal
0.4092858953398043,154.74678007042476,599.6634882102703,0,3,1095.1226132606869,889.6605284980488,1.6211585599831475,2,0,1,-0.5268728904544386,0.7515669852125041,1.816992351087389,0.59647771301945,1.377268014548764,1,normal
5.149869324345387,447.9324978974869,153.33234409172695,0,12,3401.9795616021306,2017.5585321650567,1.3459174531321516,0,0,4,-1.676732186193952,1.7154702494930163,2.2446280835131143,-2.0390154359941266,-0.0796036377411443,1,normal
1.914992789859161,400.6195724418621,371.5828086984442,0,0,263.2608922389659,794.8669941146511,-0.4291677621481731,0,1,1,-0.9269122818530552,4.169729673541776,0.1058183605079885,0.946685890587035,0.2786765991566264,1,normal
3.3109929626789656,123.31960227590643,294.4907139219325,3,0,1553.734639441741,1365.5742781027543,4.280530330136584,1,0,5,-0.6822141241936801,0.3100296026466935,4.666532313854733,0.9433602936337168,-0.3398129361825978,1,normal
1.726997155379621,297.44483508628497,829.7448793547408,0,0,2119.8366069106896,619.8827276761625,0.2563428231795936,2,0,3,0.3807215590442563,2.275881894088312,0.6180636468726486,-2.2199070106651893,0.1772362266028372,1,normal
5.991787415183208,803.5773647482683,373.2093932210468,6,3,666.1086144307816,1186.4301174961722,0.2362550406192063,1,0,0,-1.886119786850196,-0.3878186467195883,0.0208338042552136,-0.276741242040845,2.0047809636935976,1,normal
2.2489639614738923,761.1343914732369,303.1425544685064,0,6,359.4976493578848,218.6859172488866,-2.10741248634572,1,1,4,-0.4346806238977551,1.5161259236805025,-0.0644952605614319,-0.2657677269085956,-0.5974511615523468,1,normal
1.148965408730568,1359.6422690471245,55.000255465802375,9,6,1947.8623601072647,447.2847944678255,3.5545343754936694,0,0,0,-3.1308042235876945,-1.0513413691174829,3.137079622548098,0.2585789445862723,0.0235572272866678,0,xss
0.679509386201861,1727.5662863739155,574.5500063727768,6,0,121.5512826166708,1508.2532353315542,-2.8839427976163696,1,0,2,0.9446450120542728,-1.1088481178545708,4.612846556138272,-1.705528147468767,-0.5843003618589079,1,normal
2.158744890299536,1100.362289934676,17.050521529592274,0,6,648.4540142149094,252.72121141230227,1.1072246249385267,1,0,1,-2.780197816449252,0.2962397451460634,1.2699371766555791,2.024795674118867,0.0957842390348531,0,xss
0.5808519329097708,1234.3885597779924,160.14660676710108,6,3,2014.842963403812,1532.065468048636,-2.6262190107428403,0,1,7,-0.6741038062457987,3.5596472897295284,2.231738451355387,1.4962477543111463,0.4372452458347703,1,normal
8.383386136320967,1254.6594458573536,111.97993610293165,0,3,653.9756355102355,228.83001571601343,0.9201294141553148,3,1,0,-1.6123613422092833,-2.2400830421065443,0.6738478289523303,-0.0439273007836655,-0.1464109618523374,0,xss
0.6324903589266101,179.57794136415538,238.68433170688976,3,9,1824.428339233403,1165.1752731912086,-2.6777734320887654,0,2,2,-1.206189344579833,0.8571341054532067,0.6900141478995369,-1.1162673446031175,0.5799571558298874,0,password
3.6227898812890302,1027.5928673033363,417.7221035622453,3,15,1291.689606872213,2087.490920168149,-1.3937599625221475,1,1,1,-2.9405942412971897,-4.17769028184867,3.5546860592315177,0.2812930060717997,2.119140524858257,1,normal
7.196860380941946,453.315667336934,48.22824753812993,9,6,980.9734346003914,1503.5601269736396,4.613989112556772,4,1,3,-0.1469778773368666,1.07590406320596,3.350114253952471,1.399061280997928,-0.2802687094211489,1,normal
1.2896501676294907,1052.1997741147443,114.06754449997123,6,12,823.5778849306113,17.42177173007767,0.236325164684033,0,0,5,3.909053437000493,-2.258548680581807,1.788298731992833,-2.1966964020225905,1.1337853483741047,0,scanning
3.3769426803429003,1156.7999876855963,328.8970354847562,6,3,1635.6589091947246,550.4653563289207,-1.26106694264506,2,0,3,-1.425085950981125,-0.6215644823487434,2.2898375351531333,-1.3694251768881025,-0.5245938294165037,0,backdoor
3.9842038243610696,1156.8139506293642,1127.3129519627732,3,15,1126.3268132634034,2109.851056808115,1.946275245498102,1,0,5,-3.710565894094673,1.6355426075063306,0.5629588285493393,0.1508153401824352,-0.2237371031540792,0,password
8.994977894566592,860.7637207707227,346.5404698491803,6,0,3638.197156616337,153.73882560070527,0.9920018022589752,2,1,7,-0.9186986003066606,7.57348487970734,-1.7319274353387908,-2.9486749922844337,-1.1096946464298094,1,normal
0.8235041276452832,275.4756565001844,67.42735685437009,6,6,342.27831468676385,461.0424667676001,-1.5717764707661614,3,0,6,-1.152043171861986,1.7113281624778285,0.1048256847447262,1.4678974438615189,-0.37392636247292,1,normal
5.090908980076821,1.9683357773538912,45.29982206241831,3,3,2837.776451879457,715.3067686079513,-3.5900076061855746,3,0,3,0.6111298627201043,-2.1173547875689254,-2.6975266147279533,-1.215486272784878,0.2060817045973008,1,normal
1.5317735408795572,58.74025343251799,516.5493985473427,0,6,1061.416585530579,513.6225850905014,-1.356512746336911,1,1,4,-1.103555817382366,2.092209791458986,0.9731042578234288,-1.1372246361635214,-0.0924760902367577,1,normal
6.603443491439105,762.8406850542457,307.0804524109175,9,3,75.14396982157284,616.6932981268691,2.6010362182046505,4,0,0,1.32832451794474,1.2562144245865288,-1.1100994056359843,0.5540122913387349,-0.4938761821358128,1,normal
5.858639864003009,1448.0644863129307,658.6181651403713,9,0,1370.7486089987076,1740.735024002997,-0.0590224729784696,1,0,7,3.4184164644622195,3.424607618772169,-4.10050110494155,-0.2076924687233745,-0.5391716024848889,1,normal
6.219201575873507,1142.3809524056878,383.0681616198328,6,0,1101.5104836701712,1894.453276184416,-0.5430594925818014,0,0,3,-2.1295150501428903,-0.0064197468603255,2.983037476348668,-3.058521794645001,-0.3138297015276353,1,normal
3.3051866847052835,631.6728855874549,12.355502630226283,12,15,2675.37411397862,851.9943945640598,5.736262868071195,0,0,6,1.4431264462104634,1.6127481940909114,-1.8051761728790336,0.8801912212860723,-1.5884530936697172,0,backdoor
3.8541711127767297,1733.738760902083,1066.0762241075165,3,3,4771.311130569072,1522.6761279675532,-2.4121573255378927,0,0,3,-2.0672035807500224,-0.005790537444551,-2.581279221453736,1.0745392177850386,0.8956055404195187,1,normal
12.552143989587648,418.7879854172053,285.1961943852084,0,12,1269.3096927556855,1419.9910757638313,1.354748357534051,0,0,6,2.5381774969805164,-1.7747699659917693,1.8166622012092748,-3.650569442585733,-2.160477744930089,0,injection
3.970779488514737,786.8754969140617,666.6294035015836,0,3,400.54736274476426,1415.124343837326,-0.9627135541328324,1,0,5,-1.1268824946691425,2.814551503585771,-0.6689980401132808,1.4092219277106914,0.0513833133553093,1,normal
8.74136437802344,100.96127577711228,176.7895465794726,3,9,498.1068243516186,232.8287280995439,3.138747014833694,0,1,1,-0.8832479145487488,-0.8582548905289527,-0.9828308546439128,3.691695174289168,1.29715896118688,1,normal
2.782697606789028,1646.4588108082844,86.83938668687486,3,0,1269.0123320900295,484.5910730962413,-3.8827329135954223,1,2,2,0.2156630019435814,-0.5135991747591899,3.362901527322101,-1.403025120859878,0.9305772686623284,1,normal
1.3658280134078906,1078.0349985729313,418.4859486669664,3,9,13.668370829127063,47.57456184960352,2.0977594230128607,0,0,1,-2.7718454458683164,1.883771798495719,0.8789677976130754,1.4181217942147597,-0.8425004556978724,0,dos
9.046525379942848,525.1758308494171,562.8661194989611,3,9,1347.275328641059,882.3661789662873,-2.6813152498450235,1,0,3,1.7093620386021884,-4.741608743236357,-2.4895241062515865,-1.4925117335928555,1.447088263604324,1,normal
4.021429813760871,661.0771495598412,448.798935371124,3,3,311.0440402816489,851.881475799213,-4.032937557417172,3,0,3,1.6856602303896742,2.634546616858353,0.6120943765398551,-1.9426483760521456,0.2647700719467503,1,normal
6.387706925018914,1292.1204102915242,405.7080455899185,9,0,966.6565849734088,694.0523904526549,-3.7840117160895046,1,1,1,-2.0181203925714737,3.1882223824352787,1.628665000461786,0.5867771481526503,0.270165841366112,1,normal
8.280380356189518,466.1910543211622,441.3240656644542,3,3,1664.821604502402,158.52144955820282,2.9049118037804047,0,2,0,2.706988695620695,3.078746396901177,2.18993207793592,1.4256590438268826,0.142679067116094,1,normal
5.294121996409256,917.347669941377,568.3906425866962,15,12,2125.341403616006,1251.4667068475703,4.561504781719472,3,1,0,-1.620195584282173,-0.2926305086738037,-0.3197364735449544,2.2563192353833936,-0.6591775377109892,0,scanning
3.3064394941141275,1340.269860872328,656.1469127853953,3,9,3877.2589786766607,2794.7598482109747,-2.745221359078988,0,1,1,-0.8788991378973847,5.674323616220257,-1.52199733947078,1.7001992929424514,0.97994197923162,0,ddos
1.4172406182041908,1175.9247967267177,517.5211106470281,6,0,646.1478492616345,930.7396208022504,3.1336505918875988,0,0,1,-4.874338942736084,-2.2307851411904007,0.4904104741397392,2.193801860166403,1.159550632033914,0,ddos
2.682386770247569,1009.44883612161,351.8712991088518,3,0,708.1755539564863,1230.7611281286918,2.272130983675188,0,1,0,-3.0094582571883794,-1.4264936401530166,-1.4464185003233487,1.0004090292206258,0.89862040608836,0,injection
0.6887461326825959,1272.948784138224,389.9222354763892,9,6,1282.7891093384042,1024.957064831658,-3.655425656808698,2,1,1,3.57420974305235,0.871014260733455,4.231825293072771,-3.6196831341000655,-0.4649910343310734,1,normal
0.4377502008673958,1831.27318440265,146.96513874305938,3,0,2999.071700144405,889.1423722960207,0.0531617576832066,0,0,1,1.7358645683607885,2.2904106150460564,2.0003846656393587,-0.6215143324582142,-2.1606879254846625,1,normal
6.094869658151571,1778.4784152512932,342.5545255857786,0,0,864.8938184048455,2851.281149490664,3.389471568072876,2,2,6,0.2953106910056129,-0.5028067336758995,2.351987519814834,-0.1437645829727876,0.4982224247100781,1,normal
1.3440565947083356,476.7928555346971,113.35508255821804,0,6,1338.8015433281846,192.22891930801583,0.4442269725273653,3,0,5,0.9537370428708398,-0.2897096123684961,0.6906118971832744,1.2152985433522745,0.780163910044869,0,scanning
13.65146144572658,270.33371370207226,243.94587217954464,0,18,490.8029916081364,976.0407349882586,3.515145379605811,1,0,5,-2.916852417248668,1.608349708965941,-0.4030226860988135,-1.523620596150097,0.0335223494258738,0,password
7.751987886404011,876.6224817973895,208.3104379196418,3,0,1847.780465367941,846.5500666682133,1.4976858351348306,2,0,0,2.5755641651822616,-1.149314765432975,2.7271738840435327,2.410603141976474,-1.8901630886899508,1,normal
6.2744865342252,16.324348425779345,189.6391165650556,3,0,297.62199686373066,1400.9220552067077,2.436266356022017,0,1,4,2.3810144962253563,0.3432375284409668,1.1145607847940124,1.3304113623450382,0.6058750139536627,1,normal
9.822365403259695,13.270255128237984,1028.4446651602302,3,6,597.5783413513651,574.9755164272116,-0.7798854573649194,0,0,5,3.2433731281526867,0.8011078696194491,1.4648530355160851,3.4444916336974574,-1.3478703974053037,1,normal
3.745128341293698,20.229092747767297,277.3357877874966,6,3,7.755561907783235,935.589480812589,-0.5723966905876989,0,0,1,-0.2319694989818483,2.3536120868676864,3.927043244226113,3.430005734287554,1.0251855662881306,1,normal
0.0211286864458178,529.0341813144618,171.3237004388622,3,3,1925.8818529322573,1621.597715555166,-2.638976552456038,2,1,1,-1.915069165071267,6.25091481337183,-0.7310911539502221,-0.2760470075178253,-0.7109334427522018,1,normal
5.11545118083136,1960.3763718199773,121.4308250780084,6,3,1146.3682351537686,2426.139915494753,-1.8081137279700417,1,1,2,-2.696978037365344,3.4105064838095567,0.5236258504456298,-1.2192492491980098,1.933533510149773,0,scanning
2.688738338023266,298.12507450996696,697.724486057816,3,3,784.9658626936741,73.69194103966747,0.1413729765910831,0,2,2,-2.9460414716272267,1.2216662139537329,-0.4876709037351355,-0.5440057886860565,-1.2064182481798755,1,normal
8.38832648969775,1631.9984830298283,241.1233743493644,12,0,629.848733978592,2471.113292201085,0.5625001210820005,0,0,4,2.6930871604068094,-0.8640370149671817,-1.172305561904577,-0.2544077676666869,-1.4600409412810396,1,normal
8.97247942952643,672.7717556402702,228.09313096428528,3,3,1894.7887761249483,169.34631300814317,1.251094119409869,3,2,1,-1.309952607390659,-3.235759437763204,0.3523474434355683,3.217893815119078,1.2236951186138465,0,backdoor
4.501577708666388,764.5186157259051,351.93295922971663,9,0,981.20299397285,1217.9057330478377,-2.776145943116634,2,0,1,-1.0130467933207166,1.021051914095988,2.9358063072478418,-0.2656777002842776,2.168569555511465,0,backdoor
4.348111322362782,2589.245459542626,603.8101013700878,0,3,1064.7898327694843,1534.7301555094105,-1.839681497916129,1,2,2,-1.4796061324064749,4.662569394329803,0.2037466571831996,-2.4299322065030204,-0.3871989411680128,0,xss
10.26658441470969,937.2175501613268,36.2621573966617,3,3,491.2256721035481,1038.1718346432524,-0.5415992177088389,0,0,4,-1.250119414979515,2.711100146667036,-0.9684080771426224,1.837868235910327,0.6470374077656937,1,normal
3.974967384538112,481.33201145042415,58.1606909728247,3,6,839.4061345236329,166.28580094415682,-1.343101141422767,0,0,3,-4.189031816868951,5.211763745143688,1.3681663393676435,-0.9394564554453996,0.5926534984384542,1,normal
0.2898340739749743,535.0738451381533,537.0600066190092,0,9,1961.138004218014,882.9544476326445,0.3266017989765295,1,1,5,-2.1425700785954884,3.784422332126152,-0.8591544629044632,-2.297100747181269,1.787976512460243,1,normal
3.908256683032681,208.11918575720512,632.2324316848243,9,3,1331.521760408521,207.2832245140844,1.827121153082324,1,2,0,-1.1491072223520662,2.001574297242501,4.6016770889829886,2.9830866201072235,-0.3756384875659097,1,normal
12.642224082211222,1209.6762152672893,542.0568403320425,0,3,304.62879528834753,1753.7504505643838,-2.282978524280753,0,2,2,1.3769839873203644,-2.467191101304551,2.6662346293837555,0.0772900296375356,0.6042464749704577,0,xss
3.2055540400833133,1884.802511988781,391.0097583261148,9,3,2069.7075104649,2755.73451124485,-2.1458720117222594,0,1,5,0.0612980197991348,2.150831559354099,0.065803763828798,3.145554927557793,0.7760092675610694,0,dos
1.805781083641352,1307.380319191664,417.2475655353484,0,0,1357.2463906179023,596.0276443466734,-2.5981712724515216,2,1,1,0.1993148798057991,0.906128764054617,1.752401982922399,-2.189536380682108,-1.316818493854702,1,normal
2.3661375049848496,122.91927181229146,575.4774045117881,12,3,793.683150463356,1189.3697992947384,1.7846714328035986,1,1,3,1.1715770787951632,1.459857367897974,1.5954242596328108,2.241381697952822,1.4647420628852883,0,injection
9.785847524235438,113.57950770495056,493.69545801241054,9,0,412.2204099950928,415.4585454830831,1.1001705998688671,2,1,0,2.757233178579744,1.3812283188152663,1.888373914702484,2.062284164573362,0.6032991832180488,1,normal
4.396346715297678,938.536431246535,779.6293431892782,3,0,1441.0980872722137,721.1037588253497,-4.078583759607713,0,0,0,-1.5722500363544518,3.0099278370611904,1.5721527951147063,-2.0801242579446457,-0.2345664826430508,0,xss
0.9033391832813452,64.83377124741563,351.72095467837335,0,3,1291.2844972959483,84.40056646372396,-3.643416149931973,0,2,1,0.6739973328546076,0.9527446017629352,1.0931780319481308,-1.699082005808175,2.5590679518615107,0,injection
1.122338922081726,579.8604668886397,436.1428430146212,6,0,1991.102854250491,131.70533284592585,3.3697427976149044,0,1,1,3.444738605898962,3.308358707938835,0.888770959314042,0.9304956164526712,0.1775784618774886,1,normal
3.1496528537286994,767.2817115582895,613.3192913294697,3,0,3631.5433989289154,2811.9483158524213,-0.8985034015478361,0,1,3,2.683160590105816,3.1480771532702567,-3.34850517903424,4.00158258973609,0.5841635222248721,1,normal
3.052650824566271,2538.708996947703,833.6501145072835,0,0,3837.75716491213,1964.0422321131205,-2.612041289945941,1,0,0,-1.714463077671963,3.509910926517942,-1.9094396300264544,0.953203615747982,0.1201702711310056,1,normal
2.356813746766904,499.19937173295824,275.49397423695814,6,0,1659.8420579071924,184.65959943524,1.356965233633839,1,2,2,-1.5184289386889671,2.989301981040777,-3.061647469426066,-2.0289205066323213,-0.2133334474778226,1,normal
1.2614987594542668,124.28257749836158,176.759134658236,6,12,1630.9546215210323,838.7436764154044,5.748945652129838,1,1,2,-0.7875550288975,1.950938313572792,-1.832096592579133,0.6846541209584887,-0.0952864910909054,0,xss
3.454931222108149,751.0609103402094,279.45109704241435,0,3,2573.6885902916792,273.08451474465323,0.815498049379251,3,1,5,-0.8658214785877766,5.442724954249734,-0.8418139427909213,-2.6729511945355364,-0.5979470893432012,1,normal
4.983181675869143,689.3811899113831,482.5457414062674,3,6,1414.3292355970243,784.8049143186454,1.2962614414008355,2,0,0,-2.805144186067878,2.3710536111554275,1.3903162641846107,-2.3354731125458925,0.2271188813414661,0,ddos
6.429507196820941,488.71252244880304,155.88523318571396,6,0,135.93751685195687,522.0248504820302,0.1808645988291446,0,0,0,-1.4547558421597246,0.2872490128533403,0.1245038007011138,0.7537323881958902,0.7604214210828919,1,normal
3.0284449452454982,1223.029232642231,1057.3574676985018,3,3,1634.076358047963,1113.1080831247623,0.639849119267107,2,0,1,0.3287056219051433,1.4093772368443414,0.3665230299024674,-0.7428948475855848,-0.1324046922067742,1,normal
3.732291458212813,1220.9626123475496,260.60930787515144,0,6,3472.2699251574218,188.5178911206536,-2.224797795592357,4,0,1,3.600381248878594,-5.242221883534348,-5.34823649482927,-4.53986070295879,0.6358273290640216,0,backdoor
1.5903616294591694,1236.6936692929542,496.6237474615464,0,0,2001.3237716555127,125.95111487250529,-1.2586313502186852,2,1,0,3.420113687299903,-0.3735701035401466,-2.5136360964683577,0.1398099901586214,0.4266248307098657,0,password
6.0524638950277385,257.4215199292223,206.43056884680885,0,0,2232.7015026824174,663.1313466201881,-4.479119805642022,2,1,1,0.3791363306797832,0.6214008335479958,0.7338710050521522,-0.1619605775944679,-0.124443769585972,0,dos
8.361961673782824,1125.3310871179533,185.3878067474133,3,15,746.2229376762563,2115.3459150013155,0.6591353639129711,1,0,1,-3.3169096031011804,-1.7753449839812567,1.1087754061115571,0.4804657230360003,-0.8872452120633375,0,dos
0.0283186569925226,685.7427788631963,260.84042669310264,0,6,603.2234708730267,284.68582985429765,0.4869377389600662,2,2,5,-0.8696914248061716,2.947596746280132,-3.3243522949996445,-1.9839313654934243,-0.2487329365310252,1,normal
3.33686636087801,1583.290634984794,82.09782219525988,6,6,1552.1934664961566,715.0727560283377,-4.57099901156673,0,1,0,-1.4270010418430723,-1.1222998428875826,3.6400338702586543,0.6238952227172512,-1.2923454491970812,1,normal
10.631132838431176,95.061522075098,426.39250199586695,15,3,541.3707142967519,1134.6035904664368,2.992339362456914,0,0,3,2.118821193328611,2.373142380104137,1.517025892376037,3.841108390319307,0.8436011036625027,1,normal
7.734528697757542,1597.190768991782,525.4083932325842,12,3,3924.5677418441255,2424.9274410764065,-2.393814327447812,3,2,0,-4.050630967026291,1.386965341151361,-1.500554327087769,3.2365301301413414,-0.5047764314993323,1,normal
4.352634125984275,724.7880365397768,568.1299208683988,0,6,3213.14228916804,1841.776451930432,2.6632090048481825,0,1,3,1.1591700781037335,0.7039024463125101,2.379218678468318,-3.417266415606105,0.7151804495960462,0,ddos
3.7788015320344384,344.3422762052122,30.2843692895939,0,3,1764.630773565022,1938.4239130855933,0.215910624982639,0,2,1,-0.6684836676023871,3.337342659067037,-1.99446636167822,2.012561504776629,1.6532610688585596,1,normal
2.667842731068534,1679.7992164126986,201.65591593727248,3,3,922.9976227435284,40.28007727651575,1.3014859047471563,2,2,0,-0.8887822080513468,-2.4067660121302072,1.4640712395319726,0.6994289602978474,0.0464739579545532,0,ddos
1.813074697483996,851.9799645332387,1082.9662967560157,3,0,38.06001557570345,194.20797532412888,-2.1331973580594736,0,0,0,0.5428619562268799,0.7728575402960323,1.5926058020731788,-2.237313997740924,2.204537592159644,0,backdoor
4.29731231835378,717.4255797865262,365.098758389753,9,0,340.77457920701926,1252.2226213370714,-0.3560158488750126,1,0,3,-0.7833471920529533,1.6769638900678954,0.2487277210517825,-0.7318374818806436,1.402754578664065,0,scanning
4.017025630848568,406.6021846692397,761.2604969709513,3,0,1104.7457937795762,469.3035154303484,0.1794013953074225,1,1,0,-0.9756893330630249,0.6901567049748274,-1.2953791194558224,1.8172594177069368,-2.006706715501759,1,normal
4.730521914599909,313.2377052004361,65.15202213168705,0,6,691.8058533571498,2065.493888231017,1.7305152260063963,4,2,3,1.7113020660066127,-0.064274618709597,-1.6309021574768054,-0.5608474788725752,0.3603274529535183,1,normal
3.2428719761812186,1232.1289296843772,475.18576455802895,0,3,2424.3288810147183,191.83175564476247,-0.6566044522964376,2,0,2,2.4653409562329784,-2.6382231419519355,-2.531481536798563,-1.4537189968809867,0.0999917868590175,0,ddos
1.857927668035733,635.4537068065216,139.2148204976928,12,6,487.5869259666479,1242.6718124810334,3.392752962536024,4,0,2,-0.8781244702747408,-0.2515894888581089,1.2855819407704987,0.9801284009599464,0.8867296089798896,1,normal
2.5761836487911043,401.8834774273879,210.2584913625562,6,0,2553.3042553427463,1549.9890845761493,3.8966153279155904,1,0,4,-0.3618465727437572,1.7281387376013029,6.257504655611282,0.6191721695139318,-0.7054081798228682,1,normal
6.005536711692531,179.41824627852958,378.9939604683168,6,0,1069.7115184910635,742.412301018247,1.050550967714497,1,1,3,-2.6163374696306567,2.372149001725662,0.1378902351760811,2.479557416071212,0.4248119129634639,1,normal
0.5544655612574486,698.7740554204458,193.3298843348576,0,15,480.2004384242584,97.00970699671484,-2.349909630687792,2,0,7,1.6590622446482446,-0.6804604718883498,-0.607145857177292,0.862923376365371,-0.9463566923909272,1,normal
0.2869702222539465,1103.1084211310497,44.12942180041007,9,12,667.2006870311396,2387.0313030063407,-1.9049805255917884,1,1,0,1.512577588491156,-4.767608708992755,-0.4422467895529901,0.1421888366284616,-0.6606575068470326,1,normal
9.898590268101474,955.3951883733832,80.32768406003704,9,0,1806.226554627602,1170.763980022643,-0.5765715314183255,0,1,0,-3.009332206998881,3.3172835427648337,-1.8374269891731965,2.2490794761533897,0.1724084145044395,1,normal
3.998861588683174,424.6824567005808,146.49771180452555,9,0,973.981942000592,1357.5743598212896,0.2431885360184398,1,0,1,0.0136795361432056,0.402615096133637,-0.1582531898107604,5.478558036920793,1.620249166627164,1,normal
5.393673470857987,362.0317424960799,1772.990998331197,3,6,1540.977259930222,784.3474831985085,3.488078989931857,1,0,4,1.135498733386599,-0.2412533578696145,1.0492226730737757,-1.583229749866126,-0.2655540495772099,0,dos
7.328843059818761,252.8581915189349,681.1804087030337,3,3,564.597190439901,401.6933094427693,0.9960460975345254,1,0,3,2.4962048129647627,2.383800942223232,-0.0998625404189483,1.9001572171694407,2.073105309986837,1,normal
1.076118169240693,672.7023261027615,711.651175787103,9,0,1424.979976648759,432.0914187268896,0.5472473691102213,0,1,3,-2.9849757711322944,-1.7227714488038413,-1.5707179474624875,0.6560621035033454,-0.6550566993685167,1,normal
4.687299146178985,301.09959331130216,183.9665827317595,9,3,387.85659105908695,115.42489932832105,-3.3149320099095627,3,2,3,-1.0960430827155898,1.8627780071520863,1.2655876572543192,0.5938831140034555,0.5153160395872952,1,normal
0.2704744020361108,750.598714322008,813.6012069558078,0,0,1165.0117236481756,301.7556672270411,-0.6465097133217175,0,2,3,1.1168058988997938,0.0368167481964363,-0.025442339646587,0.939507538094424,-0.2440673750889865,1,normal
6.957559507941252,487.3945433454785,24.48417797909061,9,0,1127.1568618543286,1238.5376230611355,-1.1675884364217155,0,1,3,-1.2668284146713085,1.81126005396961,-1.9971888058414515,-1.542275680036002,0.3454405611163147,1,normal
0.1869926432916748,1084.8606442932423,574.8945518868316,0,6,23.800914949761378,159.94606981330662,3.1249652477522885,0,0,0,-2.9514601877607403,-1.2165815624460503,0.3966565314537551,1.771112714208095,-0.6606683991196981,0,injection
0.8326478484597526,42.15770828553811,250.1613071923495,6,3,1663.3355019727042,48.04278642779569,-0.4973102471093034,1,1,5,-2.2854885724692027,6.003133592496551,-0.1013187996153832,-0.8704175231165387,-0.2704766984184278,1,normal
5.012638587111948,910.2342916616618,629.9246611956836,0,6,767.0483729586418,1565.7130802055804,-2.468898433680298,2,2,2,0.3662580501213948,0.4401408943176826,0.903583000053482,-6.827549082261292,-0.4591869038173012,0,injection
0.4330686014053418,615.6684161995369,169.14511139675704,0,12,852.8184397228854,258.96864392092465,-1.6607745917392,1,0,4,-3.714427395016436,1.6345164725599552,1.298100070930313,-2.9835574213630744,-0.8638237342148033,0,dos
0.2810508365246527,794.4725304369068,544.0833271556085,3,6,1016.3269959613784,24.97064773552792,-0.5746114403725684,2,0,7,-0.5821951138749815,3.1110913469240664,-2.7946935839981446,-0.8079242873335307,0.4673464263147905,1,normal
4.696988424348128,739.37788874106,142.26362848448073,0,3,1327.0269687787331,301.4233863969408,-1.411440950258751,0,0,2,-1.8423117259431585,0.0322893487318565,-1.9502160891228004,-0.321603726045945,0.1947180160782862,1,normal
7.499027746910047,630.8651989115036,587.1093292856408,3,12,79.89202051992802,713.5639616386618,2.6694864128206026,0,1,3,-2.1710660583114545,-0.8732100790438572,-1.9050946984831671,0.6306174685721966,-0.3858529841112273,0,dos
3.555774217606819,959.8758412169996,360.9371775525366,6,0,3152.404376961078,25.741181040360235,2.979547024048151,1,0,2,4.1289374947055375,4.651340795391742,1.2206768919638264,-0.0934784095626053,0.1164425699120841,1,normal
3.577882390690972,57.28545361165482,757.7909729588253,0,3,1506.1225799309018,660.5017188641509,1.4696910791751046,2,1,1,-0.7640431400081203,1.2943773520171808,0.4399557134699308,-1.83997788114011,1.17903667515575,1,normal
1.1025345149945178,1203.5711236077393,258.0458311371815,0,6,1287.0395281636495,645.655089181612,-0.4367034892633838,2,0,4,1.2119430967973484,-1.682080166503954,1.5552349629018107,-2.6842592880282554,0.3041923287299024,1,normal
0.3454827927841733,224.49245871125711,414.2552785283506,3,6,1348.8136511976588,438.3996278215655,-2.0047121464692097,1,0,3,-3.054759999047886,-0.2994044136737313,1.8859170354403456,-1.1500909446729355,-0.2560351977867234,0,scanning
8.528505645036846,1172.1567974309976,24.75216210155924,0,3,2551.8928062461887,339.33597919234955,-1.2486879995543794,0,0,2,-2.0455323791810502,-1.3294674544152925,0.013787489809055,-0.3377258652828478,2.06564420473894,1,normal
2.450525235606782,314.27856045502125,201.5188587790759,9,3,2592.2385450154297,506.2049735573729,2.402312782680196,1,2,0,0.7409387495943478,1.1045995820487395,-1.007043241608233,-0.420550591648695,0.7217724143094313,0,scanning
4.1535072488774585,2831.492327969286,147.35951272427369,0,15,797.4193438888227,2554.0423350827555,3.1537924507396764,1,0,4,-2.736061732067101,-0.5989018850904694,3.3475333511950938,0.718270773589178,0.003992375216466,0,injection
3.311491834754043,144.04302295917026,349.13221712437775,0,9,2309.133306892217,1106.366110375267,-2.684112114821587,1,2,4,0.8114291243336031,0.8203276577743925,0.1385767778091244,0.1673129459036264,0.7665380568591719,0,injection
7.363137071425819,1482.116738459751,13.80218680553527,9,6,1422.4800002635352,88.43194380832718,-3.82286911776968,1,1,0,-0.5487904606598983,1.545917143647949,0.4495897709503471,-0.2542519612550045,-2.396639174668348,1,normal
2.1891426031219856,548.1910648199472,194.73813067543523,6,0,378.9159765556168,1880.8252084070136,2.678226169576499,0,0,4,2.452497130068811,-0.3022457788462671,-0.2006333369506263,0.8174334120819229,-0.8739359755913803,1,normal
5.602496489174193,408.7933398156912,19.936044324583342,6,9,2304.35713822073,591.6688528395171,-1.7563481005358228,0,1,5,-4.235386442884421,4.621958882831765,2.0000951162674965,-0.5247917837000478,0.9725225020058288,1,normal
10.304788123507912,1684.630000770018,855.3085137456702,9,6,1998.338088925976,529.6287363683788,-2.7486405950420973,0,0,3,-0.7355407512770664,0.3742439077726712,1.0157189516979954,-0.5092173467831186,0.229770992264916,1,normal
3.295461026677098,803.4726507835055,325.14879922797644,3,9,1136.470981615117,1888.6834893462017,-1.540323159769966,3,0,1,0.7815936329352104,2.939588225609011,0.3792414030415201,0.778536952817096,-0.4464665261683674,0,dos
7.687009224403544,654.8935196324874,231.18179696890127,3,0,2186.379185476467,497.4904824380259,-0.933017651578218,1,1,0,-0.941308646587912,-0.5248202181770536,-2.857070696690122,-0.6645173454176279,-0.7304605292548103,1,normal
2.9251856005793893,1455.16888606778,347.3466978017757,15,12,1303.5265924987718,3.4047588416551893,-1.482602048233715,0,2,3,0.0853818287517098,-2.41810750503218,-0.3661330422551649,4.894176718888783,1.4210685952349915,1,normal
6.0841878736768535,1136.790405724806,710.3230056329381,6,0,544.1478749226956,679.4303099877296,0.5253115975935785,0,1,0,0.1582727031658246,-1.197699530427057,-1.2771449922015212,2.222353035535651,-0.9086888017953354,0,xss
9.712648166467162,98.06710097602831,171.66235322431112,3,0,780.7723247416471,1156.7385581951296,-0.3651263085512477,0,0,4,2.9377080006436738,2.288234852647621,1.316419033226247,2.551548868423932,1.0994389837272065,1,normal
0.9217192232173456,1208.931704778196,468.70809003573805,6,9,1240.233887931871,803.3166727904402,-2.2643113142607767,1,2,7,-2.178585975571802,-0.8203748959149835,3.323243831099653,-2.9990971423185857,-0.3871159182953843,0,ddos
2.000243856955556,215.0986646778883,349.6719464118233,3,0,2411.156208139538,219.70535176929496,2.2203645851998086,0,1,0,0.1019075885944658,2.9917439852633465,5.527294618746912,2.116861545643087,-0.7436841732028373,1,normal
1.4144209995681756,555.9622379918762,67.97864685022678,3,0,2735.72149041152,1874.0421071745243,-1.846617327266294,1,0,2,0.0005749131410921,1.7074575660138611,-2.761074164442854,0.6342269580660893,-0.4791197779182828,1,normal
0.0032334595552321,184.18492237480177,97.89340068871928,3,0,368.2660720837167,916.3671939043786,0.6744132299620467,0,1,2,-2.3762637436900347,4.86462429514225,-0.2922523397239195,1.746092699035354,0.993131122925274,1,normal
1.951687950339512,208.2211976068028,1120.6041228641293,3,0,1232.0635353597008,787.2270660595742,0.1154298486661768,0,1,1,-2.562408177010681,1.2475676445621122,-3.1780378516307826,-1.319195118451882,0.0954404964904665,1,normal
4.677206171550435,1597.5559612162697,710.3679288159274,3,0,724.7159413021176,2943.3566498078458,4.400570967340682,0,0,5,2.8104271918796124,0.8767149362333042,-0.0582850405751453,-0.5608889058615691,0.7505307537023406,1,normal
1.7026986819862842,290.83358113902324,441.8209492565228,6,3,956.3381930765216,842.9826003671337,-1.9684874033885609,0,0,2,-1.765844459712114,2.486834459284668,0.7245643019811339,-2.115990841102904,-1.253521429828543,1,normal
5.735641556784512,1776.8544405323662,650.5121212865314,6,3,490.00990703347344,868.6831557841834,-2.925549673514964,0,0,2,-2.50766602432526,-0.4776446727777184,4.305719232726872,-0.1872954994563584,0.4279027298576585,1,normal
0.4636926108302653,832.8414106872734,809.8944928411935,3,6,1130.983039095756,683.7978199934182,1.0340118264423623,0,0,0,-1.3514973503617385,-1.6801688641940284,3.787313649485769,0.9243036367059044,0.1169723495602456,0,password
5.305275458209497,240.3593342270227,1370.580931363916,3,6,79.47975134120878,818.4101470396229,-1.2390797815762369,0,0,3,0.1635131256890256,-0.15260577680497,1.3293849737180738,2.8472430034243823,-0.5115198714823931,1,normal
4.954919471296957,66.06096709161136,151.30253658748623,6,0,2758.327831806851,674.3928332818497,0.5713903516933725,0,2,2,-1.5957121535355343,2.581251064055357,0.9299983964250236,-1.113404424358576,1.704397728032231,1,normal
2.4925869863040746,621.0922706605619,510.2494451944195,9,6,1461.942813062739,1434.3135456484524,-2.277929117733625,0,1,7,1.4778543104627069,2.0041508605044043,2.4795250409507226,2.7474847072562056,0.6658587987789141,1,normal
4.244827382587646,755.5749530633352,157.145760047811,0,6,464.5292513064461,2046.4246021667288,2.3999705875838533,3,2,2,0.6192481171842698,0.5979294975541702,-1.0958576046380648,-0.751317093430427,-0.2010744731506056,1,normal
1.4767348416011967,2226.0711492379987,533.6532808812922,0,0,1807.0855557741224,2051.3730346233765,1.40537166159561,0,0,4,-2.2428742737131024,-3.1233885986674705,3.0085621940309752,0.0720736478640835,-0.682912495741189,1,normal
3.006733761208525,693.1962334005084,379.4427563735217,3,9,941.2890745693906,1270.569018872519,-0.2839250295290239,2,0,0,-5.449450919659219,0.8654591252675381,1.9940320975963344,-0.0583666265290894,1.1264006701403282,1,normal
1.147957201653669,1582.133014104011,268.33808090770697,12,9,1687.9587763393006,825.5046816509517,-1.4257943821302923,0,0,6,1.7781438308713686,-1.423920408586398,0.416051431663621,-2.7092588127326787,-0.2178579025102583,0,dos
7.507702991593801,2590.722790089272,1406.450066309877,0,3,3199.887200861231,1343.6852871434871,-2.918997233121021,1,2,1,2.4629758899633547,-6.246217558857983,4.131852385622416,-1.8673206079464832,1.0091267743572938,1,normal
7.828734154757317,1372.4738322478624,370.3058937929489,6,12,1074.1879779628955,1727.7142234873463,-2.229712522510714,5,0,5,-0.4660570905776106,-2.331782138497497,-0.4422579009420034,-1.4139733736022355,-0.7890757216433882,1,normal
3.619126522028308,181.51774869734365,423.2907907290872,3,0,1567.193724527187,920.5132133356489,0.2662702196696704,1,2,3,-1.0454683007781764,0.2448515158471438,1.720495086710352,1.1148270646224865,-0.910281562374515,0,scanning
5.013871536408601,813.8664261349642,639.3107406846744,0,3,162.22970456627428,750.1205956000547,2.200375274084722,1,0,0,3.519397282994494,1.5056391025943443,-0.7023153772889381,1.4499568943534864,0.800373605619835,1,normal
3.921057879040688,978.923519006416,236.910094454191,3,12,572.850688769124,1438.3394565569024,0.8404982515255115,0,0,3,-2.460151839039205,2.0273599261244346,0.2064317793542011,-1.8248716239759608,-1.291410606085673,0,password
1.285767356459429,1083.5019918773971,240.8208293273169,3,3,1045.8211071354594,2322.564809417244,0.8814967289139544,2,0,4,-1.847894990952568,-2.182687188195448,4.079393778557618,-0.8025774365570018,1.3626056085349934,0,ddos
2.266421232071828,7.795418790134123,496.2759601835126,9,3,762.5223704966808,2001.1544195024885,-1.0274701034317075,0,1,1,-1.61933512302294,1.8899995330893893,-0.5581614608190808,-0.8868991756008602,1.3375507149897616,0,injection
0.4492458718333886,88.64176439079563,225.9641384603094,3,0,616.6992732418377,215.7180627910208,-0.5778664673282458,2,0,0,1.225319851125939,3.796904404404693,0.8697471281968367,-0.591922500896574,0.3862520548610162,0,dos
5.42096405525677,335.16000253109166,125.6158227115274,0,3,801.3367591839205,576.8027170401277,-1.3980254696187815,3,0,3,1.440376300577533,-1.2702271066139763,1.7492928489227588,-1.1765359525701835,-0.1236049612962707,0,injection
1.3105839395474026,810.6355426163079,310.2381495854908,3,12,524.1279226208666,220.3207065367036,2.905632652021118,1,1,4,-1.6185690554598025,0.4591761073759377,-0.5476320412086506,1.5483178037758445,0.0497584879499018,0,xss
4.6020986556780645,2160.100284563924,157.87148463236662,0,0,723.4570045407944,781.0226151694445,-0.6831079315478148,0,0,2,-2.565512787084201,5.316745989018184,2.1514854811399107,-1.2916356215200675,-0.8461875066570879,0,backdoor
3.421152912050838,306.81092484921174,470.33997195508977,3,6,1473.991939375252,379.2790335897225,5.046037110216981,0,0,4,-0.3153805398380837,2.051175614946861,-1.496929034031915,2.550038926974924,-0.2601659444987815,0,dos
1.674769310377492,2326.3181782864635,840.7939689367277,6,3,3873.973540655249,1746.7409411569583,-2.937407816577946,0,1,0,0.6309284215402136,0.6356320617989825,-0.8779654774668053,3.971923150007592,-0.971779399027758,1,normal
2.97093396391344,624.7920748109802,1110.1934060393596,3,3,1665.8135731651137,1209.9650686554176,1.261975959940081,2,2,0,2.8125734119278336,-1.059383627086976,-2.319275963256167,-3.760584417574596,-1.744624613711164,0,injection
1.995767633958785,2276.9280300946725,516.7602476905159,0,12,65.76539433386603,862.346496330535,0.6825886617502297,1,0,5,-5.342074413469138,3.508553672973031,3.35924911415207,-1.5017897579159865,-0.5642253773464213,0,scanning
7.0801210806370936,1444.1346001924128,6.845038976014834,3,0,755.6601082008183,610.4456746830576,0.6230837517391339,2,1,2,0.1627140194310985,-3.142361110203137,3.159329214428156,1.7597116567790638,-0.4198876382335922,1,normal
4.917029917476033,288.83849333460284,65.24869145416972,6,3,1357.5599276645046,1035.6236273034483,-1.3614826474823027,2,1,6,1.3942282948088864,4.231611077700246,-0.6680877261077425,-0.1474600163240742,0.8619557055188148,1,normal
2.424502425066994,1496.074337133027,290.0189003812013,6,15,907.6267317714654,317.7646018498189,2.295319003717791,2,1,7,-2.4687800571825766,1.083282563973387,0.2738689380150826,1.4565423227839969,1.4985494970788673,0,scanning
3.633179434456601,805.9182479726228,374.2561239311344,3,0,1293.274680337231,245.35528777400955,0.2686987820238771,1,0,1,2.5017611096733807,2.077879758852426,0.3757088572406427,-0.1979819094792096,1.0118184392982883,1,normal
9.65805321489958,1422.0337243876018,292.2417538045523,0,3,942.7671552215318,157.4701710128717,-0.73206576825723,2,0,0,-2.1233375349458683,1.3626682095782126,2.413999776410793,-4.261686372722145,-0.1864560592054103,0,password
4.887735951952461,114.60016944317786,70.19576540288075,3,0,2843.728598989632,1646.119005245207,2.311303965757613,1,2,1,-0.488102248042112,-0.2597970254690582,-0.0204744778097178,-3.03689753315939,0.93128718468647,0,dos
7.207585097540666,947.0008452685256,344.5181772243205,12,6,1258.9900535399056,1147.1950022005124,0.1698625288718809,1,0,2,0.3178936025863197,2.2827383413508824,1.130060702545696,-3.142389939538852,-0.3361887862644158,1,normal
4.123031232391891,368.1860586735291,236.43049688333244,6,9,547.3080341521394,1263.2488998661654,1.2932065938742694,4,0,0,0.4456876468223903,0.4907709958243073,-0.6125995204741059,0.7386957205091964,1.4211183997980568,1,normal
2.190510703337184,152.37356375177495,220.82523113625507,0,0,1551.9916696169958,231.8586728727664,1.1100048605822703,1,0,2,-2.359699960306432,0.1801679016575954,-0.7468519626937364,1.2961635973152936,1.3398102633870084,0,xss
1.4510084045189342,122.64937554679943,143.8776671853309,6,3,1000.4832293207804,40.93633127752431,0.731104455359123,1,0,1,-0.3660591370182154,2.134551376529699,-1.1404873444395436,-1.7159611251858529,0.6853033707243462,1,normal
0.8024531639770764,540.87385170472,889.0082149604071,0,3,2320.4748637212538,915.7787841114456,3.163156163929143,1,1,1,4.040439684644404,4.219698483183686,0.5005191917128403,-1.7466839165393135,0.8565584507005739,1,normal
0.4437145978680878,1325.4358533563195,261.369801243028,0,6,555.83270876206,327.7487459657403,-0.5394328969416167,0,0,2,-2.7599132557810013,1.9682276466191884,2.4884570447808185,-3.211227351423008,0.2844425654467449,0,dos
5.695358950203061,978.86694121922,21.04641511866865,0,3,227.7812355397683,1022.6345648185456,-1.155256293538788,0,1,0,-3.2505229438519265,1.0894423905688937,2.137544391199893,-1.808557836187609,-0.8918773611369029,1,normal
3.5585388695068647,683.6937089459846,197.39999908789352,3,3,1270.3820622165088,159.5799170130811,-0.1119161731816438,2,0,5,-0.9607742418073232,2.8720445559720345,-2.1778149801621174,-0.6472374566123835,1.6249280710869864,1,normal
1.62513156945569,521.6057942269023,130.52256658609397,0,0,1849.977042805811,827.9775549481691,-0.5353383046600814,2,0,1,-1.1134470468699662,0.5054595926046194,-3.2848693015956822,-0.4780980369466845,1.130394942568551,1,normal
0.5885035020231422,2532.273734961969,593.8675376682784,0,3,3580.095081611157,979.5118149033184,-1.7362610986919744,0,0,1,-0.7022993267079394,-4.485811506917191,2.814403996954672,-1.5371786899122566,-1.4727607166389614,1,normal
2.4327801104706395,1981.0657260209207,419.05753873514846,0,3,9.643976833909186,1089.5637540049902,0.7476099143654305,1,0,0,-1.4423321819075692,2.356892993614048,1.0043060062966385,-0.6982564752018241,-0.6529308404126678,0,ddos
3.967242798086827,1169.4848921586893,492.7040948792962,0,6,690.2460823068747,979.6769542540504,-1.5702423497274205,2,2,2,0.9252677838140262,-0.6297204687605733,2.177665278994966,0.2934380846678652,-0.8955259600813067,0,backdoor
1.484434077257427,76.70922164982707,700.1643035220462,0,6,1088.2810049484665,435.9333075112751,0.6439483495447826,0,0,3,-2.4496558237813577,0.139608004871945,2.2292292229408925,-2.601335956940143,-1.41417158961165,0,injection
14.767819332272769,741.2583535795775,229.9002062234597,3,9,694.7818013202868,70.6156143273164,-3.194150659394115,1,0,2,-3.5837399661457354,-0.8198903043064132,4.330477799585034,2.4136156507400672,0.8167829716836014,1,normal
2.240798838728536,1225.3522426986542,120.32983251735028,0,0,2721.388506660761,1755.6917052158542,-0.5297340902579003,1,1,0,-3.007398936660273,1.082158963394369,-2.7883509453227786,1.5649992796486312,-0.1288342828995053,1,normal
4.192668963440112,850.4632123278706,160.28244253913203,0,6,450.4462791695124,677.6606674261363,-1.8314334323154824,1,2,0,-1.162321919890587,0.2310869473845543,1.8835499595336471,-0.4409110345184428,2.1764995322748644,1,normal
6.71901124218407,596.8120332080525,367.0251351614374,0,0,1326.1777264478906,656.3794804590909,-1.0061075676206366,2,2,0,0.3939831508349831,0.3240105529689566,0.1216584295484786,0.1655579191332137,-1.0108416321825509,1,normal
5.365639134840926,2527.416770101785,181.90249922972848,12,9,1455.3755423854834,717.5541622212061,-4.475914941733143,2,2,5,2.290562988206111,1.209180890648184,4.144757016521988,-3.417744303010397,0.5374659810275975,1,normal
3.284840578060721,316.579088307663,952.0387675114372,0,0,184.76467324973123,70.41678124147768,3.212679757175575,0,1,0,4.18973786229068,0.5160772636230033,-0.9082893412843472,2.483938719690648,0.6456300017635199,1,normal
7.075799436158786,2080.614060212916,49.608014793960585,3,0,2548.9188241440825,774.3979020033615,0.3251094667054719,0,0,2,2.7989520775825074,0.6647884831297721,1.954939164595904,0.7785948179411195,1.3054386468665242,1,normal
7.287961824932943,290.5966041694181,504.5313170577186,0,12,330.3723656385727,655.5790672210823,1.0523526261466725,0,0,3,1.426913011865118,-0.8459532888180277,-0.9386528714051854,2.8119269359415666,0.3144904408556875,1,normal
4.658984608062287,238.91178168724332,574.322959065296,0,0,2794.7701638713024,190.77354124390217,-2.014486162560429,1,1,0,0.5937439066977424,-0.9367793303993268,-2.148362102550558,-0.5973069110440841,1.3839203915761136,1,normal
9.931606908395985,1314.9622760132122,350.88558377769306,15,0,677.7729611126637,59.31769190763136,1.4180259620600677,0,0,0,-2.232716923919271,1.3685801496478447,-0.72766258661321,2.020456093526633,1.709333089418698,0,backdoor
5.300265508730612,1458.6434129433642,177.27660692778062,3,0,3270.174517561563,39.133666047475565,-0.7717150773478998,2,1,2,0.8872038802109152,-2.9842749014884835,-3.203443257296634,-0.9425522658554746,-1.3485593508059237,0,dos
1.653002422563158,291.6546892904563,95.66500393031384,9,6,2594.179751846683,1466.4188137065205,2.065246884623737,0,0,3,1.7919239713927904,4.672627638918283,2.667003342219803,0.9199811107308536,0.6286646615130947,1,normal
5.0793692972185625,942.4777553808448,403.1509868231554,6,9,683.324505360332,419.8734830454829,-2.312754117201407,0,1,2,-1.6895444506950308,1.1450473522001707,0.2862658624972423,0.2660654184294303,0.2411743769547762,1,normal
2.533261164733955,576.8254925319085,57.43263773668433,3,6,1186.8639185524878,47.64061164357068,1.928118751290783,0,0,4,-1.968928241755822,1.2067818414510476,0.0982442210837328,0.6269669375810544,0.0108243068190779,0,dos
6.898095437345173,1740.0401856422186,385.5647456391755,3,0,353.4923234909516,2398.5446552151093,-1.6108451329697266,1,1,4,0.3144419942169671,-0.0694438421762038,5.079452116953508,-4.255471708871197,-0.5216860826888167,1,normal
2.670936326734049,795.5881549313337,210.32699232865016,3,9,796.7274642554704,637.8697754829333,1.4573452967874216,3,0,1,-3.5879529721972983,0.1628717673932778,1.4141295482315437,-3.0066763259963785,0.3555831286307313,0,dos
7.770113970145289,248.26551487675164,379.974703123937,3,9,199.2548079632968,903.8804441544764,4.264518369029432,2,0,1,0.956901306591418,0.796875501301328,-0.868040213361015,2.645413396434921,-0.8959824367372938,0,password
1.396165710838141,128.90634193785266,993.9247448048342,6,3,353.05125189647,168.70231529219984,-0.5378407894488636,0,0,2,-0.0122265858651406,0.5710714273693089,-0.7348517906072076,1.9953780974678217,-0.0565218612269021,1,normal
1.660898913176828,120.41533050880116,52.403624497769016,6,0,334.66738410504234,290.4079537880853,1.5577720362472922,2,0,1,3.319395252911882,0.9961703641797895,1.4268329607833046,1.9380589142559144,0.8015623745609456,1,normal
9.090634426554296,769.0584623606599,233.3577339416724,0,3,1117.250341506358,1207.0898830837536,-0.7172285324977696,3,0,0,-0.6174230190640719,4.5351308402552055,-2.4972338898853064,-0.8076940704413267,-0.8208373436998593,1,normal
2.0710890881090056,227.0531311554138,377.5014381571295,3,3,1035.1499859102255,209.3629930008104,-4.836683314661067,2,2,2,0.4940027447346076,-0.0357615752365167,1.91172568152025,-1.1244536722174598,0.2197626562063233,0,ddos
6.9630058922547935,75.91597238578085,470.25315598209386,0,3,140.97541802409305,1043.309073262105,-0.3068795781782121,1,0,1,-0.925194125415122,-1.80507384039531,1.4680333661589855,-0.4093464181592283,1.0772640236713888,0,injection
2.9659077307705366,676.7773713410988,106.32499274882449,3,12,44.55953385629668,379.6565660629633,3.5596530971155653,3,0,2,-0.0040317916965868,-2.952795354521516,2.4166875251011666,5.0097883978311,-1.4303151878967837,0,ddos
3.963846955345836,161.90510384903632,448.1051913798115,9,6,519.8986729459831,10.499900417692771,-3.1250922417206235,4,0,5,-1.212589246951146,0.872424462279937,0.6454470901696452,0.1586107722691279,0.4704414045526414,1,normal
0.3036455212163237,594.6554443167395,542.8299969976433,0,9,517.8377768309467,433.7839882358591,-1.083628814441216,1,1,3,1.8211907735656512,-0.7757797287361465,-0.0198447359430629,1.6987382763040353,0.9859576461588166,1,normal
9.305625291490516,556.5734356522192,202.6982322398532,0,12,1656.0112481182748,1953.4010700801737,1.8690910388741109,0,2,3,-3.20455802775892,1.3870160245858845,-0.7802263700515153,-2.3318695579301574,1.7187396465477696,1,normal
0.7870821234496121,385.6242867239937,802.1373771076637,3,0,190.8637661025573,472.6088600602474,1.6164675284322492,0,0,1,2.700860173059324,1.5366920304749223,-0.7823749336450729,1.5872747126821811,-0.090603643627304,1,normal
1.403187447595459,1371.2525348317656,243.69035812331867,0,3,2243.258024591271,2824.6974678912684,4.467867713649718,1,0,3,0.707971031527797,0.6785063817684274,1.6540292837236752,-0.3887417660730343,-0.0438414583577511,1,normal
2.058315061942651,49.74682659662499,365.1225129455532,0,0,4535.050157977299,74.30361710975538,-5.960599988076909,3,1,0,-0.0028130858651085,-3.0689073835111493,-3.750916889700673,-4.022030069358359,0.8155167052485636,1,normal
11.311149817216084,591.6751418148432,243.50589270836173,0,0,576.3715680301787,1584.3558395532991,4.484578749603159,0,0,3,2.378989980102415,-0.5542572112446644,1.1618559969984894,2.371180772969417,-0.6705308088173292,1,normal
0.2793559876217618,568.1090731043366,474.01845712221865,0,3,1490.6132381829957,253.67938917874832,0.8629522527086544,0,1,1,1.3152540738966123,-3.269324069144023,-2.7936907418380708,-0.4645175365138508,-0.1516246669520198,0,injection
5.401528184359155,334.94319592860535,48.304524125355,0,6,460.1754752448861,877.5928210962267,-0.5877033905666217,3,1,6,-1.3596433038568678,4.272236486220757,-1.5820409630884495,0.6340747796840146,-0.94953083811562,1,normal
2.9277180867835617,1608.137913463498,548.5601188910153,6,0,3726.303485399367,2334.343423567227,-0.9599767914245304,2,1,3,1.562630083877987,4.772509540442113,0.9396316985833636,1.6882820968087484,0.6753758879669186,1,normal
3.982389545201768,401.96269312689816,1073.2586017137926,6,0,6.215557273977619,1304.8731088207503,0.0169958227946933,3,0,0,2.0754121451054712,-1.9305567736833056,-1.676222019756237,-3.2381355643132457,0.3599678365685835,0,injection
4.220893566984175,1072.6292547131634,21.6265377308396,9,6,2.863043369669575,797.8000965700807,0.658932579414326,1,0,4,0.4630732863181374,-0.917362984006141,0.2363866188186427,-2.1709940046742453,-0.3701647946871708,0,ddos
4.0979899652935305,876.6443413354299,550.3061979568788,3,9,2538.056308629124,904.5315598083868,1.4793314908300168,3,1,2,3.703515002937338,6.123795792278576,2.348037084179087,1.1754907702935422,-0.7666148813734891,1,normal
1.8817229780046427,1699.7124034667336,179.37300391198258,3,3,1195.691336674605,2911.528385480016,2.2229188190565106,0,2,5,0.4798370848513533,-3.854257095788353,3.122080560273595,0.914880712538228,0.4800705961273537,1,normal
3.1744769826052552,1171.525684195875,119.8906319846248,0,0,327.3062929267684,98.49487369279484,0.4529512594495641,4,2,0,-1.913982770747654,-0.1040649936134359,0.9481262796464712,-1.842285262881272,-0.9530127631179548,0,injection
4.144477738928448,1922.502124481265,527.1616870222401,0,3,3301.79476940276,2713.924424684829,0.3652859808362434,1,2,0,-0.9595170488995972,2.687067072917195,-1.7747562311049152,4.012906102184449,0.0357516986389952,1,normal
5.500736791138294,80.52721411274221,632.8333482398043,3,0,2617.080527304749,1244.9641668348163,1.5650706529167342,3,0,0,-1.847094617182938,-1.6439895113652476,2.8813826345290785,-3.657937180176496,0.3978127106367822,0,xss
4.021557111795629,1193.3458248988288,343.1886555281033,6,15,1706.551973629346,237.9796415601986,-3.905158582730985,0,2,2,-4.3899053164155415,-0.6913670478361116,4.475085610489293,1.974506873028887,-0.5961628013575638,1,normal
0.3900933190574691,2374.5403642306064,4.8515124577288375,0,0,552.2592026867386,664.6571126376149,-0.6749264335187704,0,2,5,-1.9805856022792123,-0.7452730342048361,6.867305632445418,0.6454604010187116,1.6992660645759412,0,backdoor
4.356717831771631,1333.7243675121435,575.2954287008101,9,9,2399.674651032255,28.10198013491627,6.67534813820953,0,1,4,0.0337344691542305,-0.4758536239991378,0.4740873360562148,2.440746637200172,0.6418414276356429,0,injection
8.538309243760384,50.94697724970132,47.17598817109909,6,0,3079.513030605292,112.06188246121484,-0.2180946652993809,1,2,3,-1.291477721795138,4.9356894511734986,1.3243776836382462,-2.038060262998782,-0.179242037506045,1,normal
0.3426078662954316,569.9725467387914,636.2905231017336,3,6,1058.5480386072345,157.8925469492229,-2.376956135236009,1,0,2,-0.9856555301847192,0.4294227274470897,1.9310198901205493,0.5329227734413859,1.2117837725864935,1,normal
6.030879047054051,750.0126931038349,341.8453628855411,0,3,2071.772308735452,633.6253390757958,0.1821734442077658,0,0,1,2.768338234377953,-2.7957243887728054,-3.2569129695820225,-0.2734294051163061,-1.5636952417921108,0,dos
0.1451055431940908,1258.6238829562103,525.8448425006108,0,3,997.0913405128111,883.2128275562433,-1.4666155290958791,1,2,0,-0.5003840833105756,2.4186777742635206,0.1028459928322957,-2.121659481971814,0.2623488772577104,0,injection
4.147762555041767,280.78403439571167,452.15491338522406,9,3,257.91698248054485,751.0500612649142,-3.4475698390249887,1,1,3,-1.1425940674240949,-0.5667609132573632,2.548675182066346,-0.3537101726327991,0.0727796800623894,0,backdoor
0.9269416757951516,146.6974303245427,200.0335501787085,3,0,2051.367711950104,1114.2676334788669,2.4847714464914903,0,1,1,-2.580260734593457,1.4725297267012118,-0.3441153357147788,-3.1690971830580974,0.2092240891809027,1,normal
4.177585593043557,1617.5124242440315,85.43177068127476,0,0,2497.15156861716,1723.4506016806797,-1.457498990796852,0,1,1,-3.2963997390712425,2.2247720055152334,-2.451529123017517,0.5987394902384234,-0.5529446045418752,1,normal
5.650355742429724,168.39048620026804,19.95585360783528,3,0,1427.726190271347,1520.204199600495,-4.638396006067777,0,1,0,-0.5118124296888427,1.2704216653874671,2.032252460082059,0.4455665241093169,-2.5281815962728094,0,injection
0.0204141182843611,1831.897740804231,341.7571614352067,0,21,566.7537705793411,1560.3745375074575,3.934280334942079,0,2,1,-2.7623539539605324,0.2143378315138318,0.3368779392375787,2.649561619447804,-0.7210032601068852,0,scanning
11.143830229685497,846.5880174978454,348.3225516126075,6,0,937.0064277277412,655.3498997111557,0.927649506542488,1,0,1,-3.528043032608391,5.478429861418433,0.8752553362321571,1.380841040821703,-0.3899103215196843,1,normal
3.583006986694006,588.8289364822857,399.6277497126316,0,6,151.98040332580263,239.6838001347663,-2.572527352896333,4,0,1,3.950690962533901,0.8168429513516524,1.1790863499153368,-2.716706379384589,0.2254172279784759,1,normal
1.324289444581729,366.4383687238432,158.76679328754517,6,9,1904.6237651985969,347.60144814792113,-1.1686690300545526,0,2,1,-3.823208133177755,0.995638829808917,0.0630122324795059,0.4673435294099628,-0.5913535020163658,1,normal
5.252386995918249,1329.733007929312,493.9085763031016,3,0,2972.026793604151,1107.317941590587,3.647620180092904,0,2,0,0.7687816600831043,0.9044344151643722,0.0214268259980991,-0.6960170265699813,-0.7235739151568119,0,ddos
4.333366955633309,2536.415034595067,458.7755253900832,0,0,3850.673045152832,2214.417334754017,0.1607164130712324,4,1,2,-0.7830546162592406,2.0142576694966907,-2.5419474232503854,2.8119542861367126,0.1391766038212062,1,normal
4.386437677109855,97.06895859126018,49.544049782376646,0,6,17.467561696732144,1298.0954989319143,2.5204622428429984,0,0,0,-2.191889542412785,-3.19726031501618,-1.1723929470672896,-0.4616075814460884,-0.3250634718237948,1,normal
3.1803590260473333,1284.3823889321875,492.4880119721041,6,0,945.5924783691498,644.5627188716508,-0.4831480852088841,0,0,2,0.0933150566297675,1.0610820000485173,0.4277717941053059,0.534371419096485,0.2745748660701049,1,normal
7.363078423277893,735.5144729878575,315.6667596372139,6,3,474.4717694826565,449.712306809613,-1.5464763779390434,1,0,3,-1.546617136623777,1.6174059299422785,-0.1323357861242939,1.00563421940374,-0.3796932021644228,1,normal
1.015062370198983,1160.735709140671,56.21644795395632,6,0,2639.9977714761226,1042.3492839535647,1.4912370267823272,3,0,0,-1.6950764843337671,-1.4262192382257577,1.5214516158270055,-3.755295418744911,-0.1398491348623909,0,dos
2.195996491216662,2449.647499901256,577.6767800624286,12,0,4589.304880178569,310.8068118019963,-0.5303708106771761,1,0,4,3.4919990824534057,-6.347414627873534,-3.756680437726717,-4.35485071318684,0.2813317715254495,0,injection
1.1000942997757632,584.8107388280076,169.33094267053693,3,9,1443.3034173342626,1198.7811891610918,1.9424911380932253,1,1,3,-2.041760852701189,0.1412769689558655,-0.6703700402802524,-1.0047693636682742,2.5160578183199807,1,normal
3.783895866786768,286.2064820323848,165.36136928087782,3,3,1174.8694251729055,812.7299913883162,-0.0660763865388722,2,2,1,-1.2432886002574863,-1.6663584823460522,1.0900759278172854,2.9346548195738302,1.4248282957589498,0,xss
3.6166357361770007,2564.2423261155245,1292.0734885022837,0,15,2253.79990105281,2449.677699437105,-0.0277475396058524,0,2,4,-1.3352810823307577,-1.2671615207173297,0.537219459326902,0.7556893026256148,-0.1062924974824713,0,xss
3.504532480830384,747.8060654891924,409.4975315183931,0,0,345.61504379411,71.79837063523125,-0.1631689559267723,1,1,0,-2.52739945026992,0.5471515769887456,2.0995535916144443,-1.5737543018698044,0.3724930719407626,0,backdoor
4.843262381409455,894.340899247581,233.13088971604105,3,9,336.26029290882315,2174.991353590114,0.1901511741007526,2,1,2,-4.95164816395844,-0.73356264281572,2.145629172347438,-1.296926989425063,0.3892294903228993,1,normal
2.032192214231622,115.32250284310864,696.5357556479197,3,0,860.2086034351898,325.508527649221,-1.328067248160332,3,0,5,1.6700936430698452,2.0286132955056377,-0.7872963483593096,-1.123511208805703,0.1908742023669351,1,normal
1.5436599920867278,736.0560473358044,304.91505891680043,0,3,425.2920407522601,111.83074886684504,2.367575807261636,1,0,1,-0.9191295584571164,-0.5133213093027692,-2.052701761369107,0.4391382988719933,0.773442400927384,0,scanning
3.250440850814557,1516.4196017227805,43.67856119903561,3,0,1083.942460857983,737.3903589541746,-2.8680635100877936,1,0,2,0.1515754150356336,-0.4814843139262095,3.384648026180545,-1.4241159110087822,-0.150520246929815,1,normal
2.1817693503513818,1386.8148909762467,216.4567691004255,3,0,660.5935875509224,893.9892927738725,-1.8499075723553204,1,0,2,-0.947125680099745,0.6036462857180458,2.439682458815962,-2.126177372365222,-0.0928288579555219,1,normal
3.288865075998152,690.7824020843262,835.8369993149598,6,0,874.8076314620755,316.353913679469,-1.3819066062126533,1,2,0,-1.5494934547980197,3.117955064254056,-1.8103035237354383,-2.6793655674163217,-0.5041203389067684,0,password
1.3725151876203832,1370.1911501269385,267.5621416193549,0,3,1236.6320852496626,476.0426204323527,-3.755601426986308,0,0,2,2.854369452027586,-1.3328440505681305,1.91954459923596,-0.4235569105099139,0.2060498922244979,0,scanning
3.63165675987534,1294.0614961258618,723.4475793184807,0,0,1128.1432359452351,854.8121705809147,-1.862923763444616,1,0,0,-1.5230833921146083,4.214507140048437,0.5100006441721234,-1.2407078067281123,1.6392379621970905,0,xss
1.5308682616236933,1303.3872272568,1137.018126170497,3,0,859.3475393934441,606.1585254923738,-1.498428899946567,0,1,1,-2.140238563799562,0.1062169514755113,3.390834951649229,1.0012655468329024,1.584641611060406,1,normal
7.804111526860495,1059.4097925378194,229.1422468148085,0,0,1456.569811269569,457.6713884262948,2.2871628023323933,3,2,2,0.6988009307673546,-0.2550328602578632,-1.8105746561416591,-2.509144435702205,0.4137691954969179,0,ddos
4.34991956662886,2149.37048454876,283.29694900521764,3,0,4403.557003670186,1100.281509389103,-0.9099423779639444,0,0,0,1.340451799190281,-3.523940739951101,-5.284079643323544,0.9963618991031272,0.2251029619948913,0,xss
0.2829646166450828,1353.4500639319965,67.82770578280346,3,0,4134.260355551419,2716.4862676351163,-1.6424329121577836,0,2,1,2.176149096732781,0.4930340972687738,-2.714104484237623,3.9876632756043096,0.1709372886729414,1,normal
3.1800683278562176,1901.2383311080173,540.5295418746949,6,0,2129.5056898227767,86.44208166652722,1.126253349107317,2,1,4,3.337844138128341,3.26843984886098,-2.907331558442367,-1.99655273570003,-1.362848060795281,1,normal
0.1148201925060681,725.3674089967418,59.32495911873742,3,3,2368.8539679408555,1014.5416556946004,2.8053799557905834,0,2,2,2.769825756948125,0.2680963089566994,-0.5039753814313754,0.7570193996622823,0.0968348241378931,0,dos
4.144579934647283,248.49279306885785,5.64010555237187,6,9,1104.3386579993828,145.37913401013455,0.7867819367490663,0,2,4,-0.5224669328000829,0.169283915511788,0.1940759639700129,3.6674933135172254,0.2592470482192532,1,normal
3.971415931566853,1434.008539350191,591.0491317565597,6,3,3150.121153115488,490.75802581603006,4.20391741306194,1,0,5,-5.061059030542546,-4.834618414418945,-1.520171465291836,3.702755935478894,-1.2932712835871838,0,injection
0.4397187074235605,1672.6713421789009,276.9371724066261,6,0,1783.801922384817,41.99156729579783,-3.75118555251305,0,2,1,-1.2807166798228988,1.0288232199845306,2.1164272064446963,-0.2288364368765038,-0.3264845652428869,1,normal
0.3832970696554422,1822.5179333914589,348.1700107142314,3,3,3184.847553403088,3036.9574776679483,2.5007115423562967,2,1,0,-0.1918646071242262,2.798833814483148,-2.4764575047576165,5.690547305777772,0.8000931851812708,1,normal
6.887161774916296,1723.0013733716291,484.46543235503447,0,12,811.2910654850799,20.51180127402547,2.6492405440094124,1,1,5,-2.189963786923143,2.2792273308381343,0.8477569002059313,2.0907755742734024,1.6122691590701064,0,injection
3.950164837081888,175.7170658514985,522.676419281688,9,0,1447.6143675565,764.9246351384953,-1.2159731388974089,3,1,0,-1.5989400913372829,0.0002544485115465,-0.631161689592536,2.632706039714539,-0.5907784117046031,1,normal
7.861559038399083,1161.1567825856223,626.0296369177679,3,0,1730.2711158323727,1339.3745826139357,0.1904867790048268,0,0,2,-0.7714481194559777,0.3041877470946731,2.719972991102765,-0.5407698085634576,0.0841533947080389,1,normal
2.0470928706418,199.1820968548037,101.10342711770204,3,9,1628.407219090638,1021.471509605039,0.6932660988770248,3,2,2,-1.2986433700780748,-2.718148670465589,-0.2387150856822655,2.29603715453041,1.0238902477127003,1,normal
0.5028191271782599,1450.606357212577,104.81011075912568,3,0,869.67977244578,283.6096454096757,-1.5386196228014233,0,0,0,-1.600236716914029,2.854292397488255,3.1288479804919964,-1.5010449885146446,1.4154076190599871,0,ddos
0.9793341804815752,115.62819037665606,838.0053216318012,6,3,907.7169093429596,208.5475518174289,-1.242226046546166,1,1,3,-2.315732709373948,3.647168089848467,0.5175677476831659,-0.3690220754899083,-0.2328883072600353,1,normal
1.456687838693098,1335.2786107310135,44.33573588609282,0,0,456.7059418381144,203.9865193883605,-0.5345642911763606,0,0,0,-2.3644126965354464,2.327001009487525,3.2680380553945554,0.9247783759949282,-0.7199800356906594,0,injection
3.517256493095748,248.42628991586048,970.119016425787,3,0,2120.8484876721204,451.8685206935997,0.3535399688249518,1,0,3,-1.6470039120514282,4.433462964912946,-0.3269385228881021,-2.183287796790689,-0.5180269370170515,1,normal
0.587613786216221,396.6381266029351,654.1508740061136,9,9,1278.911033577895,2247.436337317334,1.0645653799459696,2,1,0,-2.653580954633221,0.0076337851345733,-0.916258146135102,0.1518326384963417,1.3697976131110623,0,ddos
0.5614966299016578,56.43935651975429,880.8405649564,6,6,210.52969934197483,629.4481806982046,1.7516916902438795,1,1,2,0.9531137596444956,1.102040553534804,-0.63857064921337,2.726775644614343,-0.3589063206235511,1,normal
1.630107975232189,414.6098942282628,46.793457418139376,6,0,8.56290458418608,441.5585125776381,0.4897360611428518,0,0,0,-3.0224325306287394,2.97488906359078,-0.1144252120367119,0.9994383564151036,2.15237547159398,1,normal
7.056276893136085,1349.9497496202034,532.4115023539035,6,3,2340.3783088607047,538.616093335874,2.505804806847548,0,2,0,1.2900364998674163,0.590127550868599,-0.8374776069570666,-0.1482414744047255,-0.4111974274153189,0,injection
0.8794046219929043,1797.062259402648,153.6248334716672,0,3,2212.490105531469,248.50515648485413,0.4952165694089188,0,0,3,2.4506431522452976,-3.094800573149157,-1.5555758108017308,-0.1125350348452403,-1.3610773560458789,0,password
3.5721299210674835,249.55313409555825,986.8727486120408,0,3,206.60459156906995,600.1150744512851,0.7637508508216171,3,1,1,-2.4925666360962246,-1.9343594682333387,4.045696413930328,4.968775944332971,-0.5845931784419677,1,normal
0.5011877997201577,1365.0887397236784,403.0539662092624,3,3,1492.9774455283075,1945.8732061858232,-2.0385769346733977,0,1,1,-1.020550191599564,2.6222085608999475,0.580255168950294,0.6746451221675065,-0.4846629449826712,0,injection
4.550197694441978,1165.4662102917896,157.12042658444784,9,0,2687.9609392845364,500.4624896068345,0.7578208807808107,1,1,2,3.2824399215587228,-4.90909238897701,-1.7390400048763903,-0.1880653294539955,-0.2663326211367608,0,injection
1.6395352341179747,970.3028432805,204.1710664114452,9,0,944.4135744272934,1089.8789439746188,2.311135301178574,0,0,2,0.4547977797729785,0.4660538606395519,-0.9312682908579146,0.7176426086198364,0.2572739829387218,0,xss
5.262113043526916,236.92569305885144,71.68447816568296,3,0,338.75510910699563,524.2521334283342,0.6002668791121208,1,1,0,-1.274802010892247,2.885216442851211,-1.864285414874505,-3.071082009869244,0.115859346902549,1,normal
1.6669069843820743,1528.2887459065173,1034.2539328657651,12,0,985.7008003788252,1691.8859984195951,-1.2700354719549776,1,1,5,-0.2621687681734799,2.2939939390499777,-0.6879988009684439,0.7225347936974571,-1.5639298991643409,1,normal
0.556456906692881,1827.113706134933,1149.2594584387148,9,0,136.2125267154947,655.0491540944947,1.454443905321655,2,0,2,-1.96419493617838,1.2464484190648075,-3.9064425573967982,-1.0713970542142093,-1.0389184767692332,0,backdoor
4.05087245627116,674.0524383846123,177.0005703060489,6,3,1175.794475573115,815.3039448502013,-1.548682786747595,2,0,0,2.1293039647566543,1.9238575683456187,1.851213436586329,-2.743680604478753,-1.601574033306994,1,normal
7.759393815023534,1683.8832114420925,42.11266992035585,3,3,172.97521926405605,1041.6172908861408,0.1369762927171478,0,0,0,-1.5680674253868028,1.6857936917109697,1.249487081828149,-1.0967852659688864,0.928350669406696,0,dos
3.287040067108957,6.218528923396693,98.15562631738308,6,0,260.35190146936554,395.220652191714,-1.517503504684415,5,2,3,-1.2412372432352166,0.3304995921290132,-0.0858613605498688,-4.4284356786516765,-1.8337729671867755,0,password
3.523762077451324,9.808884895554648,603.5605533703465,9,0,1008.9270663930808,630.5497425219039,0.1653602898388266,0,1,1,2.5886805011093577,-1.4133772411729617,-3.064680006028853,-0.3031279985303617,0.1312966217152582,0,scanning
0.712491421195215,825.4340189113861,311.04103791278754,0,0,434.0706624155131,2209.455623722306,0.5848510703807879,0,0,4,-2.308227296371814,4.248823172283205,-1.9333491469798088,1.5086311568712776,1.9724363116452144,1,normal
1.0502056464417096,1371.0575159512134,818.808317738593,0,0,2916.949156839948,2208.532281397496,3.576893132873588,2,2,4,-0.0198707313068826,2.5444886504327817,3.2673094518018813,-1.7601420871630296,0.6031268518464972,1,normal
8.232182213929248,165.91940712045405,430.6931066464135,6,0,1706.9843620379363,1021.0840550791092,3.3992994266127567,0,0,3,2.4663590744465083,1.908446697333388,1.4496966202212014,3.083243028004788,0.1820376797900421,1,normal
1.5168628732153593,478.5422375366984,285.76372560292543,3,3,107.05923675589814,367.33899058636393,-0.542880993151531,3,1,0,2.1580309270772933,0.7562985675722675,0.0216904912817694,-2.518040518467265,-0.0208300444146748,1,normal
7.037260699614031,355.7518082964626,912.1091579706334,6,6,2501.2953541880047,213.3815648492545,0.771557560544851,1,0,5,-1.0241838239210177,1.1258721897684725,1.0880888393629362,1.1114299134125956,-0.3048101805464615,1,normal
3.8497554014609214,1272.3580264782206,314.27908525330093,0,0,239.09182608143732,692.6218423231632,0.6059636389953759,0,1,1,0.3364112944845761,-1.0951828167257305,0.8401295683164928,1.093657976116421,0.467153668940857,1,normal
5.587798966694184,1193.9801902596562,744.6763012847728,0,0,1240.251674239314,1977.134104893148,0.3791902997753911,1,0,5,1.265993303818946,-4.303488515392449,2.280301483732452,-1.9465524261829008,0.2663553589396175,1,normal
4.760221524903436,400.2743302573366,883.2481128500195,6,3,166.44398405467655,1330.7884750466717,0.5811183720007863,0,1,0,-1.66827721105936,-1.804419357783653,1.5749827556051452,0.8484385685734459,0.489793806351315,0,password
2.0775922599914187,634.820385954221,644.5445598807053,0,0,376.70299874470265,410.6677356752433,1.8593027898127408,2,1,1,2.647692346455923,3.969487814319765,0.5153157168932109,1.0013501596709136,-0.063446674330425,1,normal
1.7272210681276494,561.4015167477244,466.7943649924503,0,3,1373.0826488520277,532.2460701699705,-2.3837084300415343,2,0,2,-0.2991813716902812,0.3437576674773775,0.7194354474492763,0.7207521342633738,-0.168998498519459,1,normal
9.246722209548528,1138.4988122160023,1083.0779082546107,0,3,650.590085261101,889.354512332309,2.5332162349892697,0,1,0,0.700694124444174,-1.5454592512340128,-1.1444300430047922,0.3663893295993465,-1.4842398659953842,0,scanning
1.396737974656761,2698.1507849595623,267.12262739443565,6,3,3948.350992649197,1735.308415136505,-3.2124947692231745,0,1,1,-0.2965962143704299,1.4436759623228248,-1.5205692343862,2.8912603100716323,-2.468364857735768,1,normal
4.717265478270392,867.8477805846185,455.733838070453,9,6,567.8131826463225,1249.7810048937,-1.614717712164223,0,0,7,0.5542559830090261,2.2394714299694187,0.0416898502143654,1.51807695566122,-0.7866477889418669,0,dos
5.510637563767587,184.32982029787223,220.0917873187728,3,6,182.81441391983336,817.9575467398644,1.957812833534934,0,0,0,-0.2463168695157767,-1.3247013499197933,2.446158655392855,1.8410548511609857,0.8470974280989596,0,scanning
2.1245651155997285,527.0251340993892,344.32188281461003,0,0,585.0989313738472,1503.1986607536062,2.613847164509149,1,2,3,1.3628326538310231,-0.6748605416960012,1.6107297653409958,1.1253055932707852,-0.9267648801874998,1,normal
7.815439237810607,965.6417783451054,456.5105062683678,6,3,429.7228338106406,253.41769875459792,-3.0108457019525146,2,0,0,0.9221455979231516,1.432409137011879,2.984900348981628,-0.9227472783903437,0.948238193644636,1,normal
8.23414931751241,237.65197545419227,1093.6985305679646,0,15,1024.2808640801647,1153.1407432302808,1.4776272711708065,0,2,3,-5.380430891679723,1.4422990696915905,-0.5340775852632389,-0.4744859177025642,-0.0784943147458707,1,normal
0.8791095614394867,197.5146068889949,420.5921608379451,6,0,2993.232260276214,1566.4767932737109,-2.88472559124056,3,0,0,-1.4540566307454366,1.873455872499556,-2.0779906120775284,1.3332700877020307,-2.363745869067284,1,normal
5.737004245937456,464.8547161886064,476.1939195467531,9,3,2516.597569656873,2809.348523573301,2.6366001153643754,1,0,0,1.984017868169269,0.2110574622062104,-1.5036985639236256,-3.830661242492861,0.0885245172061521,0,password
2.610034901621007,437.3246636585758,628.4058047383688,0,3,285.78524508334925,1306.584614989779,0.3616585762743576,1,0,2,5.615339914151587,-2.894077467833575,-0.7961203385681763,-3.025081985100027,1.4191335668559482,0,password
4.315090437513506,116.79335335432884,712.2051214351225,3,9,1444.0122113943216,286.87073158140254,2.5433564838671465,0,0,3,1.4082805802778675,0.6751851059315462,1.4035080458556677,2.715587810931083,0.061620205643083,1,normal
2.585459494877476,808.0597937357871,44.51043224767601,3,9,3.241391822872661,29.09227393688747,-4.087445062566774,1,2,4,-1.5516546044294135,2.903728241451321,3.5472786591016687,0.5787604209479362,-0.3023630843379565,1,normal
1.6250598742864506,1481.1341705296584,659.2681878309106,6,0,3302.246221683756,654.098768499473,5.617484386251315,0,1,0,2.836097664562457,3.0658094056930887,1.1237086240366394,0.3954955635745536,0.5942889749551346,1,normal
2.4787011158115613,865.9762746321333,387.65277652181015,0,0,1682.8577898881288,400.8293018106604,1.8761911550598087,0,0,2,3.156042872327178,0.7191004194618777,0.5737935349593067,1.9286359081566573,-0.4871187296761972,1,normal
2.4169884891767697,689.6947335731979,196.75615478231143,3,0,155.10597167982047,449.3019912150708,-0.2210752668071506,2,1,2,-1.7959484127051062,1.5216758744844694,-1.0394998978178542,0.5046943666398861,1.8769693841766208,1,normal
7.679370624857256,1359.8098761139431,770.6849361694826,0,0,178.12888425620466,103.0802588645616,-0.2423701453640769,1,1,0,0.1546313731036737,0.4828164398027975,1.3550436419059415,-0.4144751590929807,-0.6244593859576372,0,injection
1.4256518636139697,856.1687864916147,320.4611412669847,0,0,395.2449080483858,769.6911038891142,0.1524516388281065,1,0,1,-0.1512592460464918,-0.2797998783050095,-1.8833996042871093,-2.6269307255421284,-0.572191473960123,0,backdoor
0.3317033110486122,1081.4596196959903,94.9023331767447,6,3,15.601146897467984,364.4575696302927,3.9854678137330977,3,1,1,-2.844757442605415,1.029065824082016,-3.555237684267913,-2.2998406637279087,-0.6738833037355498,0,scanning
6.199590203603545,115.60664080306536,91.95824082536456,12,3,112.10978438233394,542.1845235084608,4.088988492334317,3,0,1,2.7884161850203704,3.1479167172747227,-1.2790206796108456,2.3481288080309826,0.945229355970324,1,normal
0.4353399140734979,1571.27549562452,277.437251794211,3,0,1225.8760946133143,764.6595406494349,1.1714207702905215,1,1,0,-1.6727133669285563,-4.727004626711877,-2.9685032027850324,1.6203017680354643,-0.7085966355021274,0,backdoor
4.133622857167923,407.2463650564612,457.36497992735264,6,15,1678.611579642147,1090.827704486957,-4.096594000379472,4,1,0,0.5407058059276406,-0.4028213442229229,1.3233225370153476,-0.5467763390110949,0.5284898344380013,1,normal
1.336249475100011,750.5866106206473,265.4428538972817,3,3,1185.916466721013,981.4577250062308,0.3717161847300121,0,0,2,-1.1982533731896814,0.0442837221788343,-2.322342386855405,0.6693469671372559,-2.257947064650007,1,normal
3.9682782158579855,198.18417924127547,794.7937267523265,3,0,2685.212313137209,812.4204593374587,0.2291943875578143,0,1,5,1.726262398096937,3.075533852720974,3.1138820626051755,1.6165508844602283,0.3543574021287598,1,normal
1.2175817461416052,154.5860719417264,440.2197360870859,0,0,302.20591910930744,232.518969828284,0.6091671215353147,0,0,0,-3.1666962926357645,1.3698561942303211,-1.5345551649724587,-0.6109601764993724,-0.3384394708782934,1,normal
5.811020871437476,376.36781071501855,3.962224378524717,0,3,1527.8470290510345,718.5046097895398,0.1598821746270444,1,0,2,0.9226290315601255,2.325682611064642,-2.0643770770679053,0.8107709284352173,-1.2592593168907735,0,ddos
1.1967268192157037,605.0781517899674,681.8573039918697,0,6,738.9604252637145,627.624067769113,-0.8957949336707627,2,0,0,-0.6269189995836913,-2.7401708079903906,4.897066675952215,3.0163665124622243,0.0067136101496695,0,backdoor
16.021458671616017,161.16559271819318,95.09843605660193,3,0,1972.9913690800013,858.5711573696111,-0.1084544873064927,0,0,3,0.9823653185347496,3.054496031886432,3.569603770515055,2.018966615971171,-0.383434817957529,1,normal
2.0048133907708934,1488.6117092282718,393.641326968736,0,0,3580.141145315196,1852.4492916061736,-3.150369034630593,0,2,1,-0.5922947747041012,1.485327927859308,-3.173509870967924,0.0381534061128983,0.7774845193972922,1,normal
2.161852462687717,598.8419535941207,114.29078892401247,3,3,1214.3546004752443,1102.586862844026,-0.6423090614820695,0,0,5,0.3881117558702105,2.157477718358831,2.038294055999095,2.864880077528442,0.3957581926548285,1,normal
6.159510698605759,2067.127465025798,28.86677730577923,3,3,3218.693191588435,2850.469053729828,-1.3599043318383297,0,0,0,-1.301998368165811,3.775245215746207,-1.175860603195135,1.942563639077273,0.5451040559635421,0,scanning
5.608977444279407,703.2722804949277,59.26201508312405,9,6,975.1085419155856,213.637722181503,0.6808390564501883,2,0,3,-2.246567166303268,1.0562752124017254,-1.2406567655937395,1.888566412130639,1.4687302701693117,1,normal
5.067524079565855,1416.8636940084157,642.7652020624525,0,9,235.45208050744404,446.5199318413067,4.483639905412468,1,2,0,-2.8509747162998265,1.6194734997214486,-0.5072336236893826,1.603816740479922,0.0703028006581857,1,normal
10.076236898495328,724.6892255186095,293.3475742195374,0,0,976.3060415867632,869.3446680049851,1.0794729263563363,0,0,1,-3.693578208220364,1.7428021797051774,-3.138137045619912,-0.3625192457811186,-0.0701709377740884,1,normal
3.515068199734902,504.5093754941012,620.602789953566,9,0,1606.9947347488342,715.7523385086816,-0.9543242195326942,3,0,0,3.646987266831649,-2.728740864061252,-2.799023516040836,-0.1631643261901771,-0.3285735300966684,0,backdoor
1.0332508782225047,230.6332516353543,465.26441427852615,3,3,695.2296571609759,919.6551302570526,2.375370113952119,1,1,1,-0.8128761497008423,-0.0757792717377596,0.6714474774351153,0.2325350121726821,-0.5139106792082687,0,injection
15.17276598726423,265.9335773962778,246.9203702295291,3,6,2160.271603312114,25.007675915615103,0.8672201111882039,1,0,2,0.3772810598728414,-0.9442822463279852,6.563374837946022,4.838903059833018,-1.666603270395152,1,normal
1.8517113272957728,236.7950146281934,888.102813789836,6,0,2751.205730274759,3022.744397731958,0.2342796833003102,2,0,2,0.5354521900056624,-1.051752600503378,3.4817506100605184,-4.291840455574056,1.145183501493719,0,dos
2.397165562258233,150.62275452934736,340.0513147884436,6,0,1316.3881026194383,2184.079466861569,0.6439557166769493,1,0,5,2.6008047660242406,2.7351883591828514,2.575683507537025,4.282897403635982,1.8172273916057864,1,normal
6.173625049467701,2041.5183414038108,873.1782611983572,3,6,2109.897693437205,1329.8035946902876,-1.8308114805095752,0,0,3,-1.3700724747973396,-0.2500104404441008,-1.440451796270626,2.458712595633509,0.1775958875053621,1,normal
8.540382216790935,928.445064178973,48.5213391005664,3,6,18.33323246338997,167.83469419372602,0.8168936694422391,0,0,2,-2.266933241605092,1.240024460606845,-0.8133287521653993,1.5135055069543184,0.3856525559016747,1,normal
2.00582275603037,610.3547812986478,148.0768154904462,3,3,1255.8769124808532,445.3814188830901,3.175395593320049,0,1,0,2.0862798277895527,0.4102704624701754,0.9160457602855951,1.989784987327356,0.9990629345975208,1,normal
6.3596631480232935,1324.365403314542,643.7864502990302,6,0,38.0780009522488,1178.9549674620878,-1.1758653023743195,0,1,2,-0.6780448071910925,0.7605687116752318,3.004874131925914,-1.5404808293949694,0.4736016097186248,1,normal
4.247327892013982,538.3479388094489,240.213181145411,0,12,1426.7828482689972,983.8828324601916,-0.7987770339584338,2,0,5,-0.3895102276907228,-0.351182148728703,0.0599711640986726,-0.4305594930764638,-0.134814330518128,1,normal
4.941374470695616,1596.2192921506016,4.436628826126336,9,0,3802.114438751154,2277.7089203825058,-4.841102590396777,3,1,2,1.3148534198190174,3.2499852436755186,-0.0926697182528919,3.691176234728705,0.1967485035787991,1,normal
7.085637149912822,245.6926381513169,1075.3165049826669,0,0,1002.5159983577466,535.271011925112,-0.2279336908907798,3,1,3,1.2589186473767258,1.9290600727347231,-1.242404538876827,-2.901040370467963,-0.6469200766409345,1,normal
2.1035679049116447,1201.946957224431,694.7516150859564,3,3,293.33964005712375,812.6430549394103,2.9323369136170867,0,0,2,-2.8618507598441,-3.344716076878403,-0.058016200188746,-0.3597251953885303,-1.454974627677945,0,ddos
6.65484199072646,70.99436998160846,780.1911165423322,3,0,442.4861827777977,1967.650203491556,-2.778038668112408,5,1,3,-0.2788630629533479,-1.2474209374529672,4.177309812722396,3.529404033952952,0.0408687611614754,0,xss
8.834272601995767,999.1136404244892,557.9722562950217,3,9,1353.0161726156173,704.0467698895311,1.2078876495839792,1,1,1,-2.8756435636889,1.2517492570877735,2.151063217229257,-2.2864614714913545,-0.9686424000490366,0,password
3.987701966673132,882.3149371763894,694.7005370402022,3,9,1185.201858388664,1116.725826045795,-0.5623328852879682,0,0,1,-2.1214325412376023,-2.9559883959262674,2.0109585745617937,-0.3045187701451821,0.7914225895071569,1,normal
7.910915097463134,773.7891062070131,451.702681164206,18,0,5662.249285676645,2086.476926931413,4.868408223469669,2,1,0,-2.74499395789416,5.305054167766395,0.9402514690713908,-0.7430651264540415,-0.1262389780569131,0,ddos
2.5536516221483705,1152.7452054495984,693.9934874691947,6,0,1524.8258010714303,2429.46585923285,2.547973448466001,0,0,4,0.896267957595872,1.2253056147968868,1.3173975299118854,-1.4097522187517904,-0.4691436931480203,1,normal
2.8889470032558973,158.1730843950118,158.20117709780743,6,9,912.860122522868,865.4768043509092,-1.970905533960048,1,1,2,-1.6833420665076642,-0.659120265792899,2.5612218954019834,4.04559751857721,0.8599975215862873,1,normal
4.850041994766162,619.4017455836815,61.973157180439,12,3,1111.7386397943576,1660.245638332891,-0.536001181121628,2,1,0,-2.626561131918077,3.5885583214876187,0.0606881218974182,3.7773598637784858,0.9058431310258196,1,normal
5.046498369002327,629.8060334571965,104.2233554242377,0,9,609.4718559389269,583.972542340269,-3.6270969676630207,3,1,7,0.4926409175865109,1.1067268944336337,-0.2327694676045977,-0.0064738796028489,0.6482877875105195,1,normal
0.0868057886712145,1290.860096062891,129.86028940698142,0,3,2543.2537723388696,529.8630736962986,-0.1925876824027137,1,0,6,0.9786781100423134,2.87726785208257,2.298881164683112,2.344902977229696,-0.2084618714154506,1,normal
6.7329032358380525,2442.2285678674166,126.80499100186267,6,9,3058.768635629466,195.1952653502935,-2.6869969273358176,0,2,5,-1.594442180933722,3.1968342975989774,0.6345463242722041,-3.060305363310956,-1.2735957631801116,0,ddos
1.6882359637429658,443.9277319045719,20.220059226710127,3,9,68.36431067623911,106.48979985481256,-1.4798583315674063,0,1,3,-4.963408653519921,2.979194180407588,1.0171620864066526,1.323590522588834,-0.8755830266187914,1,normal
2.592695293737356,464.0891376109705,176.17602677005036,0,12,1559.2603306339242,2039.8399894966965,-1.3039565606379828,0,1,2,-2.109925144242249,0.8341256977359999,2.8460071993663765,-2.105330836686448,-1.4341099609648675,1,normal
4.6386584090876815,256.87824116897065,254.4388304472436,0,3,2597.9764232281373,2153.024063006513,4.222249835086602,1,0,2,3.08440926494011,1.1345223221538607,4.631739693532603,1.3578804077642443,0.6386048323139857,1,normal
0.0925816019359299,226.84160689058567,510.2091649911313,3,0,133.83417263035128,992.452162339637,-0.8662208322321063,0,2,3,-1.1409717263505756,-2.3280577748044493,4.233565131050993,-0.1483783833126186,-0.8946715290885479,0,scanning
3.867154819069004,481.3167197855657,31.650229857530903,6,0,617.6384474325399,163.42148921787054,1.523240264614214,2,1,2,1.037230225360192,-0.1726942247504439,-0.8343939667208111,1.4793615027707274,0.9142453693631912,0,dos
0.3740998342146853,193.07254784619045,554.8910274157454,0,3,1840.3315110465269,932.876471208364,1.1319852861962607,1,0,1,1.771374872902429,1.1705692486511454,1.3890537193793258,0.1615706756216126,-0.1085909604099119,1,normal
5.784114157858246,2374.6727761623665,81.89934954333219,3,0,2757.060167391121,2460.8346029878257,-0.0341907487956321,1,0,0,-3.9365731374313935,2.846433731760789,-2.579082212799312,2.3715366758648586,-0.4555997435665213,1,normal
1.1681853349139475,1088.6617402747322,488.9721161151024,6,12,222.93231089550355,1199.6318860902395,2.621630934622728,4,1,0,-0.4061344708401291,0.8268642175663642,-3.548040905488347,-3.485555113152067,-0.8056087292108264,0,injection
2.776213530851748,781.3910243813091,348.3373117230778,0,9,3412.1008769877963,429.7352850428755,-1.7466778722147644,1,2,2,-2.8265949249215003,5.232025124294052,1.128766956168722,-0.3674776432769673,-0.2566270336627547,1,normal
6.667828615272729,988.3646621951764,469.6295670571352,0,3,721.4941050124653,703.6174395174268,-2.0359243764045587,0,2,0,-2.3589256805600645,0.2156336944338581,1.5135482301237264,-1.4185287199463237,0.2775716685862395,1,normal
4.77250763183227,1164.851458824823,518.2348090813683,0,3,2277.389896873991,1142.3967571301746,-0.8019725127849991,0,2,0,0.8149182987550232,0.7164601328526927,-0.595902567446958,2.9171210850898057,-0.5706239632063425,1,normal
8.158606853989468,474.6264338772802,613.0116333354127,6,0,111.33196099659106,879.5670366683465,0.2474556763110169,0,2,1,1.6791782769529893,1.922783429976316,3.2603955649497536,3.511426870018372,-0.5651785689067819,1,normal
0.6693050178467823,13.798445468121145,227.1223748568545,0,3,4340.347335380237,812.4729611204351,4.6044423804611885,0,2,0,-1.0488243639499248,2.0922774742871457,3.0963624473143208,-1.5292144859827692,0.4423726046776213,0,dos
2.729663443305696,302.527848704994,109.69644415137935,0,3,718.9485038213122,1268.1060042792076,0.0224754565579257,2,1,4,-0.8563165706393903,1.4480271282155863,-1.5125675269693986,2.202252280298299,-0.826676684546814,1,normal
5.845149150306432,221.24564243665,1032.848541049481,12,3,636.9858720169929,105.10790608499408,-1.4459572164078789,1,2,1,-3.7824747346385967,2.613450257582241,0.2466728373305144,-0.3521608422767637,-1.081054344214574,1,normal
7.267124417497071,321.69361741963684,584.3303555074074,0,12,670.6402919644175,867.4348790736808,-1.0171725229226072,1,1,2,-0.7460519991518293,-2.3381196175402312,0.5095042249190921,0.7025855725472556,-0.4397401782366132,1,normal
2.2352985097789824,292.9057769679987,49.67294940048598,9,3,2944.441763015974,1716.7214839535227,2.101960671215135,1,2,2,-2.525636583143017,-0.2063754566389823,-4.468259685564834,0.3801204743944296,0.5196376614129814,1,normal
9.276202617390284,280.1492004080505,484.1284176507251,3,12,884.719349557934,195.2157950192472,-3.1819817817063054,4,1,0,2.335982498688577,1.74653543340321,1.162036356750885,1.0706212028472823,0.085157486424493,1,normal
5.9594308764330215,1412.1138734318586,61.78957943506816,3,3,1479.069330905496,1763.848823216021,0.5329064757537745,2,0,2,-1.2149432291949116,-2.143133319243568,2.4782977951896576,0.0148681683992086,0.3675494916053411,1,normal
10.9284769942101,866.6257972069286,200.4370211125416,6,0,63.57227545502649,728.1844348899685,0.568095996733508,2,1,1,-3.6776787077773534,1.6571361450605837,-1.5428810503013335,0.5668352933519059,-2.76009725120817,1,normal
1.985725661424094,686.0178856782611,153.2388563911192,6,6,1771.1441888911788,489.2924160162071,-3.409225255865171,2,0,2,-1.046789369310488,1.1221015530475815,2.617643061661847,0.7779464120273962,0.9520489329578802,1,normal
3.7809625738054256,482.25145423348704,908.6860035394396,3,3,2080.5759401418336,492.0461936490894,1.4521242888384456,2,0,2,-0.7252937803582225,-3.550842827774045,-0.3766823210446326,2.9696990853531355,-0.4267603847853477,0,ddos
1.319688438304888,1189.4009835149832,99.82292966763926,6,0,1205.6099954475374,1697.8109792999014,1.3365933150339595,2,0,1,-1.987873521961734,-1.9931374706625515,1.1701012738617924,3.819772969008657,-0.1876848842322368,0,dos
5.025219480151812,2217.818678196335,239.73150707166965,0,0,607.8740923211582,1236.4266917641382,2.262540715297861,2,1,1,-3.4442750443992445,-0.2265730048064173,3.234217823021448,2.95526545334028,-0.8809401573407232,0,ddos
3.043757341335855,63.9484541629709,176.13283520319305,3,6,15.854650643780968,1368.422673155147,2.744465404813452,1,0,4,-0.9947422189921594,1.5788224834039468,-2.0766584429826818,3.523842681764065,1.083067564157633,1,normal
6.568118340741024,306.05218019956993,495.7122495440669,3,3,830.7089378101009,91.28250647108842,-1.1570007138404983,3,0,0,-0.0910534550012633,-3.863942498740106,6.6524713890745,3.232735896227501,0.0418200445126838,0,backdoor
3.098644550226513,1857.8218788629613,394.4290218103624,3,0,1571.513266981179,1153.7658296926954,-2.95813389739976,1,2,4,1.0881968805797675,-1.803121377058179,3.6737365904081054,-1.718545320407334,-0.7744807214616767,1,normal
0.7413335111826279,1184.4640430130803,531.6758755103529,6,3,280.4852506637234,682.3294902959204,-2.176410820633171,1,0,2,0.7194153192646067,0.2535468088314446,1.7980504477609676,-2.624598678677242,0.6467679416791355,1,normal
4.942138527658566,1052.06979747847,467.4396290904843,0,0,2305.8512166004334,1166.7658480833195,1.3601129647252848,1,1,0,-1.2821979045466774,1.6906842837154663,3.124861319227683,-0.1709020258179729,-0.8171526158166994,1,normal
10.42408907200256,1094.1065040716528,546.7685297732161,9,3,4140.951603195564,1037.4374206225098,2.7676435634341345,0,2,2,-0.2878896479121275,2.7726638770421275,-2.899265114746025,-4.611421576072121,0.0281474805364606,0,password
0.388978888952303,534.8079918636035,422.1128991731365,0,3,736.0983208094913,1182.8591682162585,0.4227892854923756,0,1,0,-1.0869746454326057,-0.0121731332596712,2.2383897717900725,-0.9161223293840672,0.6413415054196693,1,normal
2.5987856109442538,206.73450717168265,335.23686477844166,6,0,1821.3090371652456,632.204985821314,0.0712036512606379,1,0,3,-0.6821619732171829,3.8163665719410993,-1.4723348891880297,-3.279751155420024,-0.8035849555881294,1,normal
2.4317767834749264,1221.0776479090462,396.36485607101537,0,3,993.9817442712548,2264.6128493281226,1.126658661196707,3,0,3,-0.5883755492890395,-1.40622627049688,0.378708366888517,-1.4575092324861794,0.5389607502572951,1,normal
4.930821486080703,443.8247678405308,118.5656891189886,0,6,279.2242510634599,312.19519317826155,-2.214271003844173,2,2,5,-0.4796928934481905,2.125384530759826,-1.006491033865108,-1.7915239668282366,0.1933991860026075,1,normal
7.291710685354463,1657.3212422891422,58.68052580255407,0,9,1812.535733530617,893.258276709108,-1.5745557572695732,0,0,4,-1.4655554872373175,0.5175284928814514,-2.4638250482356083,0.2808078170292915,1.148963946108801,1,normal
2.5074544670957777,216.2019677423164,678.3818107513833,0,9,1184.9872353479009,1890.5112204534987,0.3270833375976443,0,1,1,-1.902074726808379,-0.790387717530302,1.1061252576339489,-2.1599650672426427,1.1239348060361092,1,normal
2.7906358485511267,930.917676531458,78.18839928404522,12,3,1324.275867672609,283.62653552246985,-3.9395821107055022,2,1,2,-2.086112449120429,1.9478046626744456,0.2800166455423951,0.2894457549559306,-0.3358360679106281,1,normal
4.126241232266069,703.789095451475,41.62324701267298,6,0,2247.269525201644,416.07204683427767,0.7352135532756708,0,0,3,0.8316193052204024,2.7974022685632614,2.4661227544382704,0.9809097278667872,0.5800598091319831,1,normal
0.3478122607966037,1196.9588578372648,91.65895936118676,3,6,401.5512618263509,932.3450422957212,-2.721467271431403,0,0,0,-2.938515288325153,1.4812533530652896,2.930398484490333,-1.0020875540504852,1.0812480084770164,1,normal
3.417826596816364,148.7887169429516,416.8171077628114,9,3,1141.722371649791,1111.6785278868092,-0.6682175391039256,1,0,2,1.6316740578615414,1.6584496329637153,-0.0410870229948387,0.6390162635783239,0.2925237843316475,1,normal
4.94663490143035,1584.6033361327293,19.985628747465785,0,3,1003.7395417130988,453.9453349686907,-1.8762827067741423,2,1,3,1.199522833180987,-2.884827725119992,3.792916581525122,-0.9121229983162578,1.2644249592204555,1,normal
0.7359053991203236,258.5816694146152,598.2807637355846,12,12,5605.887354273694,1993.195407751234,-3.4288934436885983,3,0,6,-2.8106441905852737,0.7533133674503592,-2.520380867575518,1.5129350530962993,-0.8191274125671462,1,normal
7.82917471003377,733.9088486535512,461.9777579423667,0,0,1662.496260595778,1375.1729476965531,0.8473878747035997,3,1,0,1.9894451114891945,-1.7461616168982594,1.0778346320297911,-3.146469763072853,0.3032550695438278,0,backdoor
11.752005708337322,1323.780628936284,369.03804402841126,0,3,1164.338335883497,270.11667197417466,-1.6872625244815085,0,0,1,-4.065776850410238,1.492885753238254,2.484824912846772,-0.0583727954313717,0.2698392369275107,1,normal
2.491742605315425,363.2845782353487,610.0646851070602,0,0,308.4918503153183,1218.48079467217,0.8452521184042825,2,0,1,4.375489511686344,-3.371000245041052,-2.3663249834729783,-3.2845758022197167,0.905385991322527,0,injection
0.3890364282615776,1267.063105323367,1171.1929923910047,6,0,1794.213128232117,653.1102787539377,-1.126039714198794,0,2,0,-2.4000706650922137,2.673971336590512,-0.9849091212386464,0.7981931693247699,1.358766907669001,1,normal
7.440878935567716,106.93032643128912,1229.676415833466,6,0,1440.7156328292488,691.5361987947284,-1.2668732954833917,1,0,4,-2.048368509357421,4.7065491183863175,-0.0942733668783823,-0.9873149560996414,0.8051399510910613,1,normal
0.7020293903064311,812.2111751975121,2.510664829965944,3,6,81.5022431719933,571.8225257367482,-0.1913679982496718,0,0,3,0.1869625502850616,1.9265924416508995,-0.3481131048761477,2.72202812477955,-0.7227793190788515,1,normal
2.3170302956839914,21.591062420738936,37.096034067074434,9,3,1590.839300488061,710.5396151100298,2.436659271156901,0,1,0,-1.8409622041003748,1.9768148395773064,-1.8573784967002416,-2.110127359053996,-0.1686544818873692,0,dos
3.424368279326995,919.4314135738258,90.82186513874456,3,9,177.97910434475233,1424.0269563124575,1.4935606618321164,3,0,1,-0.2676131114298148,0.4803925086824273,0.2379975990036259,0.6559599156761143,0.0422991030628014,1,normal
5.591894100488104,59.57956700011435,53.93924046113852,0,3,635.7017827725589,166.31492409940356,-0.5719479761805688,1,2,3,-2.795645717637545,4.419152841355153,-0.8470957194197133,-1.7974818067321163,0.9638288216808404,1,normal
1.566583439546767,36.73000626520728,458.63837846877976,3,0,1154.939814763201,930.8291337192696,-2.6484746956616223,3,0,3,-2.466716935026497,3.8757546488405694,-2.1824505498162083,-1.6158741589864851,-0.243526600343748,1,normal
7.410790434136354,1.1650260212974215,892.5289903838897,3,9,2080.5406209428284,477.8533355525223,0.8994712365526418,3,1,0,2.590719712084557,1.7056333787162887,0.2500637337175256,-3.672657045940766,-0.9361961807425058,1,normal
0.3946795183903381,666.1698861575832,89.6983681018397,3,6,517.5876618087312,1562.424537916477,-0.5690921163916162,2,0,6,-0.1374612793061467,1.947033492790326,-1.5656694319948894,3.198940050697185,0.4113973613841022,1,normal
3.464067091007302,941.1045317705756,415.3375117703585,12,6,592.2520436464085,674.9643576856117,-0.592562233434752,4,1,3,0.667196712501529,-0.5248276851731322,3.476773577346945,1.794526602898236,0.5583766132219854,0,scanning
4.96764395252032,719.2202184246995,515.3668404322382,6,9,74.0780890104167,827.3887125793344,1.6807409278420178,1,0,4,0.8283988077616622,-0.1039018347096072,-1.3323451335506211,-3.8123855838817535,-2.791413197833931,1,normal
3.004683232221612,238.69579722948785,77.99760035768767,3,9,537.1267808731807,1012.6246592015896,0.6608853586531636,0,2,0,2.170989229946035,-0.892169388402112,0.7107607903219226,3.1854861716425407,1.4046856751644117,1,normal
8.283913449864418,559.2004729769628,68.71120831211756,0,0,361.3572040837148,785.1377560734679,-4.64570059811996,4,1,4,1.7374099796111084,2.2961898155373506,1.4251606687248604,-1.380270571722256,-1.7325913002008226,1,normal
3.1951714792760977,1913.896431966008,41.0435421291714,6,6,4093.666814923025,294.7247167290508,-1.6840834132901092,3,2,4,4.1951794398142015,-6.126024892205846,-2.0394765266879173,-2.7146695586067864,1.7399910749027032,0,scanning
2.20645746259748,2069.228293139576,336.9784940628365,3,3,5337.142884144446,3041.9053849716565,-0.697271882250684,1,2,1,0.2388535518650545,0.9455981406468276,-4.181076437073802,3.4983150820451616,1.2215044359902183,1,normal
3.07750160148508,1608.1487610342124,71.08838715811699,0,12,3432.675627438683,1125.8009481128545,-2.190157210759394,1,2,3,-4.733071851172602,-2.3411589827456982,0.4783472762394265,0.2551451350644687,0.8677886637177644,1,normal
3.409561979696023,2584.645993237459,47.54234290044241,3,3,2438.693981523776,2470.605604124874,-1.4247809423768922,2,2,1,-0.9130002589385612,2.282191183935539,-0.2363656609425413,0.8100912080032037,0.6600106793909455,0,scanning
4.124774544262823,2745.4572875654862,410.5134062071599,0,0,4505.0945495785645,846.8109271110342,-2.8923875659061915,3,2,3,3.403357817780305,-6.424605400313008,-1.979276583020919,-2.7882548698249714,0.2385448635207656,0,backdoor
2.4516947066612795,992.7361915804356,1083.545639924704,0,0,435.111725607984,413.5319978513184,-2.399739533898904,3,0,0,1.9595973477300896,0.9682774622615328,2.230123767249184,-2.8022624616289145,-0.1947991897577205,1,normal
3.9450215452130166,2064.180497073287,549.4851988207563,3,0,1310.11270067383,1562.7308981446592,-1.196694413340723,3,2,0,-1.5045280455991032,3.1624682090851257,1.9781423293377,-7.555042585619057,1.6176160914229654,0,xss
4.2050191743274095,1426.068621777109,51.06714305411192,12,3,883.7064913701715,1307.3383013791151,-1.0261215787906026,0,0,1,-3.2691011661520726,2.409246527850088,1.9109651050890968,-3.937023491321681,0.7292831783945557,0,backdoor
8.107426844833585,1497.2274616582604,220.8649649788749,3,6,250.80637847346745,1396.3734216498697,-2.1427720855776347,2,2,2,-1.975361938856354,-1.8058490168575856,4.195766250992515,0.921234951764894,0.6660226595540751,1,normal
3.059614222403553,688.6047486969145,288.8135158406141,12,6,1737.4579703208046,318.4362404585085,3.2573075369030864,1,0,3,0.3207095856284191,0.2927773773117241,1.2053879413454691,2.34231958850837,1.1710858057865667,1,normal
3.0513324456660023,200.25984078316216,258.712373444051,6,0,34.644985105050694,764.0846887105512,-1.345044022189048,1,0,2,-1.304162263051925,2.242109977835197,-1.2539764694640003,-0.4381001216240748,1.12067484905601,1,normal
1.6829289322938994,141.98790845866532,15.102607909205862,0,3,86.39120204654222,1103.1320069514516,-1.4968160026114647,3,1,3,0.8476932261217753,3.377341757624702,-0.4086961588234215,-1.557292473354944,-2.0572367477471127,1,normal
1.3518380263067191,1570.9993007503729,913.4023894168946,0,0,1876.6832529872963,1789.2947955764328,-0.328785096470821,0,1,2,-2.27001994743168,3.34917519747634,-1.9384559757760609,1.3937456030146134,-0.0590848698223211,1,normal
5.645537226255937,290.4676746946113,367.3291757022846,3,6,286.03299754592217,206.58782245372032,-0.4751012464538712,0,0,1,-2.055215613852103,-0.0597065309686468,-1.2842677402536984,-1.4240888552417352,1.0827789283863014,1,normal
4.848842124067993,1310.887657751863,26.983998525411693,6,0,578.9639846695709,659.9338473528255,-5.95803543007989,2,0,4,1.3088769303467729,3.452935053168761,5.597476133375034,0.1237528363969888,-0.2228171784922716,1,normal
5.118932302576825,168.4641490400669,209.95032256862527,0,3,961.4849675575316,1080.7250321893673,1.0441521761614878,2,0,4,0.5916420673905902,-1.5428983397838971,2.0243168461062937,2.106393514059421,-0.889667200186201,1,normal
5.999591466708606,322.38582578529,569.9800038529165,0,6,891.1092466093284,494.8303768079266,0.8910385154000908,0,1,0,-3.3890192030096262,-0.868582382149371,-1.4056223108150638,0.1194036537374727,0.5769758998138037,1,normal
0.3655669718538146,129.47759409880854,119.71227208144025,0,9,432.8819924739686,889.7300520842815,-1.0845259669376333,1,2,5,-3.221685190029433,2.819694689673504,-0.9498513665429557,0.957311495969914,1.397552861606919,1,normal
3.107079667106985,1386.138798430403,353.5574830408748,3,3,3261.641238722368,250.6490476141145,1.0116216538563243,1,0,1,-0.7341204246750339,1.7115957035627427,5.49281085629231,1.6597245209346023,0.3658583743468281,1,normal
0.7183663526728521,93.2921501349424,576.2939525965992,6,3,490.6173050530272,642.7536649836707,1.6244634815031085,2,1,1,-0.326615558118901,1.6150850351354968,3.428721105574075,1.505712001352968,-0.2924429229370288,1,normal
0.736839629360478,1764.3140926294332,238.86227128417744,3,0,928.8896886254356,322.11135106555105,-1.99800609527969,5,2,2,-0.5021980920548318,-1.2830058262398756,-2.195897325283745,-0.7248324693257886,-0.1003439715839162,1,normal
1.159628626702012,426.73169110603175,494.16530015115046,15,6,350.5496111424157,1363.373955799395,3.431093184726155,2,1,3,0.2711593284518463,0.0778325828438557,1.3738233188066562,4.377894230012624,0.987988562231384,0,scanning
5.604017703346836,560.9531579493195,239.2562924939782,3,3,679.4231161946504,1404.967300490638,0.263054422884089,3,1,1,-1.3656902462625538,1.3434298616264897,-0.8315978755222588,-1.236511078573457,-0.5299620817510988,0,password
3.635195257904505,665.0426203349266,933.4737701218291,0,9,4316.441158753786,750.0923112612593,5.6533713999639605,1,2,0,-2.246458190045584,3.785495450704068,0.8389576073664851,0.8793688122973473,-0.5441518189293922,0,password
0.2727182519731559,793.5681592355056,127.30621165417558,0,6,145.93891851958233,2001.6525024908303,2.518038430827038,2,0,4,-0.047555984992375,-1.79230429095737,0.4838208608657894,0.8709371146916213,-0.0626178560052111,1,normal
6.989695869165806,1062.678017771235,197.8840056591288,3,9,597.0768633601679,866.2643156734832,-1.825869165035435,0,0,6,-0.2416325856248971,2.433968617287557,-1.6372242808403674,-0.6209358254985371,-0.1399477402117741,1,normal
2.6726617804049635,1461.1737574445883,206.8313027810152,12,0,2144.8913435127643,65.9480855801196,1.6135438655234815,2,0,2,1.23924609286591,2.4607222032509704,0.5336630764345208,-0.169828190456043,0.1955169868840543,1,normal
2.171314899876976,1845.7888440222168,5.512722573381234,0,9,2994.3592462890124,701.6948464290739,-1.716437255137662,5,0,1,2.551976253212332,-3.934826570729678,-3.7100514213317473,-4.427681707373903,-0.2987236247858795,0,dos
6.3643455738150765,843.7491575841246,441.31375766523234,6,15,193.21917352474404,253.31909189436016,5.104696930569262,1,0,4,-4.042268456938529,0.8725047600094149,-0.6551288792027175,3.796275093361201,1.5027748610028877,0,backdoor
0.4299771384459378,402.0024951621252,36.16708115082561,9,0,1365.9134630856747,875.4859697390862,-0.509461137160037,1,0,0,-1.5073357385799122,1.1623943454484902,-0.7245318283191868,3.051553495895479,0.2912729535686015,1,normal
2.668221288943886,1251.7851906238327,84.00225345827685,9,0,524.9244169643528,1117.4858871184829,-1.110049338992336,2,0,1,0.4686396580600591,1.1893648579404144,0.8388682700662475,0.95680375528278,0.4308140539519213,0,ddos
7.421245677131472,1037.6490883892002,676.2521037912397,3,0,1888.4415531324807,1782.788041146474,-3.6208188865305626,2,0,4,-0.765632913554654,5.122201410737837,-0.9138905036601288,0.2377536677181929,-0.2686571242347429,1,normal
2.517588297615443,607.2828769862299,282.8817602050191,3,0,694.5438013952609,853.895677750292,-1.1030740377140156,1,1,0,-0.6451428271972138,0.6793105460164852,0.7311588318045101,-0.775595430055805,-1.6047783292673965,0,ddos
3.1959520231281315,409.8100652300044,398.3789608834426,0,3,16.723772842486564,989.3719721258364,0.4062356826566982,2,0,5,-2.0225832955561533,1.7333673177033149,-2.60864962396521,0.7117429747326636,-1.050973213876324,1,normal
2.9704503028760696,1593.5042157468283,34.7928499141649,0,6,1022.6363713878264,873.9518440908396,3.925474907222945,3,1,0,-2.668259807701498,-2.311720259071321,0.3835618908298968,4.517367287953944,3.1660053152084697,0,password
2.165893075755817,581.122137343716,433.4112071161716,6,0,279.89673463136063,3031.5222612898774,2.7040408742776414,2,2,0,0.0510954059127519,-1.4123161839682992,2.301211590502278,0.0530278034711768,-1.4574904044497297,1,normal
2.707720101570412,2504.7501305549263,182.6141932483644,12,0,3510.3310284206927,1814.394917196008,-0.4875976944207018,1,0,2,-4.749547695167685,2.1581148035597244,-2.043392403914948,3.407290145499206,-2.054663173699181,1,normal
0.0085147808579883,428.2316312812072,206.0262608990622,21,3,2470.859748553269,1958.5025756569896,1.887578648927382,2,1,7,0.4086320019345063,3.679420865766959,2.4118770202685,2.366279187134934,2.862443262296871,1,normal
5.238903265859132,1000.7349583879342,690.9964527857254,3,3,2766.4167456345904,1697.2979249677608,-1.1976881690079535,0,2,0,-3.431724661449155,3.5815800087926943,-3.4456572568743384,-0.1228069126178863,-0.53958628643234,1,normal
10.770462900125086,1430.333938858351,806.9773551002161,0,9,1450.8035754846203,1217.6696565629888,-1.2126257332840418,1,2,2,-3.739824792492068,-2.212582236524508,2.416663030145046,0.160939132449654,-0.0150628436221372,1,normal
5.763773207582248,533.5658410617375,542.4007261471861,0,9,881.499074688485,2050.1455052728816,1.274134364236277,0,1,1,-3.7298553323661743,-0.8877779822148779,1.740027312228547,-1.224771902405533,0.562197866870036,1,normal
7.504131977683176,217.132264711412,522.7356525156944,0,0,552.995057763483,592.62346337815,2.513736915743352,0,0,0,0.9436968020154728,-1.4511733687704784,-4.6122049419968985,-1.6143921116667097,-0.4981999370863976,0,scanning
2.796050361656341,128.68771217374254,679.9114697297958,0,12,218.43286703380213,1386.0897193356818,-4.005506766092841,1,0,4,0.0897987471405739,-2.242968992659065,-0.9033881385927972,-3.6521720413409353,0.0824347556336926,1,normal
6.929601028390955,2590.386170721549,392.19401227494393,6,9,2027.5528424186432,1861.7852737993228,3.789381783046524,2,0,0,-1.7918167045946622,0.865284275878454,2.864948260604489,-2.160480994079932,-0.866511565187768,0,ddos
6.9433251157299605,1273.5796924372464,519.4262439941397,3,6,2062.941870398498,381.180361997946,-1.1627720599084066,0,1,0,-1.3596560521061432,-2.990659662706692,-1.3003423847486186,2.1318295381172008,-0.5266488403290748,1,normal
8.097870668650163,2012.3564416460024,225.8205283552805,0,3,1746.3529861452178,1231.979213973054,0.9768119982026622,2,1,1,-2.2702718195892744,0.6875781034452296,-2.318971772186581,2.232443601252495,-1.7271713386776557,1,normal
3.267935301114292,1631.4895889318077,587.3810079070361,0,3,1542.7495839528592,1432.270992791257,3.7251163015650217,2,0,0,3.751307296156174,1.0116038567613956,-2.533259979144852,-0.6424137679665396,-0.5146706942004261,1,normal
3.345713202601101,565.3570036643048,116.30762433638183,3,3,1451.4614122575736,703.548066152603,-0.2037239631907516,0,0,0,-3.626091773616888,2.9691595514911926,1.779768752150713,-1.2660959551502424,1.3748575222755477,1,normal
4.055078305536148,404.0830960089251,413.4680743315127,9,0,879.1755466147002,6.810879681070882,4.401014496443246,1,0,1,1.5172086887254823,2.242668727811071,2.6098629513976066,2.493389353520584,-1.140796374556973,1,normal
3.820434050014613,505.5364623199228,420.0033481046142,3,3,2826.609728638942,1620.5983631908634,-2.457348626852606,3,1,4,0.7310136373387364,1.3709561213699366,-2.757131231640948,0.6041051339072628,2.891269122994776,1,normal
1.3594504342170928,2431.7058575494107,110.45390788634336,0,6,1173.2066499567488,108.61715967294867,3.4225180987519934,2,0,2,-0.1919046231590175,-0.242485460132385,3.531258378928836,2.527389327884423,0.9280126510686733,0,password
2.508563547580629,1635.0121226173453,138.50607889877816,0,3,1938.142232921016,442.5085525697829,-2.957109375332565,0,0,2,-1.4740254020188417,-1.608554778296077,3.811253016220868,0.4065884996332813,0.2286239000575839,1,normal
9.680353003682171,984.307001948546,151.4955686876443,6,3,389.68024600834127,122.25447009983212,-3.197047663010365,0,0,2,-0.6834401835265708,0.6720466411418726,1.4427297635217708,0.4899383047686123,-0.4366635714873785,1,normal
6.402784069563054,41.875197013669485,18.63293856364741,3,3,1863.1144962592607,219.0057352358368,-2.1548422789929904,2,0,6,0.3593610199709847,4.002261663616892,0.8758549805031656,-1.7804511729610368,-0.6266605502667487,1,normal
3.9577600751701225,1358.0715840705532,680.011116191828,6,0,2090.4136501990542,1588.199362775032,-0.966884139518355,0,2,0,-1.3508633876590068,3.681715777498174,-0.2332112691345971,2.778171244942019,-0.2094301439779083,1,normal
4.049425812945728,527.0775049718792,660.7540722896991,3,6,1476.1938086124153,731.7066422779953,1.443414027153461,2,0,1,0.3221649263663841,-1.9448855838828387,4.1742601992323385,1.5126470533083056,-0.0260844029974261,0,injection
7.125280427896651,173.2848338585699,956.205913862511,0,9,704.5305007690305,1602.3282522976228,1.8575381401728936,0,1,1,-2.402426512046409,-3.064476702046876,-2.079855616652776,-1.3531087255336658,0.2881240233730744,1,normal
10.590109606216505,512.2749404342292,713.0084608988064,3,6,904.8303327007076,1357.3390477637076,-1.0751180451651885,0,1,1,-2.298331381229467,0.8377821786094282,1.2628501538506287,-0.4373989661423491,-1.2364855717991594,0,xss
2.784121342311665,843.1423483484416,339.2372840976419,15,3,3061.6863256472725,110.76931373522544,1.3410167485243676,4,1,3,-0.250003881080421,2.566914521971248,2.2859580565309594,-0.7243292955272473,-0.7575207496622285,1,normal
2.9608984478443694,895.6607080727783,119.0272134103384,3,3,1221.5739787505563,320.645537448825,-0.0431520219588648,0,0,0,-2.0823667661799434,-0.0955523094849948,-1.3247939234718182,1.1348086200882623,-0.7989580340448915,1,normal
1.0593597893861275,250.44752760862943,55.42136993136324,6,0,1746.6381300493968,748.4460522234763,0.8313754123901278,0,1,0,1.6819632981684844,-2.080680537122841,-3.565466384446755,2.3888399588329072,-1.617949983468173,0,dos
6.794644433445257,561.4480167068944,570.0842327412973,0,9,2115.598020180691,532.7452252988123,0.8471633145953017,0,1,5,-0.2861610258993822,1.711146270661974,-0.3499673094738774,-0.170736568229094,2.634366507193909,1,normal
3.0541721508440944,983.3199421731896,594.9876887280655,0,3,63.463357698430165,1928.8550754070748,1.810292303103361,4,0,4,0.9861230214568252,1.1055767562678298,-0.8874648619023466,-1.411624273443307,-0.2170247158188686,1,normal
5.579640882414826,166.81151818874994,333.68682353739405,6,0,467.6490177000108,595.6881010735425,3.760594362326417,3,1,1,1.864070885087588,1.2696091749285003,-0.9694236758052506,0.1173074045647093,0.9789297911974568,1,normal
2.457703145483428,1681.277814417939,84.07107106176214,0,0,1196.6938343553568,203.9892407385645,-1.523141023716717,0,0,1,0.7770512223608254,-0.9475885212134714,2.169752287990731,1.7243600718682668,-0.3515125020096331,1,normal
1.7287407622851128,288.3639683130596,443.19596495728007,12,0,2240.86764329925,101.04875523675562,2.2817104166492435,2,1,0,0.6615964139516403,2.8144131842725537,3.889515198007506,0.6834161687014964,-1.0066212856278578,1,normal
5.401210494464904,599.0419878998813,331.76327095662475,0,0,2014.247011345389,127.10801320631384,2.671975832739972,3,0,1,3.2201555489532057,0.5696150618376129,2.8102750105854524,3.1078409751406304,0.8657900258185705,1,normal
4.361333129143771,311.30404990243886,139.66367491116645,0,3,1839.197650976824,1321.358520992687,3.150090882843779,1,0,1,0.1175034966950903,-0.4577817484609809,-0.7578543466743615,-0.6233456950539833,0.2070266941158296,0,password
1.0991353376866193,1364.448038312746,178.21685949011103,3,3,31.126283409318106,1768.5280670861057,1.7233377211187804,0,0,6,-0.9882270989187654,-1.849237915046569,1.4713611342123043,-2.8128860950706405,0.6121482428710864,1,normal
2.714978616043063,1573.1324839657243,559.2377415249573,0,3,667.6761564881701,291.0234369727805,-1.9322359378476053,0,0,1,-1.2846702219289925,2.107250084285131,4.220875582669398,0.4616118394919415,-0.3422580953151143,0,password
1.725184291353483,1411.501755979575,522.5895591451729,3,0,874.1883109580701,1581.7042544991966,0.0202323740810947,1,0,2,-0.9396238886398802,-0.5364113396719892,1.09415205516132,-0.6800346379301645,0.1940499835960538,1,normal
1.0137029054538047,167.94247985938827,42.23917998236814,0,9,2476.804678655109,385.3800405140378,-1.3530639376116562,1,0,6,-2.589575958303458,4.427152786923974,1.8719784800521209,-0.8487847262790121,0.2373223833588354,1,normal
3.6083506660623472,375.40751505550816,323.80806515798656,9,0,562.6909692561385,855.5401396918913,-1.4483391613659868,1,1,1,-3.0262212697469533,4.42215319410322,-0.8146200958569019,0.5817402069329949,-0.7179244317871183,1,normal
4.861053260272329,386.4152199122526,248.8474725565487,0,3,2058.720503590762,2216.3931289370366,-0.4856849663535573,3,0,0,1.107936629208316,-2.8716599402590592,2.8766757335993427,-3.26484315779444,-0.5491480163297661,0,injection
4.99912173986486,2119.7923405687493,747.4645275498547,3,3,1530.1796584669437,288.26967250965504,-0.3400412870559617,0,0,2,0.2347308573688576,0.2718393312607666,1.629816899534707,1.1190440387440326,-0.6685509851600093,1,normal
2.1484437811988912,2076.7323063760764,323.49309942599984,3,9,407.9307406502022,127.63757717960284,-2.212084863974647,3,0,5,-3.712298326373096,4.364609290798857,4.702902565176443,-3.052112830591601,0.0068964231329462,0,password
3.888864540370966,626.0764423351828,564.6712808854313,9,0,1973.8545312356105,1785.4409346539924,0.7524407459172442,1,0,1,-0.5470920588464807,3.2454487626512067,-2.6502577800653406,0.7163124948670962,0.303426418065742,1,normal
0.943743197843118,738.4707877430063,44.204747453252,3,6,17.336801774410116,117.90701704309744,4.138394938813192,1,0,3,0.96616766454885,-0.1373170237072405,-1.2394938105251545,-0.4132523005835126,-2.031720791929032,0,dos
3.5897319035964497,131.21695391391697,88.00630602940814,0,0,216.6925784520595,547.3103820912429,2.2251678304461144,1,1,3,-2.9350442423162715,-0.4096913735693537,0.1243603934249399,-0.5867548381566801,1.7248016769758487,0,password
3.010084014720718,938.7851648102233,536.9626525167628,6,3,489.8054152928095,573.756617230553,-2.3694678485011096,0,2,1,-2.4951017716205715,2.564402723813248,0.8850068899509544,-0.95158746075626,1.592183041889135,1,normal
7.504666623787744,2145.5144356800497,7.195437118966934,0,3,3251.9467315470943,2075.6430993786003,-0.9923876323643508,0,1,2,-3.226785207322642,2.444897458363796,0.4092681205245133,1.786409783161474,-1.3501269677940495,0,dos
5.000824108789404,225.7823709868736,237.7822834351746,9,6,385.7195921386618,1169.8945282569257,2.157567153410108,0,0,2,-2.368479074311307,2.585359912878209,-0.1394918064607984,3.829402457523994,-1.2200597484279665,1,normal
0.3229663939259574,1213.4058038062567,135.7669504220865,6,3,1720.063833613623,626.4749526893008,-0.5060331432174449,0,0,1,-1.876183573755995,3.2523866582477154,3.363755912966254,-2.089940176329317,0.3022173400484794,1,normal
0.3736014678773736,808.5411120325133,84.6001499611937,3,3,1409.3685239610331,476.34222919038353,0.575303508521731,0,0,0,1.7846647642436215,3.610622259481119,1.2435777258016596,0.2288421322209785,-0.4791786797280058,1,normal
3.8496016284278,518.7888516707195,122.52334028340104,6,3,1720.0426820103296,810.6308482472265,0.4830956525037211,0,1,1,-0.9354231280008674,-0.4023731604186593,-3.0568952841483883,0.5745949054176224,-0.4017423481489692,1,normal
3.4477472777636065,694.8729973817266,475.7795618918576,0,6,3058.8628976628115,2684.890807759558,-0.6565154976874789,1,1,0,-2.623268830503353,4.487822942377645,-2.134279109933712,1.793461308847342,1.7438567018735942,1,normal
2.7668254986503102,717.7364022314769,1142.5141297822104,3,6,256.80445534676096,1489.3076275534008,-0.0515572855061288,2,1,0,-2.709109687958925,2.2443384526021486,0.6851767099422355,-0.9131907312114388,-1.5575026514849906,0,scanning
2.597756040157972,692.2672399969115,246.5856082739932,12,0,2663.0892829888444,1847.7988048620296,2.948586844525928,0,2,1,-1.8094073690784505,1.9015294561605447,-1.5297766508610882,-2.699140852802598,1.8848518952421207,0,dos
2.905730868943928,574.9333447082005,187.32437453061144,3,0,330.1813593149297,877.9496929581626,-2.8921611272399845,2,1,1,0.5312119025207218,0.2411661089900069,1.0199549476502758,0.0016223433509876,1.3651597095814638,1,normal
1.0782013436137825,762.3585235449486,30.75987094748383,9,0,377.9639259844126,996.780368656957,-0.1611783404008511,1,0,1,-3.549628737908429,2.5169817889321555,0.388950306671646,2.499248057393171,0.0842908648356218,1,normal
5.119670301996845,146.39546715216346,939.0372519934688,0,6,947.74824217093,2704.017377992985,3.989010672544058,2,0,1,-1.2054722961809572,-2.919960018242421,3.137335796352412,1.939527406809692,-0.0671222187526983,1,normal
6.917078486217512,179.77465808274263,739.6677002806337,15,15,2452.505695707278,574.3495057870045,-2.620992569263766,5,2,2,-1.0686045515204987,0.6697512053409863,1.5136035153025045,2.2954657835461543,1.9332324669909244,1,normal
0.2844283528537009,1586.6012237239536,669.3469334939014,0,3,3017.674623553836,561.7619513557476,1.1892451285381374,0,1,1,-4.412385853322667,0.2476640030179562,-2.423356369709873,0.2711163026389788,-0.3364617790449513,1,normal
3.212216024991024,225.48536634386613,246.96560303975693,0,3,2455.2882357478725,1097.622049289482,0.287694938478773,1,0,2,0.2510564962438653,1.144044324871333,2.4306156835100268,-1.931513239786804,0.549132408715611,0,dos
2.6857227829746906,264.2006569481304,705.4755079087171,12,0,681.84729400527,840.1112376858089,-0.4499622911656302,2,1,0,0.1615961060496689,-3.4179870200104574,2.70462042864877,1.7100926034391408,0.371425852222734,0,password
3.515096327746668,812.775259543478,693.8154045868449,0,3,1276.856944467727,267.5981837799477,-1.9401821030965247,2,2,1,-0.6976574798619625,-0.3791935839867657,0.6036434890920007,-0.414607135756476,1.4853226100355243,1,normal
2.228451052257226,255.89516687615844,153.11401922636293,3,3,2215.8177883190456,956.4934520013112,-2.021066021663315,2,2,4,0.4406346318320506,0.4839956857306654,-3.01451412010681,-0.1908549357919682,0.5306677539970052,1,normal
7.748321283875147,785.1050485025539,349.63731346066163,0,3,2242.470843739036,1186.5524965657844,0.8090563770259516,1,0,0,-0.134974043248079,-2.2920423274393995,5.950090681682259,0.569364610687079,-0.0157925455238497,0,password
2.8254388546987363,1360.512801580364,392.4421947664704,0,0,2010.0019868722973,982.8564717098278,-1.3280509146373878,1,0,0,0.8198075987909543,0.4574490291561572,1.84519609759062,-2.9922211086034887,0.7884615490119578,0,injection
8.77979040250159,26.261069101012225,535.5904157005002,15,0,186.280167099436,290.01929910311446,1.3166105581567231,0,0,2,-0.7213171859796272,0.0878200125651551,-0.7755086121566636,1.7858686147426208,0.977778272816334,0,password
0.5522770325080049,1466.2626827865165,31.726411555808514,3,3,1168.5320416343875,1635.9520797555103,1.784947060466931,0,2,0,4.100746167304589,0.6132452601713682,0.1626940991157477,0.6951375737141072,-0.3889895816714885,1,normal
2.297419575264053,183.0106836553427,62.37418279165105,3,12,1055.1056378834492,307.6651027521248,-1.968583847387396,2,0,7,0.3911098372147803,2.42682018795023,0.6170467345239885,0.4840000179306883,2.7824356804247183,1,normal
5.663870429743435,106.2694759952626,636.4267062154548,0,12,1499.2597239149836,641.4680043035768,-0.4644548540102721,0,0,4,-5.209462884286328,2.2510330408744093,1.657364719935594,0.5192239810692851,-0.7668936277775661,1,normal
4.437522302200184,633.2903948927672,98.3820297912826,9,0,2197.448826686684,3983.174341380099,4.345632306512549,1,0,6,-1.992833310213589,-0.2095036482915648,-0.623774314646002,-5.878677066516796,-0.9267332449842198,1,normal
5.989560746835297,1828.4350914285253,65.59329379984509,0,3,2618.2338960028906,313.7047232445901,-0.9250461475621304,1,0,3,3.369296677549819,-2.958410862309784,-1.0978563962339467,-0.78960057512493,1.003980310047356,0,xss
5.817019013630757,100.27639130154198,489.73792197251134,6,12,1614.836811420653,1417.7519462089565,-0.56265490631407,1,1,3,-3.756387694693437,1.017369244797116,0.7488928790307976,-0.0159094671958757,1.038613652210426,1,normal
1.833184349032038,1995.452605356518,424.5351241793815,18,0,1064.1278016391418,834.881267075928,-0.8323297945047103,1,1,2,-0.8909040037482538,0.3132240357043443,-3.1751940794398745,1.0027317866110617,-1.0784012523727164,0,password
4.6927487684486415,194.74388168668088,834.7668569344884,3,0,324.5912576513578,284.77559945628,1.7263559338785432,0,1,0,-2.207538232677165,-1.0121261807052973,1.022896152350208,0.5735825723950543,-0.3996238462121498,0,password
3.588762498192066,801.6974806432297,959.5408725895468,6,0,1244.1460806752234,157.16799460458108,-3.111411710627187,1,0,2,-0.4441161684721245,3.5201173357040254,2.7609121489034845,-1.750655301659838,-1.8147505548817653,1,normal
7.239855582824843,586.0945110105029,362.24595468903215,0,3,2595.3816014934937,1108.3972564547614,3.1559948335451766,0,0,1,-2.351010054969283,2.2461680636083385,-1.4006644045273229,-2.355743239659615,0.1435184193884273,1,normal
1.326831520631699,1601.8321487264293,413.514855352773,9,6,2931.4525181430577,424.5387060007878,0.3938225362488923,1,2,6,-2.5908616068832173,1.0526597472041352,3.7400955466969057,-1.350506431768998,-0.9659839477655652,0,scanning
0.2809597287409743,1044.2079597149802,869.0206544161015,6,6,739.6938233046071,2019.574032273477,0.0103141063594378,1,1,1,-4.51869926951514,1.149986006761648,1.5113809187144165,-2.1738653633902705,-0.4702183389505923,1,normal
2.735315715702318,1496.157832342662,604.4076119246265,6,6,931.2374361228732,2762.472428142228,1.300254655808294,3,1,2,-3.914382164748985,2.6574275723952425,-0.450765896339288,0.9345109585767336,2.4097704995435745,0,backdoor
0.9707827108906392,1276.936979849908,621.1797184165666,3,0,96.15810208310243,748.7506984152201,1.2849923186080845,2,0,2,-0.9610422700815154,1.1233857680920252,0.5781874776635402,0.4599624467895548,-1.5479758169006232,0,xss
12.537294297831652,643.8810779713241,300.27267748639605,6,3,2562.424850555449,1135.3804369626646,-3.787087058423258,3,0,2,1.061118849908706,0.6552060138919604,-0.3256606746600301,2.170905262813449,-0.3951484734394255,1,normal
2.8011064563160604,281.52737561162644,256.5502317858188,3,6,755.556578254114,2016.135219815033,-1.6042690604390717,3,1,0,-1.952574523401886,-4.146824321901166,3.863196282444858,3.8099395851191833,0.3667584130553428,0,ddos
4.117499597732654,804.7577309102338,662.2914590989334,0,0,134.94229115022358,866.4288240346416,-1.6912778692297483,0,1,4,3.2773545925312018,2.958357789528632,-3.179916109630283,-0.4370823764198719,0.4381551810811853,1,normal
5.677782755026659,1526.599073599212,347.3550794558339,0,0,1498.0421026511715,404.18829405875584,0.3206793069912013,2,0,2,-1.1479653791521631,-2.523861295137066,4.035955710077027,1.5587586890130165,-0.9621298926019988,0,injection
5.9879822795273006,16.37184805368308,248.65680196302853,0,9,985.3397531933916,269.412717702433,0.5723233518644217,1,0,6,0.3271860354315541,1.5487861408244237,-0.4248755845992752,2.209990927985842,-2.565502903810286,1,normal
0.8121418510624088,483.80127381488273,849.5401505232122,3,3,1134.1462359390289,554.0292728881622,0.9825256521453498,3,1,0,-1.38309193474781,1.8264548311032165,0.7992454699607252,-2.8730229623205217,-0.6845982818335986,0,ddos
0.59289106807058,16.992164100717353,406.5246537037429,0,12,605.239021007595,1700.0542943633725,3.5958286039892746,1,0,2,0.9397941224937224,-3.8511538905727294,1.267336378651733,4.027781395363581,1.3881409681157384,1,normal
0.8109649390686349,802.6931075564534,229.938110971564,3,0,166.4079071221581,1192.5879420176302,-0.7353184657533467,1,1,1,-0.0642614090227111,0.1154736821907949,0.3556204352462792,-2.9648391908812544,2.2476708932355045,1,normal
0.9812189357429988,1147.128807740526,274.5459044304646,12,3,107.10545168823336,241.37979017009,-3.3521929948310296,0,0,2,-3.5119784186619034,4.244468735008576,1.6875873321699468,0.4242795055628816,0.9724636446235778,1,normal
10.70589619343638,1021.5503500292832,686.2953387317056,0,12,274.7483507847039,240.43965113044183,-2.829181779677711,0,1,2,-4.398275321858119,2.802936712429071,3.893812082804579,1.089166123745948,0.5059440443054023,1,normal
7.673400623009881,473.57363016625055,233.2911568069306,6,0,135.35723437704556,222.2699916149474,0.7843755781306784,0,2,0,1.8030769323606828,-0.2409541471704597,-3.108918995316749,-1.183095212340859,-1.136938308333055,0,injection
4.816091114518597,1190.609722939553,400.97018495050526,0,9,2967.250058823143,1471.8092005526912,-3.653861517831871,1,0,2,-1.2382382313135545,1.262396167838049,0.6329266282391094,-1.2539393201972195,0.395748891192955,0,xss
0.1395869282272154,240.36266560634635,303.78374190740504,3,0,172.7122768508273,777.0630409444207,1.7323395015154956,1,0,2,0.1476490063622775,-1.416312482738643,-0.6080939457066887,-0.8948835830513807,-1.2726941666210851,0,scanning
8.87523764404101,1405.0603386904315,689.2485051282432,6,0,527.2474113190023,172.51262420909222,-0.275109205364016,2,0,0,-2.899563248184737,-2.7383764917872835,5.089289893467663,0.4842263796062549,0.9458899457200324,0,scanning
6.047903069127509,1904.1157179933043,590.5060458259397,0,3,3783.543301508708,2133.8530112067115,2.026768503490069,2,1,4,-2.4789522890861075,1.0117181550772285,-2.574889823304177,4.221085768194745,0.9663420949810804,1,normal
10.339878593433202,107.08702109444268,739.4099377921984,6,3,2051.875323147439,209.62150444058923,-2.113074577607137,3,2,1,-0.6616545321934738,-0.6293720306944679,-1.9268908389979096,0.9425149481441948,0.2138008505555084,1,normal
2.9041821389792406,616.4221662813959,450.15685280425697,3,0,650.0534830989233,1029.307399566709,0.3362520618983755,3,0,0,1.6617784810158178,-2.010789923690928,-2.80535458476732,-2.926889276006063,0.3144215609794581,0,scanning
0.3146783346688788,1738.8651259347307,408.7685487511192,6,3,2688.3754124090387,800.0400970163914,-0.2166186842181288,1,0,2,-1.000773135640691,-2.7451771811231174,-1.9567102781423893,0.6830014355969845,0.0772227644508028,0,xss
2.852029810563385,1784.3491779017074,58.1477245770323,15,0,1908.5998855413104,1161.499156067876,-2.015691731466128,0,0,1,-2.066492628581172,2.5748039205542983,0.4046071176094665,4.01541860039172,0.3965726480492906,1,normal
8.032293634714009,247.78559547100485,156.08696672958777,3,0,1541.9898242401566,51.8679889310275,-0.6345700403756427,0,2,0,-0.5973248375413619,-0.1243340108727286,-0.4723778905669432,1.4670966761026023,0.8593798857484213,1,normal
3.268935666944518,703.7177142796166,421.5233083702455,6,0,2391.2212326667773,1009.7000196607968,2.8101058419550933,0,0,2,0.2234091900922475,0.5880118479543628,-3.2322222715762026,-2.168714389039167,0.6938046692546276,0,backdoor
12.234149247565773,1011.005947429697,82.59048053634952,9,0,551.1440139674844,2110.0327807215804,0.8055486517431212,2,0,5,-3.557593583366896,-1.8616317109208445,0.5255429538943369,1.554367097042098,-0.2235252739540836,0,scanning
1.0203751040525852,1542.0304353923163,446.1817055560749,3,0,461.4743254640613,805.9563215589252,-0.201006981653202,2,0,2,-1.937294286071804,0.4034412379468771,2.167304492261464,-0.4903869849349895,-1.478801448932301,0,ddos
6.46253941056091,261.5498387223524,120.66749801653914,0,0,56.66490551704897,559.9846082785775,-2.642645831635189,4,2,0,-1.4251295117735991,-1.4181079157954584,2.6758962954769743,-2.963704674746065,0.747809033491652,0,xss
0.3187725871901906,128.6711931978064,268.5104553069727,0,9,138.27751685538018,1741.808059731402,0.6099555184742762,1,2,2,-3.9347782071664,-1.2867968443311704,1.96227608482334,-0.7508809014590334,0.2644091370005212,0,ddos
3.550187247665689,630.7014303087108,334.9239040609033,0,0,1121.5777539305311,351.01442372491096,-3.165202190812555,4,2,2,-1.169274010815419,-0.2744966695451165,-0.7258616637541706,-1.5489525396833803,-0.835388903126513,1,normal
2.283706225325999,636.5889174605799,468.3604732077417,6,6,3205.079874440544,1172.8834190221855,-4.753845406194975,0,1,2,0.3809581887843911,3.490766966500141,0.2077669999511023,-0.1834061190011935,-1.383379325790247,0,dos
6.141143153312835,1316.3260283561349,883.8814863611678,6,0,1630.1345070594257,121.72747881993564,2.619025777866801,0,0,1,4.045216582643587,0.3180887645882336,0.8110053643268308,1.3140309406071955,0.6207721025727962,1,normal
3.168931740806494,375.2893238314965,458.2503100237988,0,3,197.7320212005316,89.43134011028965,-1.7106487187673345,2,1,3,-0.7778902031015787,1.6527640385031277,0.5313977296207207,-0.6618834732540906,-0.2907589905664817,1,normal
5.324823622802731,1008.210197698054,54.62757237631289,0,6,89.6459479759726,1986.0614510774496,3.4176664164926205,3,1,2,1.7303562623984616,2.389570124442219,-3.0728196866269064,-1.0681603830807809,0.6074173133573423,1,normal
8.426984496554033,639.4601199048824,435.3003676077983,6,0,1052.5032070992004,893.458949005285,0.3401174853928499,0,0,2,-1.8132934177939,2.498817912002296,1.1738167567472264,-0.726792818970359,-1.024536030791695,0,backdoor
4.267448867744618,108.74688551868562,253.63925505487973,0,0,813.1666980470388,717.3585035643306,1.388952299877659,0,2,0,-2.178230625663637,1.648923685005134,-1.4736614322580288,0.5072071655190716,-1.4727588757083914,1,normal
1.0027694088531325,1064.3405459831265,492.9675153867293,0,0,1180.6202631989938,1043.9531825397826,1.8710906601624635,3,0,1,-1.7258104775662717,1.0537320550027125,-1.209729216324694,2.458851423718269,-0.0506401425279356,1,normal
4.816465852915169,620.0924510216388,23.76361288159212,0,3,80.07684417646685,2304.250807158577,3.589283507259423,1,2,7,-1.5428973896018328,-3.0905432213442525,4.309123537144383,2.559901822360109,-0.4937085638825444,0,scanning
0.0091509445251457,625.3407543789149,91.03894108450228,3,3,1473.04078389996,82.48759799538392,-0.5897006354486918,1,1,2,2.257531488145089,-3.33929460975762,-1.7243656394767937,-0.5625368231593132,-0.7126891498380128,0,injection
1.5973159405073862,518.7610835031815,338.994076555043,3,6,1273.4392601995648,1165.7842291194254,1.1919647071017347,1,2,2,0.4048092839117392,-0.8416861542751934,-0.507131344630096,1.5055684103417608,1.3259894477106902,1,normal
5.462394860982734,1160.6021690936934,559.031142569311,0,0,160.77008433031318,70.09804864678028,1.0928096316678246,2,1,1,-0.4789521613097428,-2.037250599844333,0.5359595101912499,0.196691259448384,-1.4764411659464,0,scanning
6.668484389321191,1156.7542548294707,129.2714828565005,0,6,401.4886936510208,1474.3564301674924,-0.4551239151672667,0,0,2,-2.822392712552737,-1.3427438990868492,4.014706149608925,-0.114738699629425,0.2271929868989614,1,normal
0.6977778048485052,414.74640411103655,225.1720694944838,6,0,1575.0280417895572,240.78595883246263,-3.8338002984856976,3,0,5,1.1027994565128023,4.877452609134579,3.106175264004892,-0.9011348076498252,-0.3032643195446026,1,normal
7.429174762569536,73.88334946639307,3.988515722943043,0,3,168.791508616033,506.9609739402873,-2.33762000098186,1,2,1,-0.3037893923857852,0.1261690532016111,1.9886867244949773,-1.6103425353476526,-1.256478818182926,0,backdoor
3.80062473848836,235.6930919863761,44.27047306330073,9,9,1907.66980566443,1838.5446873161195,-1.7147916336794762,0,0,1,-0.8525298053697699,0.7339125779705262,2.9246675183808253,4.145057881939772,-0.6528091596245517,1,normal
1.458364153600632,650.0656169186433,796.8056418181266,6,6,1783.675357085921,639.1134225258504,-2.610898245584345,1,2,4,0.4706957157602947,0.0186525823178573,-1.979957418922469,-0.881559319988882,0.5394971933741021,1,normal
3.714539296292311,1019.5665075288968,428.895444890608,9,6,1509.2945613419342,660.7313823892722,1.4712836049379932,0,2,1,-0.8989257282693377,1.0609212782134627,-1.4422275110109857,-1.855495459706879,1.1150531619197217,1,normal
6.617651164316285,430.2426792626224,781.9193590888812,0,3,1064.2574102616122,713.522842421787,-1.8756342414704488,0,2,0,-1.1072367451877525,1.8272910130817035,1.0086922484869152,-0.157147845037145,0.1882806679661861,0,xss
1.1072072497079708,146.7776065364775,621.6622415535786,15,15,288.9495101468933,733.1769846297013,1.6550833886719072,3,0,7,1.9114613351786585,-0.7555195472787792,-2.528661192350524,3.878120386127134,-0.5873031171634969,1,normal
3.051251216232927,843.5672761106616,869.600511441523,0,3,2982.8479989785587,595.1486759692234,0.7172994729934494,0,2,3,-3.4771394296402205,-2.3812023462700624,-3.465054851466946,-0.9474948535409656,-0.0807516312281228,1,normal
0.07430275379868,3132.0248607763256,98.20154936280552,0,0,5077.096644102428,316.3772031118494,-4.142719873260779,4,2,2,6.629796797750515,-6.476136898972147,-2.6064738493675907,-3.7283190212447375,0.0670348868549235,0,scanning
2.916407113932137,896.6306131455965,379.3163828802146,6,3,649.2254981708965,419.63743954961626,-1.5317483085275585,0,0,0,-3.288583575414464,3.25214634219574,0.1835808130119978,-1.162337255098931,2.30274212191787,1,normal
10.201469535164389,200.78296275830155,54.99645643302657,3,3,1974.6277025697527,1326.206398963251,1.3517123708895802,3,0,1,2.3456679636776983,1.5278820801549955,-1.0754776120392615,-4.649949956741117,0.2466162957759592,1,normal
4.683887287276776,1404.5110342518572,499.662870397307,9,0,1946.3619601819887,575.566726953569,1.035335946224338,0,0,2,0.916252593805196,1.913835342440541,2.7128709783124902,1.93345562140683,-0.307343974756049,1,normal
4.855119375679699,1842.2306569980065,356.5228219304688,0,15,3558.54261767707,2592.213304419282,-1.8368575671761536,0,0,5,-3.880694626844301,2.882555941857284,0.0746424821392055,-0.6313970339329661,0.033306687720431,0,scanning
4.13180883061378,908.6247254165062,78.81857412644439,9,6,1419.2896805345088,1555.1361706596258,-2.919097741632314,1,0,2,0.5221239588344306,2.116796665673344,2.935664289402001,-2.629064182725472,0.1153975745177258,1,normal
8.218108072668159,719.8873718289075,309.1903454762315,0,6,505.8444933238876,588.0361189505077,0.7706170062610229,1,1,0,1.7249592367632367,-1.3121589393720243,-2.2221936290947104,-1.9856716359872173,0.0342841283100956,0,scanning
1.9610641955203123,139.27178361427488,838.6876974822957,0,3,1096.78475215957,148.8388446078217,0.5931589885595283,0,2,2,-3.2237309275664643,3.5214581757719454,0.5508849761321175,-0.6741947060142084,-0.1353056375288403,1,normal
6.143307141557521,211.9915752598447,84.79962722766979,3,15,664.841401746445,284.71800396843093,1.199387609608737,0,1,5,0.8166930089046209,-0.8484101402736929,0.7511959802187764,-2.7287024520446552,-1.5884992309006476,0,dos
8.593462697892088,288.9408686464092,192.09317464075147,9,6,567.3493302817964,1111.1051986764974,-3.7008385649182,3,1,6,0.8247945216380421,-0.6080443181946509,1.0692054341008888,0.2607831748208455,-0.9123853375633996,0,injection
7.124457575108874,648.461985130102,538.9148062213667,0,9,106.96174773072566,354.89146855436314,-1.573503419655348,1,0,2,0.4157856641857654,-1.3410846833351229,0.5613534421524655,1.9281831924397368,1.6255386562736758,1,normal
7.425458847365798,69.17889148328149,11.821150028888123,0,12,142.70042908952692,6.074525063118257,-1.5442942110667073,2,0,6,-0.3306907021936132,0.086211830805372,-2.5983255150289035,-0.9647209262511234,-1.0941109848473576,1,normal
2.498434346847779,1710.2695028373444,381.24031263672384,6,3,1248.3617371357172,770.6377994595956,-2.825002459101012,0,2,2,-1.968380976735053,0.6370260313719993,2.947191337543356,-0.616437758086001,-1.2340858942354591,1,normal
5.129462825313839,1580.0835092224452,79.77953834561092,0,0,1794.5214613922917,808.6046567763956,-0.2063326816535828,0,0,0,0.7837322863857177,1.0663706800293944,2.345764002064312,-0.3872450603800921,-1.3252020522924384,1,normal
1.6229198047400095,2543.21483157823,219.0241756450931,0,3,3324.0188219842767,1802.1965537659387,-0.4009597737992072,2,0,1,-0.7532820400744124,-0.3599803588565682,-2.972495279370032,3.364539219539676,-0.0173764181721215,1,normal
0.7444815938118698,283.0127767523152,652.5746033211176,0,6,3063.397966107794,1718.5514400150896,1.464946927731427,1,1,3,-2.7991916496293285,3.5240624017734943,1.1526607030899243,-3.2584104835101364,0.4259485610449695,1,normal
4.268434243338986,1512.2359037760443,523.224960471507,0,3,2140.2690521018167,41.75109949682506,-2.7621577013943783,0,2,2,-0.9934298898515488,-3.0069372124447744,3.3942077012113945,1.3981219365553146,0.4603850801248917,1,normal
1.5905660103621853,111.015482154177,30.44107940100881,3,0,1453.1616752029895,515.9156806306133,-1.6217365999103142,0,0,1,-2.473020161783478,-0.612895160893485,4.395316452062504,-1.775803971506833,0.6720390103842181,0,password
2.2200155376539628,438.0587576689183,115.82370924875612,0,6,162.37431780536463,189.9589657050623,0.4357000389278043,1,1,2,-0.7605678191794716,0.916260541074168,0.5455981462981774,-1.5301068369773718,-1.1837527163593222,0,xss
4.393329810408176,180.69479633239783,728.6113224478514,0,0,568.5637308209554,1077.2339386081078,2.6308761945543333,1,1,2,4.169218216798139,3.781230931231245,-0.7179177635452334,2.391485434638085,-1.0375751911782467,1,normal
1.016984594464653,1106.7173139230108,14.793511819373176,3,9,720.6138466155381,940.4688127004824,2.742274350478473,2,1,3,-2.517499897429232,-0.5551405043613664,-1.362928777167144,2.4715786978456387,0.7825024151102061,0,ddos
2.5234181597216034,972.601362892388,43.01846980265199,9,3,1307.1819498604575,207.42793203397207,-0.7543560019460911,3,1,3,-1.9019475672370725,2.7175396897369897,0.4871141050450114,0.4963617292648997,-0.554696396198357,1,normal
0.2306872897260679,827.972238454462,395.154505660666,3,9,2579.98753265977,336.8659032885729,-1.2635313578266876,2,0,0,-0.9626030598985986,4.635271983838963,-0.6974153489664523,-1.5625909688882729,0.2586858361501424,1,normal
2.81574656166536,730.8899995451503,822.0037305054955,3,0,843.0945858390063,158.69757928161948,-3.667057166030703,2,0,2,2.1331318322450104,0.919592586012417,2.9587401351623326,-1.7167381329467457,-0.2607661930874526,1,normal
9.663132990634194,932.258794601167,45.23647717408421,9,3,52.50769575192804,949.8307651315616,-2.6158862790280475,1,0,0,-1.83501788844322,-0.960990021638948,2.665495195362933,-0.5974054528881999,0.8547203780987582,0,injection
1.65619250537696,22.42884133927725,36.89589421128159,6,3,1137.2447340876818,757.0734357519881,-1.4697558830074953,2,0,0,-1.2423736650462232,3.173225380237902,1.8771288983916457,-2.1171705303840223,0.6630234034307986,0,password
0.7161128573503108,1301.8230971789487,66.895186792085,3,6,125.10593603544044,2210.57814005956,1.348186523672135,0,2,3,-0.7856120578401666,-3.400001974000672,1.549016480547732,1.6686843658487192,-0.1517474254734769,1,normal
3.426138278204318,1197.462945022041,253.58653593941523,9,0,825.8872425576894,526.509783379093,3.349390051054975,0,0,0,-1.5403748699461508,-0.0339049463820266,2.656934592530402,1.9273020342898373,0.3126455849806449,0,ddos
4.6783082017201325,868.3529754312251,465.8604166240913,6,3,2583.045964166136,710.583401651517,-0.8848650394392656,0,2,3,-2.868294661166502,0.9365807415794412,-1.3583778198415737,0.8092609010691441,1.0409956986023765,1,normal
0.5569932289332314,541.0121911559199,32.32330186321225,3,0,1683.2177729003256,748.3975167606619,-0.1135358649288547,1,0,0,-1.516132099859925,0.368640274105398,-2.816121116758201,-1.0311662811334883,0.6931440191894235,1,normal
4.891230938128897,370.88493894246255,214.25568938061087,9,0,2902.9326416179324,1601.7417206686605,2.564241941804778,0,2,0,1.067933138408664,0.7767989988770867,0.586420278144852,-1.4162413832246732,-0.4405714092862243,0,password
0.54741679110738,343.1628783983627,357.0373303140475,0,3,3524.786625415379,1926.743594795416,-1.6798649089360291,2,0,0,-0.0651952535002391,3.155363894402763,-4.077732013152176,-0.1731162899433735,-1.2880656748897583,1,normal
1.5414713897877357,505.9889253715703,492.60072066711183,3,6,1485.9376787691651,1014.1334347982472,-2.626395098660693,1,1,2,-0.0916491652647015,0.3260725290240327,0.9179372956816754,-0.0659545807463959,-1.09671497344214,0,dos
5.886179623009152,1152.5505349936127,384.33778063357386,9,9,266.7649622457011,1829.580974254972,-2.3647444029675686,4,0,2,-1.4323068812032138,-3.6573631146356673,-0.5270797573070916,-1.72308347733727,1.502505509247614,1,normal
0.7319134694619114,71.78697337609663,240.5776296159562,6,6,190.4962640991868,392.0626012324095,-1.2486220583142569,1,0,2,-1.3743305838285782,0.218238106182707,0.4385742412851303,0.9799167348994472,0.5077105490888303,1,normal
7.445526015279073,552.5366618830093,737.6356511547124,3,0,2429.239307823716,758.4767336719855,1.6350819314429337,5,0,1,-1.9358691693982943,-0.4422075990417855,1.1616462447915787,-3.742906814840485,1.045136457378782,0,xss
9.469506343123347,385.28242222809337,699.1845854803346,9,3,741.9665663632874,285.93947480223017,3.3484988764746504,4,0,0,1.7426820307434845,1.353867013006686,-0.0727870853289229,0.5811297162314654,1.220475122434015,1,normal
6.589789897299637,202.5618514678845,141.79454170407914,9,6,2456.917822860484,190.874353958268,-3.49307827943434,0,0,6,-2.634813246613809,4.111910620736813,3.0975763019057405,0.9420238878076844,-1.574594303419914,1,normal
8.559789822874661,1012.4011732718996,211.50669293108265,0,9,2662.737384901261,1376.1464178142546,5.0084091287418,0,0,2,4.578148536153439,5.8260922648,-0.0592815316021262,-2.417055058920257,-1.2411362393497147,1,normal
1.2051877132489155,1637.7134734796716,136.79985733603894,3,6,713.5878421228763,3070.7805132024714,5.145914476458228,3,1,5,2.379770064783062,-0.8492287477500795,-1.009709731537206,-0.5521763157429227,0.7403664662203991,1,normal
6.568942789822448,618.9398049528061,159.68258586968446,0,6,751.9062859115891,224.00559636569696,-0.0496748371768243,2,1,2,1.9892090356047445,-2.851060941885239,-1.3132884849456383,-2.600415312769477,-0.6379719638453925,0,password
8.329340277273838,978.3292300700712,65.28015332670716,0,12,1647.885003954778,2191.2024096996493,-0.0916683778310898,0,1,3,-1.858132723769692,0.2119112994389231,-0.7997190679794648,0.3420321303110611,-0.1183336713224182,0,xss
3.177558665329845,1195.2355135953478,501.96356234447023,12,3,2658.243642949584,469.8864085869621,-1.8192356172082087,0,1,2,1.7591423991817514,-2.849764371190024,-2.0369021075779834,0.7409621747651112,-0.2620928873866064,0,scanning
0.9912365511693434,39.36105962381164,502.52120090935847,0,6,1315.4131103405437,1030.7460102857597,1.5609023562558768,1,1,2,2.348640634106946,-1.3143937937449222,0.0275898802283451,-4.038326269583146,-1.8795049616222137,0,ddos
1.9605123072888595,460.08859046841553,223.153291670494,0,3,1048.11508496252,172.35354432750148,-0.9381856950610536,0,2,0,-2.3506468238075264,-0.0333593384601007,0.4367496595957189,0.6297866096517915,-1.3190091217252724,1,normal
7.102595582340313,875.765048885718,260.1036355238312,3,3,1708.1141841559026,556.9855833199268,3.512156940142278,0,0,1,-0.8108936570198517,0.948630436752354,-0.5873547452925443,-0.0562576240313958,-3.779027602585321,0,xss
4.607977331424667,1210.2308660013166,315.6037568491795,3,0,479.95142880379046,1537.3278616737955,-0.2698123640157409,1,1,2,-2.1144352891277944,2.8718656481487894,0.651888018975671,0.5726760780704525,1.872017731234335,0,scanning
6.630413378895527,710.5007221629849,534.0437299373211,0,6,1052.9161061549216,870.3688516108489,2.618415281565083,0,2,0,2.414278217418598,0.0597495850962084,1.7947953048648455,2.9058332624572323,-0.3029916310107136,1,normal
0.5814396146805404,638.9686538029313,521.40687902879,3,6,2061.3757568379715,551.8602598042514,0.8109971265011645,0,0,1,-0.9991466620934102,0.5140193833709504,4.2816366463236335,2.430582904995875,-0.9134079685546344,1,normal
2.23601945509552,401.4274105137953,648.8571135322694,3,9,775.6385504586427,322.6693547254065,-1.0838588425581477,1,1,3,-3.728785197282144,2.6586592993109104,0.7816053087767647,0.7221367231348557,-0.5874277458983492,1,normal
7.8911767156749715,881.4680937462874,327.18924780575674,0,3,2023.4778800505323,509.1525127028846,0.8485796475384679,2,0,5,0.1717237511405622,2.719400264451457,-1.854414424668112,-1.679650243476975,-1.124356373679945,1,normal
0.8722564890716322,486.7172530486673,137.07001161527415,3,6,887.3334568673639,520.2803512680568,0.2207765763051983,1,1,2,3.652959090761658,0.2862535077240394,0.7388664422558628,4.1703190366094365,1.1055291895835246,1,normal
7.038763973104642,1124.4215639208464,392.49059733417806,3,6,197.2092722414688,149.00364493839012,-0.5926745730508935,0,2,2,-2.866707534478194,2.25233437831042,1.1806829640291348,-4.097424384893844,1.2226127869441794,0,dos
1.9032519791889613,456.8781959337559,470.5143967886775,3,12,1207.187615559164,1687.4531786229556,-0.245550811479701,1,0,1,-4.366440048037596,0.3922448320217786,1.3568139265478525,-0.716335856106916,-0.6514908353102233,1,normal
0.153910118494524,488.3854834615015,38.78927904860583,0,3,2057.16908730422,54.85773000258358,-3.192599198947492,4,0,2,0.2536319106246683,-1.9216214974969208,-1.1905681298226016,-0.0177763939540112,-1.0372393458467568,1,normal
2.3140191780256467,217.1807974924321,154.74649192452603,3,3,1737.084956243553,584.7296173428049,4.038469096211943,0,1,0,1.3966491150591802,1.157495146250614,0.947445868748002,1.209586579415727,2.188592335651757,0,backdoor
4.713313812765997,307.1422460830454,181.68973781778504,0,6,1845.3666053372124,1328.9231306341007,2.919571102355147,0,2,1,-4.579786980570035,3.295800537701261,-1.1028889012216136,-2.3849329547671685,0.8900121869968004,1,normal
3.312669902004477,649.104298724259,165.40820628966918,6,0,1566.46842644635,305.598751303868,0.7645397378953824,0,0,0,-1.2150730796315852,0.4711273019403335,4.117369657832494,-0.2060739031553895,0.951619770203122,0,xss
1.659022621359477,887.4366103058982,1065.1452024769817,0,0,1093.8061803973465,882.8878166433166,-0.1687266670942244,2,0,1,1.0579755675336011,1.9968309699413265,1.0412324122413636,-1.3646226514256548,1.6200521217407409,1,normal
8.703178294022994,293.6969652790592,922.7367739012122,12,3,1095.7816832356812,741.0373336632007,-1.0287710189850952,0,0,1,-2.858347596207529,-0.8568871464544967,-0.3128910490304152,0.6562230543670119,0.7462128860934358,1,normal
2.790809576451017,48.45336427105173,441.1311441486192,9,9,2496.145735808862,503.119085852384,4.053795200104378,1,1,3,2.9540123080199625,1.850458203442447,3.0792382216949643,3.3383124875722627,0.2095271485784806,1,normal
5.303155130711338,504.6802604783656,481.20612249193374,6,9,2524.9025221333,191.8479451989972,-2.836032658615116,0,2,5,-2.5044791485954567,2.928720639448053,4.34785659380427,1.0019974511135163,-0.6664549702087414,1,normal
6.450220740882045,1370.1374805504215,620.9398202758058,3,0,3261.3913952438743,2397.526773861857,-0.1896441101511643,0,2,0,-1.2722825202695494,2.31021178586119,-3.103281642725728,2.269538297000865,1.2214363243078097,1,normal
3.079973821106254,126.74920435877956,277.12461332148587,9,9,586.0651230266542,133.20959060932117,-0.1236064813151021,4,2,3,1.4712779742698714,-1.9119785338317747,2.451770957344157,2.672871353096568,-1.1651525823471214,0,ddos
7.786739782259583,1055.235821816815,895.8947064736034,3,9,749.7257621334128,1861.7626740152864,-1.5029010133005665,0,0,0,-2.8007513856394297,2.484888111553309,3.1583492947935383,-2.274140137648894,-0.3971166831615402,1,normal
7.243031070281379,207.87013962692257,36.48923041417898,0,6,525.8554316236424,358.9198291607071,0.3196710660120901,1,1,3,-0.7861963701442201,0.1562889714925444,-0.5797687358018568,2.301830541552502,-0.0992159441565458,0,injection
5.671444031599383,859.6552020055244,1026.9320595076856,9,3,171.4552209075223,722.0342597737954,1.4767513233000076,0,0,3,-1.9471407467569084,1.1189239717620822,-1.3124354501257118,-2.439376276150428,1.7987240265403512,1,normal
3.1610969239050264,891.4906745454363,176.8196924072945,6,0,65.93760283430974,1439.9362149964106,1.3128405440433133,0,2,3,-1.6341130298683366,0.8489675817908287,-0.0667253287717275,-3.098213632191768,-1.2158608506171622,1,normal
6.321613870641064,860.5616110984948,186.46473391345413,3,0,50.898971029137606,136.9753339556322,-2.0106052265450773,1,1,1,-1.3993258055965667,2.3243497598527885,1.3896030072999896,-0.79996183918427,-0.41166185860237,1,normal
4.653393765246651,411.803180824623,529.5817423764313,0,12,667.5847329461013,2063.226636866866,2.7251245945577898,1,2,0,-1.7142883139432945,0.1825269388103969,-1.5709818471559138,-1.752484095060736,0.7247449813914588,0,dos
2.3578130881873527,842.8929056164237,175.973214387526,0,0,1999.9925531192844,932.9684943510946,2.27332970890851,0,2,1,1.738619443251438,1.3819138040951486,4.042054923450718,1.3325226261238825,-0.9671059585099908,1,normal
8.482059238616664,60.52726023191868,283.55256575286245,3,9,526.1786000767775,1573.5324566144247,1.6796305785813797,1,2,0,0.5164322615012182,0.1071566149219036,1.4834606800077803,1.79792830654049,1.2591931646299404,1,normal
7.243416069704533,675.7575898453603,143.32140504806466,3,6,1294.6786966632726,704.0975983570212,-3.5521440384629184,1,0,3,-0.662012894529657,2.0058269310995165,3.674025678771169,-0.9997351850712036,-0.0959420721386732,1,normal
5.249342721129259,409.10376612903,381.79514149106006,0,9,479.65558737358407,840.9264142666533,-0.8117001517574333,0,0,2,-2.123385132757416,0.2164462330715664,-0.6650335627418534,-1.8221505504077,0.939111738892385,1,normal
5.355859619552208,339.23461219661783,249.45175029329752,3,6,438.6248656296456,549.1149589094287,-1.25586970964399,1,0,2,-0.472613494488046,0.6683200327528124,-0.0086062088980383,-1.7217942193419138,-0.7511824410432854,1,normal
5.983402141245184,1265.9782721111344,710.605220624186,3,0,1281.7939016630887,169.22038400251927,-2.886894236812858,0,1,1,-0.7089993572745927,-1.0206667007156367,2.4734562038699863,-0.1827715042908584,0.6230165097436202,1,normal
2.3652101359509063,340.01732945091845,511.8131108920104,3,6,167.03114174794442,350.21229801978086,-0.0077610234653184,1,2,4,-2.050448755749222,3.887378057738829,-3.9964416048667584,-2.608175312570981,-1.006896350868866,1,normal
2.575848299524855,676.167424157535,127.90634470170724,3,3,376.766869645551,518.2318924413038,-0.7237708804550091,1,1,0,-0.6547917008891246,2.375106506205184,0.3321226143321972,-0.7160472185231417,1.135028788834272,1,normal
0.3640779649674298,2003.1642894480328,199.31742483970888,3,3,1448.6024070508945,247.446651690244,-4.702536103596728,1,1,3,1.434487070802663,-0.976306687168593,5.177096035651017,-0.791988394532987,-0.5395073285060369,1,normal
5.240544050375123,472.6991720142096,400.28748656283886,0,3,348.347065407684,921.2869969322549,-0.6895596756758867,2,0,5,-0.6897336787914995,1.2564545156579645,-2.387058377341436,0.283512472193153,-1.4674905150969686,1,normal
1.9643431924143289,553.1157604585838,209.0079227513737,0,6,1564.8718252160245,1213.8038425662926,1.8375271060307712,0,1,2,-1.1760051172611523,-1.1771182045498938,-1.3784912085435324,-1.3877263050075204,-0.323782182341129,1,normal
6.56695820883121,557.3133489627518,296.63513044446705,0,3,755.5125835416404,1151.3470107726118,0.3674819506969131,0,1,0,-2.0664533199658246,0.5716957450087686,1.4287409266413806,-2.095097154341337,1.2385977490386408,1,normal
2.6477874200462552,626.8910457982042,625.063738598393,0,6,622.667448446436,901.8209421919336,2.626443640409766,1,2,0,0.838597320105508,0.3149995399162603,0.1221907325358038,1.7405073421810977,0.7033148553447766,1,normal
4.22335003712701,401.28238078696296,867.4927150428584,6,0,880.7102441822627,1194.130542273877,-0.4283040922778151,1,1,0,-0.0696712636493435,1.861487601390384,0.0882131617122718,-3.176616929923041,-0.9044671386468034,1,normal
1.2244065446443044,772.686301169584,755.861523018148,6,9,1934.5784840254385,970.618710604798,-2.214419418047023,2,0,1,-2.012204318830272,2.9400330751456263,1.4738107410525538,0.9806107680334456,-1.1988524069058415,1,normal
0.7534220740430178,327.85430289953973,292.82253351507103,6,12,409.5069419947976,1080.9704467354504,-1.4646873760484589,0,0,2,0.9426271901281876,-2.1270589812931657,0.0258686039615692,2.317897841985447,0.7223591293934117,1,normal
5.116317958985116,51.054202173723255,1036.0845685127429,3,0,230.58057176397176,800.9983085920383,-0.8123385469979044,1,1,3,-1.6048025752463022,3.1688373528252374,-1.2270638212120235,0.7639497328664526,1.2754454009292011,1,normal
3.160375139484441,210.2504409650765,316.76774851923795,6,9,3008.424753313535,1231.9667894361646,-3.407352849912089,0,0,7,-0.4093409309263838,3.64718231846643,1.3840246799900489,2.861054162263856,-1.3352999120283071,0,scanning
1.565958588428977,969.190564718358,500.53239926141,3,6,2139.394721283976,572.382776942498,2.193345003303558,0,0,1,-0.8144583236649676,1.097898487926068,0.5410577529617542,-3.053550588964581,-0.3737877865600147,0,injection
2.062416843495729,317.3248496858576,91.6560359744159,0,0,142.13543495520392,1044.793309337973,-2.874734868009379,3,1,4,0.0957576146450578,2.709158595678418,1.4225105747960658,-0.3093503740061508,0.3653879125374784,1,normal
4.530465430276147,2077.7096770341486,157.5055497937578,6,0,2957.4046119454865,252.0887341758549,-5.817722356408327,0,1,2,1.05165746893455,-2.3368081696398315,2.833416521386185,-0.0117635523245909,0.8956520717746042,1,normal
0.5251586462302554,13.471409966736791,460.8412681525869,3,6,2427.4100424612707,1274.0761875940009,2.476336015493472,1,0,0,-0.7079885525696499,0.2183871272473951,4.051755908914744,1.4350731710175313,-1.1809035739576212,0,password
2.1477678496065185,1349.132828648846,96.17956945480329,9,6,4338.203183494192,2221.399700558412,1.277400132838724,2,2,1,2.7902481207818965,6.588217715986273,1.5133845550395757,0.4379458263264749,-1.551628407507414,1,normal
2.653709257377113,612.0939182078157,329.5602679108045,15,0,1819.650955171502,869.1014005518929,1.0445749451498378,1,0,3,1.5446304476572288,1.880655534099403,2.4830493559338667,1.945024220409783,-1.5741287292164248,1,normal
3.234320462864112,624.2503124981861,617.9403589355683,6,3,1074.1990502359329,687.3659407137824,1.87018898745431,0,2,1,-0.5008187127805364,1.037090197622668,5.528682071269535,4.712490797881932,-0.4770350548699764,1,normal
5.049563568595712,628.8765780621356,897.6007167263314,6,0,674.1330812579221,236.63868604252164,-1.1405139538368538,2,1,0,-2.753072911363432,0.6588829087795577,-1.5786590449979276,-0.7223708047496287,0.9479748109021944,1,normal
2.181756860423066,282.0461875822775,382.527205959192,0,3,2549.0035449972343,282.6355264934274,3.604706853470253,0,2,0,-1.272474366597714,1.5804774295343331,0.3365698705611741,-1.2170347194665556,0.9502604874960316,0,password
7.264029743115552,111.22990255517996,165.49200683833294,3,0,2563.0620398667465,692.9471443090093,1.0111049960481189,2,1,1,1.037928127367002,1.2717474423298063,1.5618086181015969,-1.7847996399754311,-0.4487605757414867,1,normal
1.8093579833507527,1470.3316462147602,154.75993188584488,0,3,1391.4568479008028,1423.760011834406,1.6396968858263967,0,0,1,-1.9013121944745883,0.3006454933960334,-1.474938463621577,4.222488404153808,-0.3729430440809561,1,normal
4.0272795698416735,799.1219244151458,574.4303351273635,0,6,214.8201596022937,134.08999129984434,-0.2319989705113431,2,0,3,-0.7663777263316265,0.080371683865946,-1.4992492854254436,0.1819429257383646,-0.8713025378382646,1,normal
2.540296807172333,573.9185217777122,66.98412364566147,9,6,1070.2378446024532,1501.2840813420885,0.2754380949035379,1,0,0,-0.984606815931484,-3.0165435999627377,-1.7032535589798574,-0.1775834806837806,0.9405179259270152,0,xss
4.626689977076433,814.012329241084,904.237032279487,0,6,1632.97806870115,39.33575205935237,3.467167376281372,1,1,2,-0.4679965523988822,1.3167765430358582,-1.121855820565829,-1.1856277880982993,0.2228130599579569,0,injection
1.283521592597268,583.0923396930981,513.6813345163215,0,9,1068.8063352245847,0.9299346419710808,-0.8178408197473639,2,0,7,-0.9943215298563884,1.0286306634459783,-2.23469902013622,-0.7723414832896489,0.3577962425313632,1,normal
2.8473616855959176,1391.4655685316122,413.6899235973738,15,3,2151.5474712622768,1725.945918077692,0.7046349052547447,0,0,2,-4.300588573393013,1.0255719205587543,2.928175492925555,-2.32423207162706,0.5342120858933319,0,password
2.312911283348141,1634.6624666282005,450.2816476641834,0,3,5066.228616202759,1292.044418484781,4.718975656592858,2,1,1,1.6157209075568868,3.0767809454866875,0.5056803465452209,-1.825665729551988,1.0837168227415466,0,scanning
5.646166246608941,823.8329433762514,259.893564748482,3,0,1662.4926391407018,461.7322414047168,4.34415038100441,0,0,0,2.567042352808236,3.5429233966510667,1.117592725642378,0.9005233302763542,0.248774522944135,1,normal
5.324974419924117,355.72713730613134,180.35865555408785,3,3,311.8098052681535,1110.978268649524,-1.0538519016083254,0,0,4,1.7086524460187615,2.7977102221614523,-1.0735632237792945,2.071206195629883,0.2866056754670291,1,normal
2.453544764751024,932.6611163041798,557.0164254480221,9,3,892.103803727429,1136.5488190583271,-1.557390916134258,1,0,1,1.107568266079262,1.7283310348983012,1.4857601185281035,-3.337523347907263,-0.962405474909264,1,normal
3.6575755318220535,2079.8992301285703,47.58628709023968,3,3,1394.8522896385057,2068.7375950302658,1.2941431466968705,3,1,2,-0.2079278926196883,-1.125899667556444,1.2376277732233527,-0.4559075003344868,2.34981165466153,1,normal
3.73206386977279,200.23142339812773,76.5811203836755,6,12,3238.2346038335727,2635.9652032469107,-2.719765110607124,0,0,2,-1.2554229772472902,2.1209415534937017,-1.402748972113831,-0.3258533126539006,0.5637143200162849,0,ddos
4.060127317419455,213.98296985951785,755.4439217372577,0,6,1700.1060635172544,422.971191679287,-1.5139406464749012,2,2,0,2.8509733154882726,0.0789063022514897,-1.0544766592109427,1.5092156450927128,-0.2556592847675021,1,normal
4.511211659865834,176.68010837626414,505.4756012612683,6,0,1860.1655419486967,1541.219216453731,-1.721154104083585,0,1,6,2.228555267165971,4.362313594535113,2.1913037517868257,1.1940079086929805,-0.9421559818260624,1,normal
9.1738560131855,1464.5425769321846,279.7191773204896,3,0,826.8730058925735,691.1182367426122,0.795797572813007,0,0,1,2.099683907468298,-1.7236960964672776,-1.1637112539779733,-0.58342027845627,0.3577655663542354,0,xss
2.667225635531161,56.58403024580239,958.1309426349812,12,12,674.6157260392583,639.4496398170011,-3.481387235903064,5,1,7,-0.7767650928363549,-1.366111792031192,0.0742540701985603,0.5501313992110778,-0.9887248381329076,1,normal
7.91556005853577,363.65746461715054,544.3883769961077,6,3,517.626347390229,95.53227140176516,2.322815658331324,2,1,0,1.4893875557591103,2.238625311840826,0.9883048897980584,1.9159950459559427,-0.809242107455745,1,normal
7.742618134721486,363.8841454311894,343.4865462037226,3,9,1090.838652845854,785.4244969250209,-3.66521726554235,1,2,5,-2.410708884821043,-3.342809947737572,7.749716034132388,2.197731971919797,-0.5846717358767649,0,password
1.354103922915809,282.2646305691201,1.861151892718052,0,0,97.5187467913913,936.4440309736016,0.454548133620769,2,1,2,0.2451328333259979,0.4748906121844607,-2.882489926402619,-0.6250915542136591,-0.6428574638923461,1,normal
0.4767581213358021,2259.1438798081576,206.81197909394425,6,12,71.9145816428089,1114.6517707981848,3.3552146875850752,2,1,1,-3.7074136006695584,1.903812895679286,1.841884750633824,0.2400100603212065,-1.1021172814311622,0,xss
6.935506538856437,98.69860521178488,41.25764813628977,3,0,2881.658173241932,2074.140545966004,-0.0050950529373414,2,0,1,1.1979941182888412,1.3598700604308378,1.9750955891528736,-4.312543905291005,0.4420731939656779,1,normal
6.291198942497688,532.4226896333284,132.66377170207556,6,0,497.7782176092581,2119.258909274495,1.3083601435289027,0,1,3,-0.7171966919005708,-0.9635596556743484,-0.0737984701390013,-3.013641104988766,0.7911679338284587,1,normal
0.093781949939168,1036.5638856710584,288.637351027722,3,3,653.1898491859378,578.6480431553681,-0.954644027628629,1,0,4,1.6564451149354051,3.150919552885808,-0.2734596658234303,0.7734537610148782,0.0997349288692583,1,normal
10.772262960877978,49.26328346724207,569.74037779841,18,0,1376.6391381453377,188.8398019333341,-0.9018621315774966,0,1,2,-1.973673006314217,1.851805425726408,0.1056497852838329,2.8289618779665577,-0.6320500334189494,1,normal
1.7809053882795274,1533.3424609167175,391.49391837188085,9,6,1741.886410697945,2977.39492794698,-1.2981961571858591,2,2,2,-2.983884770248297,3.4891457605954885,-0.94184827752359,-0.8962932426909036,-1.7742237722522722,0,dos
2.4615762122466944,113.23799929645662,240.94777360130493,0,9,638.8728747024973,1690.3951133203527,1.354258745031118,3,2,2,-0.150325189247271,-0.5249440028210597,-0.2890722044545957,0.7279949286119534,0.0992571454047688,1,normal
5.410574253234205,388.2512332687066,305.4947172366535,6,0,568.1155699479909,242.6812583396112,-2.004627661150009,2,1,2,0.4025922576807568,3.592369367639125,-0.0751178199220794,-2.4722982543738667,-0.1022557629174099,1,normal
4.298542020680996,502.3925568175516,459.5239674042001,3,0,1259.6925305550365,1172.4919892090911,2.305317464345236,0,0,0,2.690717167141826,-0.0507102289247369,1.54848517102419,1.6252695879411976,-1.0385331451123094,1,normal
1.4023796634818857,123.25139357422272,532.6833038276213,0,9,152.22526553959395,496.7369959951124,0.7641417504840659,1,1,2,3.0255293358618767,-1.5483572428504644,-1.8438931485054035,-3.531332898292292,-1.5220820260931658,0,ddos
1.1612162637222028,603.3227175367923,432.4979513860814,0,0,259.6004815585609,563.997663576146,-0.9228889662474816,2,2,0,-0.9883494831117966,0.7655702374933024,1.990174493896258,-1.6870197707883217,0.5519920039038136,0,password
7.8734555608905215,871.3835631453592,400.30159634715534,9,9,3752.524365121186,743.3459040727653,3.850166400932833,2,0,3,-0.8046019871364447,3.873362679188017,1.59734956385296,-0.5248581570213736,-3.250146006803696,0,backdoor
3.20031691274609,42.59217306578944,150.1781904306397,9,0,1175.3365981500858,1203.9021664046345,3.288031077049685,0,1,0,-0.5298270999252854,0.2432733543005598,-2.8363855651991603,-1.4928998353133278,1.2766315196226468,0,dos
7.988316711902261,818.0346006680411,732.6209273601144,0,3,1039.485862218512,1512.6490948207238,0.844110958097676,2,1,2,2.5256559524886204,-2.73270541487837,-1.2735109663513515,-3.447290825008217,0.1788327340832887,0,backdoor
3.3332785427611045,516.784271411615,224.8038470517005,9,3,367.553836289881,1829.1719319988936,-3.775938708324096,0,2,2,0.3150663374503311,-1.261507022517368,4.320183086996633,-0.8375742972603335,1.5750284251687503,0,xss
0.1798728726315493,1126.677803511818,590.2524293010499,3,9,604.8549083336133,704.208978128545,2.845590992919888,0,2,0,-2.2098119880338603,0.6710598872729729,2.009083470916191,1.6396710264376864,0.8924027303651783,0,dos
4.443259446977217,68.60294460251004,476.8319752337878,6,3,842.9299478133952,867.5974378324711,1.702184221723566,2,0,2,1.1503136894783883,-0.5639603493131056,0.3965867613555911,-0.7318320312892808,-1.5340107680994668,0,dos
0.0385366863767345,541.0182572523955,708.251780388799,0,0,456.1315783822444,642.6390772278066,0.2808540923884086,3,2,2,2.599604721585929,-3.4523594238887725,-1.742329144985208,-2.809325311817629,-0.9837264214523044,0,backdoor
0.9310533644820528,1295.9553895183135,837.3440459894019,3,3,3766.7849813015273,1964.0859583833303,-2.718322741038084,2,2,2,0.1510034928197408,-0.2401891735745152,-2.565400802177148,3.2878830102382874,0.8069416644109193,1,normal
1.892505152327688,60.36701165410485,517.2199041407213,3,3,476.824931378635,644.7859535693252,-0.1423622261661141,0,0,3,1.6848078469386447,0.9895891388890256,0.2384153693076344,1.761987852339402,0.2263457569130243,1,normal
4.8190321038044415,704.3608477112509,614.2127436264416,9,6,327.9388988336095,374.1039076092218,3.201787076326758,2,1,1,0.3805984742685011,-0.9976695436688042,0.7556673009607686,4.022357250851019,0.728928332507799,0,ddos
0.7373575241080267,809.9749342385687,250.44452968279325,12,0,1070.794150494667,2225.8105672693137,2.6450439669936348,1,2,3,2.81053889049611,0.975682997787338,0.1384178808711977,-0.1356868861847342,-2.4783130878336697,1,normal
2.248741592195641,747.2611606397804,141.57877824027327,9,0,2545.8583695910525,981.839394150286,-3.9885034569582976,3,0,1,-1.2127102409915302,2.441910026176617,-0.5441676871110966,0.5833054731255043,-0.2720036044750849,1,normal
11.064916851962664,863.8412966619618,211.9161241929886,0,0,1031.1485309518098,158.82459537187785,-2.019748604151151,0,0,0,-2.948819256448352,-0.5694447197355317,4.577398598959062,1.391303012572498,-0.4268297768623449,1,normal
5.772678518431369,2741.8239381507365,549.2052799901788,3,3,6320.244627756457,2387.372010287329,-2.9227614062865683,0,1,4,-3.655949068766836,1.0517343437682083,-3.5896102129819765,1.4458300619994662,1.1753486021025108,1,normal
3.229973032519636,380.8612052996031,713.8746846306592,6,3,853.8533050081791,730.7676297195763,0.7583027593210996,0,0,2,-1.9470404004572133,-0.2625094456983821,-2.737161304370459,-0.3480493367089396,1.6096579710021477,1,normal
6.268405763860997,1739.6943973085615,90.76623203660904,3,3,0.2077134763274731,693.0392051913557,-1.0170459032362833,3,1,0,0.1311967733513142,1.438350664148602,-1.4237136138200583,-1.1280038455030954,-1.1222877927472188,1,normal
2.8221096640620336,933.039197380056,249.7366001606456,6,6,33.06115448678119,3148.277980505662,0.5996351413742912,3,2,5,-1.240542061694968,-1.1135639627428942,-0.0264692731100235,-1.6410486957536914,-2.6970366392435,1,normal
0.6523099694041874,1463.8025407056286,128.4564488041987,0,9,1668.972940351406,1282.155858646784,-0.3796842182588219,0,1,5,-0.6956385531945246,-0.3030200903557893,-3.0278580759584086,2.048661222674813,-0.2949405161243538,1,normal
1.1768491933765783,1175.2616035641477,425.157294494257,0,3,1903.47681555298,1993.6801327049693,-1.3364350628857236,1,1,4,-0.4089531019248448,2.855521544572849,-2.0255514928479244,1.9625525451347705,-0.7006363499264784,1,normal
3.2909729328982102,509.2570378037258,826.9445704639343,0,12,1547.4052713171654,2748.9057725321827,0.9786581734831225,4,0,4,-0.8824150202097665,-4.1112470322893815,-0.7284773413945271,0.6305458798344042,-1.7507250021345364,1,normal
3.2329010148855635,522.9046852265154,128.464320450493,6,9,791.3490147294664,3618.74014473601,2.479196482644769,3,1,7,1.5220963887595191,-1.7831581674461952,-0.3210913732532627,-0.2391969134900144,-0.3315831258934316,1,normal
7.365773915037344,119.9428475012122,360.07066851085824,3,0,139.05506888255536,376.1648856161904,2.2679836768896013,0,1,1,4.881234249509801,1.7842537421431777,-0.8215804509089601,1.8118719321302263,-0.3705262179291822,1,normal
6.06859297182229,526.4482939157552,453.6997746244649,9,6,234.57172219791693,1073.2631947323289,0.1907268413976937,5,1,2,-2.4470436458648885,-1.462598511648897,2.7189896208655933,0.8202382277983193,-1.0654632930094672,1,normal
1.644538819082667,1266.5350142852244,410.65706316749686,6,0,1100.1255433579506,1793.686507340207,-2.4051610839122897,2,2,4,-3.7984318418716656,6.341987273928825,-1.4570554662290265,0.1228595900456006,1.11059534988403,1,normal
5.566189503873611,791.6651934656305,32.62415019329548,0,0,1673.6918870709392,95.70260105099123,-0.2054149218814605,2,0,2,1.987530375492081,6.0224640788994686,-1.4217526877853046,-2.553013937811458,-0.8606602905475007,1,normal
3.452236691468845,891.7574964357018,713.9776646709659,9,6,396.1979137136189,356.2090719223445,-0.584626457430745,0,0,2,-0.2378292441106683,2.3094318099754174,0.037230065513294,-2.666319216917997,0.983355258443477,1,normal
1.968317047687936,405.7624449538288,642.594377608132,6,0,2446.873663314916,521.6566817682195,3.2977271809409148,2,1,2,3.262140163965306,2.2332068243566865,4.81060638415812,4.018037803351668,-0.5467290780705343,1,normal
1.2340004995618346,1027.6452358390782,144.63939839184664,0,9,1272.6961266040885,983.9722370398975,-4.554821083301259,1,2,3,-1.4469782368823187,2.37845916728497,5.818719198451378,-1.2507289562146442,1.961966725213744,1,normal
0.680304670529966,1378.7805362959448,285.3735046094551,3,0,3315.674147588971,618.0926857195002,-0.7084614071566258,2,2,3,2.971442801699111,-4.351164957742059,-1.742691589285377,-0.1166667989676946,0.191097937264368,0,injection
0.3949150618523351,2051.0766160651474,1271.3162512283752,0,9,2511.283521888508,406.7942568114884,-1.5851116301981512,0,0,5,2.1132103080510203,-3.3888564854283274,0.3142980787773459,-1.615948646888173,-1.5097395390922914,0,xss
2.345183635541309,922.7008834518488,298.7553993631416,3,0,1652.425280624804,1447.944567934704,0.7181729529445732,1,0,0,2.689975327539612,3.063734772011755,-0.559175709402089,-1.775418277369689,1.9351795376414933,1,normal
1.7073173274254805,1078.0357210853404,593.2050838819735,6,0,2458.3391398579524,643.2162986115375,0.3308966663566246,3,1,0,-3.765501668717105,-1.9941252060530752,4.534096903291574,-3.248408057546855,-0.9610489042247506,0,injection
1.209844990696029,359.5782899658917,475.40302142623295,9,0,1461.7951050459944,1146.0811320165706,0.7784652374025482,0,0,3,1.4580116145452924,2.2885189823396512,2.586579153187965,2.1449747147879186,-0.229253981529676,1,normal
13.479475058788282,518.9679850206919,153.1368057937298,6,0,841.2584286824268,519.4211377811803,-0.7653074879115822,2,0,2,-2.6386971904764582,2.894315125997548,0.1548739296256183,0.537691846975131,-0.3267979356649635,1,normal
7.857670352798488,952.255628962458,92.18781518271904,3,9,1264.122295667213,889.9378431161766,0.3571851155936423,0,2,2,0.1760068053709964,-1.634595554332959,-1.0389163107368646,0.5417842258536631,0.5357779498930992,0,xss
0.5714289117127939,330.80212953413314,571.3088081818655,6,3,2766.8788432870674,49.28201712647195,-0.1180089386209595,3,0,3,2.6730814986917792,2.3344850658928404,0.1495898353351137,-2.4267409112751697,0.5737663803665017,1,normal
3.505031897027722,198.31723209496727,813.0244915772867,0,6,1317.359218438079,412.9877897589102,-1.935731972546584,3,1,2,2.5197302631595955,1.0444160702107474,-1.2736699049143223,-1.1734449887646687,-0.9409909875073612,0,password
1.2981705832192445,587.0387809965675,20.13927642148617,0,3,1776.8330395874011,654.23169441853,-1.703739982283753,1,1,2,-1.665874668585287,0.4023098870662825,-2.245553316835625,-0.6635530379204968,-1.0949470246215514,1,normal
4.520698166707897,507.3189331055673,538.9861049060243,3,9,943.3352834501836,503.0795714942537,-0.4362289298399191,0,0,1,-3.591096782244433,-0.6231447463594533,0.6482226338487669,0.5464198098061035,0.9172131834584556,1,normal
1.596137147875881,235.39211980978,1091.7523328458249,6,3,2152.7667669982,180.84917499878625,-1.9949001414555991,2,0,3,1.0070279290991786,4.133571081567948,1.693034147842526,-2.76040684155254,1.014307508398273,1,normal
2.042372079699568,106.10308594336249,775.9707133773062,3,0,1334.891314803686,444.703002546426,-0.8525273144109993,1,0,0,-0.622341613014889,0.3913135937732128,1.964724725346768,-2.4026468545968385,1.5429986800963622,0,password
1.787056427926102,765.2420679245434,577.4258760965217,15,9,566.237113595308,2137.5838653289943,0.2059959006440965,0,1,0,-3.881682948146243,1.7073271320763874,1.493682862061109,-1.6289778614351025,-0.1852156720940238,0,ddos
7.855366278282696,567.7941240065679,247.15932422048857,0,0,26.267140608069127,388.70102484226,0.2914728335406003,1,2,0,-1.3747480110595045,0.8397594550257679,0.5950168698194517,-1.379898726775108,-2.048924066834479,1,normal
5.566457240601749,531.4703196844694,100.09766446491057,3,6,1176.1078415956497,369.08431071441714,-2.9000102833603023,0,0,3,0.3025192027395393,2.308434231471538,0.3877785448777249,-2.7420462234067875,-1.233511018723635,0,backdoor
6.855227497956854,1131.4707100731628,472.1103460256264,12,3,2650.858841241382,802.2137921269945,0.3649350555469055,1,1,5,-3.0295965465477046,1.330351862902942,-0.4345924052555419,3.466631294238506,1.0074884124701795,0,backdoor
5.768912953944966,220.52213161402645,19.07335526906701,0,12,271.78611331975,92.12691003273224,1.5586166696879973,0,2,3,2.5103337230067915,-0.5005229456471847,-2.2288567170137217,-2.7085239056054773,-0.4384593480109986,0,scanning
4.8541605607086655,1247.054536720836,434.42240132368136,6,0,531.1450848553458,116.63378160236452,-2.023402085695467,4,2,1,-0.8604335189961727,-0.3806844092795607,-0.941403242166304,-0.5003129700175966,0.077275854418572,1,normal
13.111178138083584,996.2032806809922,527.9451579166985,0,0,2709.7895520001125,778.8675584772019,1.651537105462121,2,2,4,1.6996708759640706,2.049006929955891,0.6386138726709554,1.1778452468878098,-1.3266261886316577,1,normal
2.8936724466422783,42.16537732093706,277.64582449881084,0,3,345.1015637399145,278.3206781727487,1.934434829422296,0,0,0,3.78802887558428,2.391087932012048,1.5886843824371184,2.98724879216663,1.3550388764093917,1,normal
11.40318646440768,350.38196539696986,577.6298262455542,6,6,1462.0991368738548,177.5718106266154,1.1862184384953385,2,0,4,1.5051388012034674,-1.2237840309459642,0.5939045226102431,0.5437408424753765,-0.5828909141390345,0,backdoor
0.4966205771967662,577.9697109827164,805.3070590095556,0,0,557.9654651630906,205.62048600007225,0.3651606566294652,1,1,2,-1.0501595231340588,-2.8800998513110976,2.609961284942376,1.2455046327312682,0.715640775560249,0,password
4.276923813679585,390.04349925178127,13.685268896076824,3,12,1152.8961615539354,1012.4499798069036,2.111468642310548,1,1,3,-1.352733219827886,-1.6677687869386506,-2.6358359502796334,-0.7364334727477255,-0.4700005939891378,1,normal
6.173775372996898,2094.744781488184,257.2915403418697,3,0,1606.0094698360735,775.1461344644648,-2.449645542998552,0,2,2,0.3303767805928397,0.4555778487045222,0.1614355686217261,-0.946581902127026,0.0554340720023819,1,normal
1.6241037973268635,67.4607886108769,80.65595292193206,0,9,642.6963476334673,257.0300407701653,-0.4859291593256936,1,0,3,-0.2911971280521468,1.5387056550723008,1.1174338248064155,1.8606043536517145,1.7384474684689128,1,normal
1.5892769072802158,194.8235814300789,229.8900285692204,0,0,921.4144167693612,951.1925460974592,0.3262575253754139,0,0,0,0.862237217347744,-0.1680807874395236,-0.0628327097487582,-2.4836595150094984,1.0111942917234984,0,backdoor
2.5638954622179644,737.3362641899554,785.6772703252325,0,15,3644.401963335195,3237.0816848635977,-1.3065138104734049,0,1,2,-1.583170387826308,4.928804701000666,-2.691546489428604,0.7014093008297495,-1.32619494307856,0,backdoor
5.467071096527639,1641.2983260188553,353.54023370185627,0,3,18.66955273664956,774.0774452698415,3.4435308153132587,0,1,1,-3.1116705062578687,3.4056306824074776,-0.6089444492205609,1.711552619888446,0.1716210840982632,0,xss
3.847840553262017,1837.4625463679345,248.55847700624656,9,6,314.6772437409058,188.9484928775317,2.124153832496312,1,1,1,0.0937988201454516,-1.6460694336261956,0.9972144577966028,0.9715527793584352,-0.8413655694308819,0,scanning
5.602845538877045,485.4987325536858,483.4734853578072,3,0,3239.712736015657,1607.4670902783546,-4.411926913530393,4,0,2,-0.4668632486892312,0.8499828351836816,-1.6893456547716996,0.6705805880573514,0.5526310782857233,1,normal
7.770281486656105,2235.218913499488,335.4485355865915,3,0,49.373807637158826,1505.9521275111565,1.6306748999741012,1,0,6,-1.6131745975924725,-3.4057250227739813,4.355457317765432,-0.0078978026083671,0.9760624465507608,0,backdoor
4.4613202449404135,1699.751137264507,434.99990354651067,3,6,2191.81029517636,1630.3690369800393,-1.3014573918873047,2,0,3,-6.154196038035393,-2.247846825833644,2.84237626678094,2.2681196423367576,-0.3920508740747485,0,injection
6.8902596619657785,972.2430805349562,336.1859856298296,6,6,2760.21326495844,1143.1723810721132,-0.4839514122874528,0,0,4,1.6784083373045773,-2.7301404908480733,-0.1783738278097544,3.7000551915378175,-0.6340401176465573,0,password
1.5414740524477275,443.430273566397,482.6250982485379,6,0,957.4836788269188,569.8034602886372,0.0989330802905288,0,0,0,-1.1926532384065605,1.2153432194584437,-0.7472930424876592,2.257689144857,1.1340540425658534,1,normal
1.4288818734970017,1339.159003930206,1121.391718482172,3,9,1565.7994181735655,104.78538290843127,1.2035161902597522,0,0,1,-2.328016225558205,2.9402515828713214,1.6662529758846505,-4.104907120300447,0.0536557738289713,0,ddos
3.6695109348979904,1699.2619892452278,559.5082079421292,0,3,186.14975876662672,828.9035333413148,-0.3901889949206504,0,0,1,-0.1919561076684535,3.995490561815064,0.4498251391742,-1.994078447252428,0.6326062612765467,0,backdoor
1.239816000663963,1242.5846492491482,149.30844941489983,6,0,1846.6688370650952,316.25069220181325,-0.1466562234428552,0,0,2,-0.7383079683894587,2.01587636146548,1.963178616794131,0.2456658937972909,0.9926816894205478,1,normal
2.1959903245214605,96.82128180676364,1203.6933392060607,0,12,2149.261785912075,1216.150655856493,-2.61900010159284,2,2,5,-0.4400213215414666,2.7078587786425805,0.5046167297570398,-0.1034562181554772,-0.3237987631703695,1,normal
0.6738368537174405,694.7091858759878,430.00143991481673,0,6,499.0009635488331,238.5510299893878,-2.349084267660134,0,0,2,-2.4258074435333072,1.2513795313842293,3.084293294626425,0.2135397098371114,1.2947152688423498,1,normal
1.8249710157818568,684.6903223145938,652.284423521435,3,12,1691.8844930687208,1355.0879601699426,-5.150172592812758,1,2,5,-1.4385445291934698,0.1614425357424826,3.283444877829485,3.5819807931180128,1.3925421432971812,1,normal
5.333923418844988,536.7414278150062,26.123833131141964,3,18,1687.7386909615725,1698.3791861149334,-1.913673165752893,2,1,6,-2.957042728551336,2.466997550215506,1.223105157078527,-1.7107173747091189,-1.789128924832466,0,dos
1.4565473041798072,1211.0464604234655,124.07582115064066,3,0,3182.53799369689,1762.2300321685757,-0.6764162371958993,0,2,1,-2.7365760385238787,1.9668719724749488,-3.029435591759019,1.3174450778547588,1.1904614363063697,1,normal
1.4426302483851448,1255.112826565647,898.1057949017662,9,3,251.4936641680475,1072.1509955109602,-2.7208413812917693,3,1,1,2.639508169982672,0.3702059027186281,1.678823816389747,-3.391647962112004,-0.6459397400998051,1,normal
6.684368086272517,521.2669491911715,547.6511727720957,0,6,2363.688083706543,688.8255211005802,2.1232752656037146,1,1,1,2.4073995898608205,0.0264902712848031,1.8164951174422088,-1.7851339379693845,-1.7424128713126403,0,backdoor
1.6038340237755586,1592.4876549828623,825.8141871841351,3,9,1673.766969157232,2257.2803720009965,-2.9335126890879795,2,1,4,1.200587005757111,-1.26523082432553,0.6267070311908804,-4.419690585544409,-0.2975448318983227,1,normal
5.33668108539821,96.01729080737,210.67537963597883,9,0,2160.421822330144,467.9856885370066,-0.4181431575668783,2,1,2,0.5031573773749984,3.998867236114486,-0.3934826188512041,-2.7767747040565203,-1.3364774989840884,1,normal
1.245166203309145,1436.043350348692,510.9693940070608,3,3,3353.6043051127026,2773.1614513553145,2.833858052744265,0,2,6,-0.1163170065558507,0.0436549816312359,6.850938951644586,-0.4199662656964564,1.7858520036837922,1,normal
3.2927308095128542,763.9226690959997,245.85078921309764,6,3,1747.0556987501404,179.37900121576922,2.822520747327613,1,1,4,0.6159143734786445,-0.5820953819910964,0.68232923282867,0.89242588894552,-0.7130591874367012,0,xss
7.4937783392218,269.05493835091687,59.60145025743192,3,0,2402.241365862781,1221.988244461672,-2.026758618814595,3,0,0,-0.9093214880313834,0.235256380769484,-1.6159716468373175,1.230230547494164,0.1136548200541695,1,normal
1.910161909077549,472.504238710265,435.9500613032205,6,0,1184.9388391929813,194.37067295297908,-2.535220836395776,4,0,2,-1.6362241253871714,0.4483428943845448,-0.8690641321155019,-0.4520922956700808,-0.4596442028342374,1,normal
7.002316794696498,828.6157285253238,115.59037725426072,6,6,1365.186032527941,728.7355623965015,0.3993620087017211,1,0,0,-1.5192290553075678,0.905812302951806,0.8171380097650027,-1.686354499150182,0.2729276706520323,0,scanning
1.556153747183766,32.62903798958672,224.29568851964305,0,0,1686.649356924147,1626.4579100480985,-2.4500503728101406,4,2,5,1.5555806758359452,0.8968034250641466,-2.6621752425842446,-0.1409596205019683,-0.6828079478090677,1,normal
0.3421948328220463,261.2836843995737,693.3378171574375,0,3,1590.9338765351602,753.7684622032464,-0.1249514421992985,0,2,1,-3.762801820082326,1.5097059693293478,-2.762583721873318,0.257134750698277,-0.3055598991303127,1,normal
7.118315315399617,625.7991958028563,117.00329325047092,0,0,1202.2280766440028,1665.688068022667,0.7376367783965014,4,0,7,-2.589315314640752,4.128246341686559,-1.6904634392487967,1.2066498837754716,-0.3266165464207069,1,normal
0.2919680275636844,250.7132173376539,155.73532942877662,12,3,1508.6530463999654,168.90601878140956,-2.6424994033711657,3,1,1,-0.3262531324818556,0.000355101839266,0.306482751851036,2.483961437049562,0.9370764370875512,1,normal
1.7679503122198996,673.6011053067464,11.867882437791542,0,9,1494.527967767668,543.1564243669728,-0.3376567142439821,0,0,6,-0.1264424855747969,3.244339374350279,1.055495999674916,1.6601336624548262,0.7058991990121426,1,normal
1.4790862868735304,2635.682912811113,467.838293991571,3,0,2282.256258489756,439.1903850392656,0.0752051063790177,0,0,6,-4.611406906448831,-1.677872745021222,3.2100991802672603,0.0009656640128057,1.3848042558203908,0,password
0.2581849386802305,871.3421470648457,34.30786843625512,0,0,1098.9110822035684,1133.1736078965134,1.3985167128538627,2,2,1,-0.685029905481867,0.3017102433562135,-0.0899297455095116,2.774881905980273,-1.578962359834848,0,password
2.8532745295517072,880.2439494950867,429.0230098712944,3,6,125.19236148563786,31.807001148979573,-0.5442951034706021,1,0,4,3.1833644147080777,-0.2507618781924945,-1.0982028593763602,2.3260335624147044,1.2821435211376653,1,normal
1.7518133667377564,882.2585636516383,287.42743511021314,6,3,1052.003725377443,650.865791888652,-0.8510623753354218,3,0,5,-2.6832606576615694,0.9908833426893924,2.112761446849949,-0.9317375147491512,-0.8555416497870876,0,scanning
8.296896187603297,849.4329881015187,911.6197755419604,0,0,1185.811826192322,718.5528661544092,2.920744216636696,0,0,1,2.316233935680925,0.4000870562914425,2.8718442166978595,2.2908557248212054,-0.5423083779578192,1,normal
3.585943830826144,1488.3783405713807,1389.9091899123923,6,12,357.30170669268983,1884.33007304458,1.5521994803471943,0,0,2,1.125104348929573,-1.340887894707448,0.8764786332145331,0.587814767260403,1.1507700180324414,0,ddos
3.57702474248742,680.361494098761,633.5087113596593,0,6,681.4402399303567,1418.6333360403914,0.9007046972518764,1,2,2,0.4955721298103982,-2.024904755385755,0.1370289611103652,1.5028409109857293,0.7600654588820784,1,normal
2.244318799759103,555.6624416179197,142.2306596393987,0,6,40.61066848001976,400.6298919051268,1.6887109735289612,0,1,1,1.8613118989011448,-1.3539575512845234,-0.3287983222602989,-0.1100763461254366,-2.386472546517925,0,password
12.468383421883225,1608.661591627282,522.1716270549332,0,6,2580.945360291852,663.8774432655282,0.0862655630160151,4,1,0,1.6140205148106284,-4.2574504415042655,-3.777045009758411,-1.2248355625668923,-0.8078630467283927,0,dos
0.8510955003401366,422.93216659566735,179.49133651105453,6,0,1560.4344288673274,1230.332249401555,-1.7243478646350043,3,2,2,-0.1883813770800606,2.2333027480953467,0.0716199763168941,3.1989243202719,0.0464824088799177,1,normal
0.9181853746886758,1533.2167469939848,195.72726548092453,15,9,2348.70309035582,529.1844645122436,6.373393020550106,0,0,5,-0.8632111823639784,1.012454566187616,0.448736592346511,1.9309504520523435,-0.1369585345113387,0,injection
4.210063962131668,1458.9794842553108,15.37051953764141,9,3,1991.370226934068,481.9992733744036,-1.659381418806943,1,1,3,0.8843839415693016,-1.085864512488817,0.0403108098948175,-1.180607350590947,1.5520040304593192,1,normal
3.383282550856928,810.0492745299814,1446.0472498043728,3,6,115.06076292958672,2917.9809397021545,3.630881897047221,3,2,5,-0.3121558795848282,0.2809758753745267,-0.4712504004909899,-0.973138616578572,0.4639830495196872,1,normal
4.8622978104507455,1474.6272072211757,725.8492084045791,0,6,1546.6747745758564,1703.6037115596828,0.9152976741841508,0,1,0,-1.215347103010098,-1.3321353139926122,2.793184501219714,1.682492484001133,-0.8732140230764848,1,normal
6.327332487302292,480.0264224138396,1149.0416149075406,3,3,796.2488469593596,705.6397638839334,3.437716517812948,0,1,2,1.4049701971076705,0.3759485482592387,5.469524885548193,4.098418010308284,0.8583949612683183,1,normal
4.223883954815979,678.9483923326823,628.1768455181441,9,3,2237.949947730935,190.75869987324708,1.5787417021707346,3,1,3,3.587195752945393,0.3555257285151605,5.453093220355659,1.2472091700227894,0.149487532471415,0,password
1.4771633358199034,116.5257965246555,119.8824323476426,0,0,538.9127729201795,27.739062585500463,-2.6526939931729983,0,2,0,-0.1981192028361453,1.9254403854344744,2.1034893404779025,0.4678122158354965,0.6647187313375074,0,scanning
4.741596125647981,478.2139200882792,1026.1533382888797,0,3,1277.336139796506,172.34029137201753,-0.7635370055847158,0,2,1,-1.0917875986886278,0.9014018886336465,-1.5390679324200889,-0.0621480743587519,-1.1487408684015237,1,normal
4.53042288089342,1180.1452851181557,43.66650076170576,9,9,164.12925299877142,94.40231892987674,3.735549176019397,1,0,3,-0.9995649657456496,-1.5787753885554434,-1.6083860282817313,0.388211754178933,-0.2617609669354501,0,password
1.9980888218954187,411.7180315269704,643.0562035230854,3,3,520.0329334382858,165.91023017756402,2.351186131070796,0,0,2,-1.1056295733839907,0.5719363267111766,-1.017686017822789,-0.9592556575963144,-1.6492889698174644,0,dos
2.272995521414551,1417.6198272330196,1160.2363603805948,3,9,1796.269098214421,858.722938439511,-5.018792390871187,0,1,1,1.7341171432211315,1.257195849692549,2.305721779066468,-0.0762000397645579,0.5929018487987272,0,password
1.6436754080495937,262.27886724263607,736.8510880590476,6,6,776.2722350730207,156.2337580068398,-0.989809196921386,3,0,3,-0.6406957084063465,-2.641287202776544,-0.8700207718487172,2.230115040698656,-0.1794363597123703,1,normal
1.60542336599819,933.168144310681,393.11203079473705,3,3,673.6800486323499,5.53381546538266,-1.572931877282064,2,0,0,0.9926761912065872,0.5949721638096296,2.853774288944196,-0.9715910381018182,-1.9503296412961133,1,normal
4.332065084244447,881.7345794238793,942.96471811164,6,0,2571.3384468481004,1540.7981336157573,-1.218739297541179,0,0,1,0.0222723879101807,0.5535265885569121,-2.186467156015092,3.333191947536484,2.447857267374012,1,normal
4.991694722455577,2371.612657488152,578.3887126286288,0,0,660.2944393777416,408.3793929597447,1.4237174341401966,1,1,0,-3.051105395886028,0.865026137872164,1.6352954190652584,-0.2128837151879423,-0.7785133187925249,0,scanning
4.212802648502241,106.98985321456487,179.05188069780394,9,0,2101.689526858202,817.7574121472418,-3.6350999020506087,4,1,1,-2.2441937724058487,2.6255359084421337,-1.1924108437142191,-0.7248879014042569,-0.8119041271271644,1,normal
1.8281614357865583,437.7674629728915,160.97534807135148,3,0,1556.5743626776034,844.8481518555665,3.330398048248976,1,1,2,0.3311015908700538,1.078755294235222,2.196289772465339,0.3092842035634027,0.5178552488179022,1,normal
1.505134365077583,1019.18465967346,564.4341934828823,3,6,885.0207269209623,672.9971864252789,-2.5050709656411243,0,0,6,0.397206837596547,2.907035985582476,0.881784736382681,1.5711161663381992,-0.4869222185852654,1,normal
7.124018341028999,125.20071147791722,21.28722317514555,0,3,1721.983607321781,1096.1502031368668,-2.1278131325613385,3,1,4,0.8654914824173237,-0.5686493091721154,-2.105683017015801,1.2989214787486978,-0.4099806299015973,1,normal
3.451745024198484,739.3914969159933,854.7651403452867,6,6,2989.513118686496,90.67775640659345,-0.9957232359537096,2,1,4,3.163455309380401,-3.9395570307376175,-1.9184638824559392,-0.4842589382453149,0.4843216376801249,0,dos
0.2433380390965906,742.4405857968836,51.28159780949376,0,0,224.1666564833364,1688.4169673411134,0.3975264142763864,1,1,4,-1.7752789115091427,-2.1630528609889303,2.445607258566448,0.3022453964273993,0.2170484790913566,1,normal
5.042757959579437,1860.404948484972,101.6490309551376,3,0,2415.555704475341,334.22395225475395,-1.2450522374161868,2,1,2,-1.8036803291143173,-3.4680458259564686,0.5497402094580696,0.0311129012638076,-0.5418735794635732,0,ddos
8.631076396129801,245.67952155203565,637.9000135849349,6,3,3365.513218252084,876.5612863480062,-1.9513152247885304,2,2,3,-0.1432166145968334,-3.0847283108080488,-5.845063800103478,-1.2543445868763576,0.7807188907406436,1,normal
2.3424809434606573,59.2291944224086,116.4055030364481,6,3,2391.690467393811,1544.4810108082052,-0.0209576501080788,1,1,3,-1.1769452148521506,-0.7742434297320548,-4.982734474566378,0.3555911244926613,-1.6510375461827191,1,normal
13.456800210504902,407.9002519907367,575.4755713308994,0,6,2042.6570863831305,907.9853934848117,-1.6096125051285417,0,2,2,-3.2482754344895124,0.7339341283871217,-1.122140369227097,1.3981990146670955,-0.229265825749062,1,normal
0.8758132361706127,1797.1370351080272,89.98975311143123,0,0,1379.3200705040044,822.9815463521113,-0.2489530755135083,0,1,1,-1.0189836478049723,-0.1760907345484861,3.34645755325643,0.831043568647013,2.298039418737828,1,normal
1.1168314884304096,1785.0766091583732,23.77342558008226,0,0,4643.751163160393,1898.754314737532,-2.078350791848405,0,1,2,-1.958237213832395,1.2809886754855213,-2.5995077554550567,1.6022452013677817,0.6299294410508823,1,normal
4.418780079513923,111.30256292602708,578.1618515125435,0,9,663.350392702416,747.0956202035019,2.537744145399997,1,1,0,3.4268883422110648,1.9565974289083936,-1.890854431085484,2.097491560458407,-1.2679900779083773,1,normal
0.469237848655265,168.7036322034059,10.670311599524242,3,0,1806.1307445055884,138.68606942342774,-0.306878573573365,1,0,1,-0.7507120109232299,1.7437258119170111,2.6891531442046857,-0.7916544535726695,1.207331010844577,0,password
4.893389978700218,1022.3115221214224,336.9306930947866,3,3,384.0543541211312,1145.670174184504,1.7918546974860985,3,1,0,2.50637533668839,1.3996104162534126,-2.151878406146591,-0.984198283055664,0.5759259799330073,1,normal
2.576472228299408,901.5563465295714,779.8440205451153,3,0,62.73848273147363,634.949936530641,-0.6178911429474625,2,0,3,2.9748039577816776,4.064055486100831,-3.647811931269508,-1.1240270242701589,-0.1183875980180809,1,normal
1.5439013938646935,1234.6712477189224,85.56381676022647,3,0,28.29120857395398,1016.8852247068728,-0.1010951180938157,2,1,5,1.1087559304421386,1.8769728995888428,-2.36410344033667,0.3682370637022591,-2.00688488166248,1,normal
0.4334139401399059,388.69545088114427,156.8411954175517,3,9,418.3728612990156,1076.7400983684977,-0.0701797564637567,0,2,0,-2.866461076268916,-0.7236297179432405,2.989158143594888,-0.0398988695685877,-0.5274013467031935,1,normal
5.98696729043041,1561.0084158075408,313.9642833614788,6,3,269.0405024206189,1612.5200935372238,-2.001742524601072,0,2,2,-0.9675014659061268,-0.631574825772971,4.119461840136908,-1.1795210358626176,0.6043955660772982,1,normal
6.7374884131981805,1111.168758137025,484.76374351455286,3,0,1290.6463164435224,273.4357385642325,1.1338741215849346,1,0,2,-0.5229058786695138,-2.550960302022565,-0.8833886166650682,0.3420335018301761,0.2346291015821463,0,ddos
6.399262818328973,634.5568832836334,342.57564857064654,0,0,210.4177876095229,1330.792642075742,0.6549888184612931,0,0,3,-4.193027268733369,4.314556620369784,-1.4455616325755276,0.1317426150397806,0.8341041997788502,1,normal
6.101698420890159,392.8066777725792,215.91412079037872,0,6,970.143281346204,143.51566839473298,1.568593640752547,0,0,4,3.707974111919016,2.496141002198073,-0.2823977984218486,1.976302436370424,-2.2578085306819613,1,normal
8.5900659101476,1413.947438723991,396.4197756154294,0,0,1095.8662263009664,341.3040617108357,-0.3543088576584361,0,2,1,3.196753655836261,4.9475465814914985,-0.4223970157625689,-1.2021417375590782,-1.145634219840913,1,normal
10.099767322014142,695.9436412417784,61.81548095976105,6,6,1564.7478484764831,437.098380352837,-0.3015960309682435,1,1,0,-0.6521533417442833,3.0210108359676635,0.5411043299710658,-3.374667585595001,1.1025174026015032,1,normal
10.40143383026848,3.978872100787068,262.01893319390325,0,9,1461.3415483690492,1931.021051920708,-0.2073122160088063,0,2,2,-0.8175035617868751,-1.2132104600083466,-0.083583080022034,-0.8853158416148494,0.8089078695502974,0,backdoor
0.2875614518651015,36.27247916368537,173.33745929043062,0,3,723.8266071502812,1000.88007424615,-1.326203045592284,2,0,0,-1.7977125974036745,-0.8937441733935663,1.0124069711791224,0.7484148042169694,1.6749144418903632,0,dos
8.100163509986974,1705.356069405957,323.66109022213794,0,6,3332.474381400828,149.9921076524594,0.0779579913111971,3,2,1,2.980894505511241,-4.228291503497118,-3.907580891570089,-0.2602736234250331,-0.0979583929256631,0,dos
4.771503623452947,3.0784992622778784,33.158716308008046,9,0,2273.375585410264,805.3885783271817,0.035861050013211,1,1,3,-0.36352120551583,3.003435250297617,0.0956709246244287,-1.6176669358489777,-0.3617699381540645,1,normal
5.421079310888412,1080.5075347280356,156.39857976514838,3,0,2471.9953627310724,380.2201977909484,0.3670082527270117,1,1,2,-2.203281376795003,-0.7403878658085046,-2.035300199315784,1.6494707677388238,-0.3808588871564201,1,normal
3.061131764291345,844.6557004317071,827.8563074522341,6,6,476.5516018467121,409.9147422525585,0.0204010648022006,2,0,3,0.5716867209516395,-1.8539466460774785,0.3034674198063052,-1.3723239672300789,-0.4952187604906979,0,dos
0.1966604305369114,483.90287045635694,618.1755524176937,3,3,1018.0461624281847,45.69355016471589,1.5466286204890938,0,0,3,-0.9936988181172512,1.5114779746866225,-0.68558657367193,0.3717359089652639,0.716484410323761,1,normal
6.508717066043131,750.6347946797246,36.17406381328296,3,6,748.655338035503,102.54975684369585,-1.2478098001053353,1,1,1,-5.721357949257629,2.202606326644084,0.4363205790416571,0.7929923325904853,-0.2614778402694553,1,normal
2.02739131008917,635.1121619888575,47.705488089853056,0,18,2541.3648977568696,1891.5839979459297,-1.9662357120803915,0,2,6,-1.3362508690424613,2.1776348432891965,-0.6069597104261306,-0.6735048207106595,0.1102551445695434,0,xss
0.3759068282658191,1796.2522970983866,472.0776457618677,3,3,463.40060444135247,1290.1675823731814,2.986101681364385,3,1,0,-3.83488161774482,2.9388818349492967,-1.3490742668346745,3.718467431150682,-0.5149727822688833,1,normal
9.718016497144912,2660.767467041841,366.9742110935686,6,6,2300.053704041364,3382.843857113118,-0.0320940398468025,2,1,1,-3.395624295419833,3.0815292155778176,0.0274618367666565,1.9305810042708915,1.5316131783884814,0,scanning
1.6641959917130602,1569.908245521391,199.8737495661544,0,0,1126.2371119381237,1676.128260014921,-0.3295510206869534,0,2,5,-0.2650891872566493,-3.721082500384412,2.8820670569817413,-1.1841940219199116,0.6808009445425238,1,normal
2.848820123342533,307.5563517745433,218.64124555813328,0,3,1983.209109783087,202.61126530360104,-2.582984306662848,0,1,2,-1.1553577290832362,-1.496662509463234,-1.3402237550235825,-1.7282215646429668,-0.7288188460583399,0,ddos
9.725171407785927,1036.030721862204,1685.456626456774,6,0,845.1813118019018,1006.5478229779608,2.6829838443582794,1,0,3,1.047827182996577,0.2946366723021842,-1.8130066456104543,1.8868236914236496,0.2776431097047869,0,backdoor
0.1946524077330403,1175.1226938077148,270.62732350523635,6,0,368.4289577394124,1413.2145822475163,-1.3327127666424352,1,0,2,0.6958873882250194,-0.2779672543701106,2.5380496185104446,-2.34950911535247,-0.1151350736365566,1,normal
10.703399286069391,2283.247151894755,674.1464300811264,0,0,5484.938752579156,1963.039155346236,-2.219669334676456,2,1,0,0.6072161481486433,-1.0001709823481806,-4.329672037052731,2.556761495713856,-1.4681311547928677,1,normal
2.3839512657515103,240.8791857978049,261.43701531481,0,3,1588.946953479591,155.91734089202933,0.5008637367338864,0,0,4,-1.1540055311456536,3.663590844041825,-0.6802601816336901,-0.2366328924425962,-1.920955649880512,1,normal
3.191142509482363,1697.9432194445485,18.21100617125979,0,18,2941.351184305847,1063.9373338223445,-1.0504878316667905,0,0,0,3.148910032544502,-3.135610173790161,1.9124870339635,0.3711119774346207,-1.612399214948347,0,dos
8.198390942691384,37.58424428056784,1009.2493509299946,12,3,16.115752446914065,325.155967125214,-1.648998741789689,3,1,3,-1.7134747049036303,2.680084494609841,0.8296147399030314,2.2039100281116286,1.817068834557349,1,normal
1.4684323184062027,1590.1322652314311,1135.8723550564005,3,3,5313.116310264077,1840.0740502211663,-2.753093521198464,1,2,0,2.569712704248216,-3.046244431704064,-2.2840304182289803,5.387367385871744,0.8095922904984715,1,normal
0.2449800189204488,483.0322518243827,474.768725506731,18,15,513.244575338839,326.6071585600038,-1.0029198712079548,0,0,2,-3.961443653261013,-1.8834754791825163,0.052225474060936,1.6530010747030937,-0.2458074168309459,1,normal
13.75922374580998,645.8648079805504,4.164430146423438,6,6,931.746841934192,519.8876450434483,2.195526665973944,2,2,1,0.7215361354717548,-0.5795076628644993,0.4072707862535477,2.163689998139906,1.15910258170885,1,normal
3.5433353816661386,347.12329491976726,320.23283749644395,12,6,5407.893992247956,930.9152248077992,4.632814857009491,0,2,6,-4.097230726274288,3.253693334427316,-2.906891049947341,-1.6984561614133833,1.319329123555377,0,password
2.049161751480572,1538.674250818519,438.7210199429705,0,9,460.5240472641701,308.5446685295385,2.208378806370225,4,0,4,-0.9143430639862352,-2.225009249027244,0.8425344699367581,2.885408031849096,0.1509940803449866,0,password
2.971119534922648,631.673252144834,337.4668045420782,15,3,1850.8643874271315,1755.5051325500206,1.6130542805366308,0,0,6,0.3066139203528902,2.6965234964321247,1.1678873692282192,2.81987645894187,1.2825152125626686,0,injection
3.952291320028436,1319.368565374639,360.8077485119479,0,0,1701.5909341069955,872.2843340022156,-2.967246716803154,2,1,2,0.8065367762883475,-1.4008908293825704,3.0312623072962515,-2.155115961945788,-0.7804595050405811,0,scanning
0.3141527318298348,1056.4596267742363,310.259609093419,6,3,223.19502357846852,465.5428772635056,0.7738832879193618,0,1,1,-1.546910187572767,-1.597866858536335,-2.7843113233159364,-2.356722737656736,-1.1765522281650556,1,normal
3.670514501128909,668.5409435064392,119.76536072209574,3,0,1020.4094278955664,1558.9706087042036,2.814021452126288,1,0,3,3.088734127911671,0.33321040570906,2.0087890773695523,0.8579048075380423,-0.4669590740507956,1,normal
3.959939766650882,547.0414499094807,275.94328101633926,12,3,3309.5501615805583,2697.8732598341426,1.409538561289205,2,0,2,1.1840917317505597,2.937516642525464,1.2123773061114838,-6.835386900404299,0.6387170172970139,1,normal
0.8913900454285745,666.636396572723,328.4148351945594,0,0,915.4186506932116,982.5898261784602,-0.0831249049012361,1,0,0,-0.5929832211563741,0.0132677017911013,1.7864053115958725,-2.0020993161432377,-0.6275815126003901,1,normal
12.1752251248785,888.995331814185,649.8387024127027,3,3,657.6010792142706,622.0664753469165,-3.951827098229282,1,2,3,-1.9965789093186133,3.091628915576658,1.8799721267755225,0.1782078841623835,-0.4191987707290638,1,normal
1.1939928723584357,965.2044544151506,84.54522751392045,3,3,847.3458437184686,395.1525554547701,2.426559954912668,1,0,0,-2.340460265588157,-0.7643985176326031,-1.4390289427270322,2.3435256564090965,-0.1908360407227625,0,dos
3.129752012348239,344.8750295886879,658.0101319807267,6,3,1769.971177172891,133.800055966456,-0.7389816713476802,0,2,0,-1.3483939473795796,0.3354402907741634,0.1426594487556571,0.4588017505553201,0.2490907726239922,0,password
1.1034003137785862,2550.121648058778,139.810680362523,6,0,2521.322006156479,2645.15984290953,0.6392713611551593,1,0,1,-3.2433606498324874,3.912303944307425,-1.6068524322310085,4.970264259299115,0.5287692047608347,1,normal
5.91683499590971,335.9432775696415,587.0595191212411,0,9,1280.682279248319,1123.5298491088238,1.591711479548814,0,2,3,-3.4634112588112904,2.383165183657982,-1.3116432166560033,-1.653972707570601,-0.5818568220569618,1,normal
2.3402329598554847,1002.3184650989105,279.78680773154395,9,0,2388.9489591065576,1347.162707146344,-0.9281309281930828,0,0,0,-1.1110097748678782,3.494108244701379,3.5309148296805946,-2.927059742217077,-0.6968730640194367,1,normal
4.630762575000894,239.25487740770325,749.1677693138864,6,6,590.1295570055804,492.6603604007404,-0.7694841487584068,2,0,3,-1.3774683576355673,-0.1140445535811389,-0.8614429366243896,2.440998064526598,0.5829042689814427,1,normal
0.8156586664159919,1657.0114740552376,54.79471512202109,9,0,813.9484310099633,979.3715228160744,-1.2084695559154237,0,0,2,0.1319391932579143,-4.473866475638992,2.7471801866122627,-1.7433326678692216,0.2178360429045157,0,ddos
6.364911211038612,445.32131650566544,307.9758280329954,9,3,3179.263294631949,2.353080692311434,-1.992696512129856,3,0,6,2.6055973694482244,4.574403398203026,-0.137063127918535,-3.011592220188125,0.0312295147732751,0,injection
2.269053950050076,192.5600680801693,229.63016918837064,0,3,2039.232369143198,602.5722119158781,-1.67802702927432,1,0,2,0.97657434386806,0.1722485982750115,-2.3773869287127365,0.2762482473266198,1.2051474676525735,1,normal
0.4754683531313611,2036.0944188861204,36.43881676835382,3,0,1778.3890540677316,1271.511230214839,-1.7950403726629949,3,0,1,3.7023746322000015,-4.288326031090575,-0.7897287036392365,-3.03843045820792,0.9526759645389444,0,dos
2.135732907571585,472.1655117486322,5.441967752817785,3,0,2055.708240443858,187.75535237163945,-1.0813566394769047,1,1,0,-1.8544430498849247,-1.834846569790992,-3.713242250678352,-1.8959122081836333,0.1990967949336996,1,normal
0.4938123435889985,1751.3344039183148,95.9960722154715,0,3,2673.929064935504,1957.78173627548,1.734657387946502,4,1,2,-1.0496563391847964,2.879775634558254,-1.822343305925603,3.7916097703646487,-0.4316885727367783,1,normal
1.1320417927968809,449.9320545063421,239.7923254936278,0,9,201.69791975778745,563.7025669152658,0.422683846606837,1,1,2,1.4029764112917482,-1.2318990789960511,-0.0913976468459238,-1.394052039739896,-1.019384953827704,0,ddos
8.65066578199257,248.7539528133327,565.8719692560206,3,3,689.1698856342019,169.34457727538336,-2.333612170245178,2,2,4,-1.2250301991495487,4.4215440654543485,0.2460137857647084,-1.8768994029656767,0.4317565276330545,1,normal
2.8946678873328264,366.4585618791492,1349.6990504711007,6,9,935.7318405114568,98.20178379342924,-0.7024895309704908,2,0,3,0.6512621351384509,2.17997502148612,2.449849253362531,1.712220602221929,0.3783308923578523,1,normal
0.2501673611704503,1064.014043876187,357.41759294573296,0,6,1999.4050406630872,844.8390098507288,5.01542205387241,1,1,1,3.7399362816383865,4.583551568813527,-2.658158365466753,-2.537525486764391,-0.6217248735941401,1,normal
13.907508831670734,1445.189881702263,801.1579341123073,9,9,743.4143122365375,930.0427747042626,-0.2625255436694076,4,0,1,-1.7986346465888154,-0.7835117409562689,-0.0416014254407177,-0.1882798983994613,0.7868208942701219,1,normal
8.03486429137848,674.3200043684111,47.247772430645256,3,0,1096.987374514005,50.79158614944729,-0.4817502050211094,1,2,0,-1.372594380906483,1.2693383122827069,-1.332474597306469,-1.510427990261189,-0.5689325798906324,1,normal
1.826470819415352,1045.5897073807794,33.03109479731241,0,9,734.8403859744709,912.3757434487692,1.5253330460902923,0,1,1,-1.7045162291113205,-2.701120957815077,0.5696012772300204,1.0026017111566654,1.0941671707827685,0,xss
0.2862927507424811,745.1708249309845,328.6219524084609,0,3,934.3665200242324,1055.6748892432977,0.3717382869763208,3,1,1,2.693586191895568,-2.5381252944117705,-3.192120388827941,-5.892195542358309,-1.435821120110066,0,xss
10.98938952684543,1272.557001658762,176.9049033284182,0,12,276.9850066281262,1478.9548148613208,2.455505559182135,0,2,3,0.1685255330019723,-0.1463862458601474,-3.529228551917834,-2.270883203494665,0.4908801872362943,0,ddos
3.2861474492557585,1173.5878291880697,340.68424110407227,3,3,2031.150980773269,1426.4043777191666,-0.4164833236783682,0,1,4,-1.702364358438377,-2.5987800370812035,0.7328190122211793,-2.753129371857992,-0.7480097274102224,1,normal
3.419902921987767,817.4268471768986,51.449344675080674,0,3,1896.5071439515004,928.4375294476245,2.1417047374863607,1,0,0,3.351423383164983,4.050945096731383,-1.132074389825384,-2.0653998893433263,-0.2079429013646413,1,normal
5.982681690604284,313.9850621628847,195.01917929481985,3,6,1275.392454561437,60.13555837296138,-0.6649171718496665,1,1,0,0.7594336699063956,-2.158602576494098,2.2364922717567017,4.165413045564827,0.6401628848652124,1,normal
2.049494325345243,60.01392275804762,104.73636570273231,6,3,2416.7752043144715,1364.7923979388363,1.1101322027298444,0,1,2,-2.204211028219338,2.917673800158294,-0.9292874186913443,-3.1811265778427806,0.9880190439807124,1,normal
2.5931091496123,634.5027439952759,597.7237192440191,0,6,1637.8419002639,153.4627649152412,-1.7787313382526808,2,0,2,-0.8697318834978773,-2.564694525994609,-1.4100455588161327,0.8581432429800456,0.3204350623353478,1,normal
2.447261230431679,1845.0956561608373,227.1579286427753,0,0,3483.151056985708,2094.935909049478,-1.5282815992775327,0,2,0,-1.6799784192699698,2.7971438614022768,-2.783220619796299,1.4072172109874732,-1.1802784066601613,1,normal
0.1228663685609451,530.7533799019689,996.4031179071912,0,0,1976.7920386532808,2289.7993278748563,-0.8230503303232979,2,1,4,0.7870566509164512,2.1124167969340544,-1.8401373741917653,3.607993664456973,-1.7646627090598077,1,normal
2.9425154497230634,427.26477390415806,330.7329337404547,0,0,559.7528510956776,1187.0166862157046,2.2400068525206134,2,1,3,-0.2771304353221953,-0.7509021047092519,-1.1081576493529788,2.4081828942778065,1.8976618689593088,0,ddos
0.58022872848259,362.9319554944192,308.3253968191311,3,3,167.93281170058302,1772.2504762065969,2.209878899771801,2,1,0,-1.5518666305203004,-1.9043293788540243,1.4319619449201555,3.763811017752832,-0.1120444757221594,0,ddos
8.127016540083964,372.5987584483594,253.2097143085605,6,0,1429.3312636762498,603.0703997207661,-1.7413392120052087,3,0,0,-1.4020200540539465,1.5000520496008447,-0.6410667833195035,0.8990966939069918,-0.2867156010972219,1,normal
12.18024590138403,592.7196488301003,235.6334524865221,6,6,83.45643083682901,1019.9689531628824,2.1441569501469804,0,1,3,2.5360061097328925,0.3811570612416564,1.3691590937898652,4.967146271088782,-0.1559068903840398,1,normal
6.680826031649754,443.8088010911857,284.2632751783262,3,6,673.55287262878,654.753801340516,-2.8125084360226777,3,0,4,-3.3890571093710564,0.918779696559382,-1.30829360006524,-3.5914585564267973,-1.045985435596146,1,normal
4.5212143560387,1185.3948741896093,610.6878019191963,12,0,3010.992076145701,2136.747370137429,0.1146318035924991,1,1,1,3.211293752063531,4.929563044560654,0.9777826394307648,1.7956162302704746,-1.293633931060384,1,normal
0.8252008595917542,849.0397354431366,28.97489586283192,3,12,1156.27883094278,815.2485462363245,-0.7723102112604167,1,1,1,-4.347863580383731,4.668683040841318,-1.0061175323577436,1.1415297763638266,-1.0596513568853,1,normal
11.581063136759685,745.8543599074308,491.6256895806357,6,0,1689.8298160034706,1054.3100857485688,-0.935401830516278,2,1,0,2.206882799398312,0.4331971456107719,2.966494664672611,-1.8363934769918528,0.5250370944562656,1,normal
3.9225628440398888,212.98705255370984,6.849899367789892,12,0,1101.7651799028029,15.51732019440378,1.0476973132308809,2,2,0,-0.2804292471751508,1.589245533395275,4.016513988025126,1.3708995745851331,-0.5223766884723274,1,normal
5.10924700104775,727.354120336599,798.251982055594,3,3,1882.8083436645684,579.4447434448962,2.0988465653911623,3,0,0,0.0904271454506844,-0.3947027665191787,-3.0701085379695443,2.034531846681696,0.3288554781775166,1,normal
14.006699881887243,933.2800339243262,340.72813139797387,0,3,651.8240546684226,232.2807703644896,-1.977802625321493,0,0,2,-0.556659516599631,2.1298206830749704,3.080490860697495,0.5677703728029779,1.4032750929991915,0,ddos
0.5278277104026399,909.3706785304596,574.574945253318,3,3,770.4040067283312,30.11277191357084,1.9498351926025828,1,1,0,0.7138604574636525,-0.0923157515093948,-0.9841887004696342,-1.764557990280117,0.0921308292124151,0,ddos
1.5245146867386636,428.6607552178209,447.2252525496988,3,18,3103.13480434052,3650.329861152507,-0.1961052034906982,0,2,3,-2.9134522093233697,3.519115858981272,-2.0025199141167125,2.468274880368376,-1.022782402463082,0,scanning
4.384687594705975,1740.8982294106074,32.36184647274669,3,3,964.9642828826848,444.3250434247346,4.81495069103543,0,1,0,-1.316017444261879,-2.1802103475230847,0.4005125828565353,0.8083106856263937,0.3424468768583897,0,injection
8.92642370936832,393.3102894517917,371.202516600151,0,12,610.4374734214242,2565.517789669038,0.6349184205472534,1,0,5,-3.5403752487426283,-5.801147896260973,4.795569972202362,3.350601410707505,-0.27795250979038,1,normal
6.466004022122453,153.33825107270437,339.87998767450773,3,6,172.53181007098317,537.2891401024679,1.881565491769714,2,0,3,1.903287369244541,-1.0522755315745038,-2.915571742917137,0.99138375244132,-1.3047837258617796,0,ddos
1.2528170307956807,300.5682571283177,34.37558498092832,3,9,2019.6601285062368,131.66415872129173,2.499320378416276,0,2,1,0.6823109240938234,0.3958013504312458,1.4176341707875455,-2.0737698090037924,0.6986885447760937,0,scanning
2.5627533835722693,260.8697934021015,613.129213477987,6,15,2179.762142575621,312.54862741495526,1.204659695647479,0,1,0,-0.4488626869070071,0.8081630204283989,-1.6999224965955384,-0.5386126320449749,-1.3309970329173255,1,normal
2.447702941698184,117.32471890488688,848.5636988867503,0,9,834.1064880410167,549.6828877605024,-0.3724026627151482,1,0,1,-0.8078909850263092,-0.1813277483628677,2.9401566917007824,2.3178616901099574,-0.7333956887289658,1,normal
1.1280894099881975,414.6705164078583,382.55050787946976,6,0,1205.393138497435,1316.7688965070415,1.7196406834183648,1,0,1,-0.9281729495562192,0.8786642228951678,-2.563180604928238,1.7215946131680258,1.0878781669419,1,normal
1.6627361353018222,1196.7716935568412,240.42175945045992,0,18,3816.6455112305966,472.21876505075454,3.964435990215997,2,1,4,-1.4828486329811164,3.031971956168793,2.92082075726718,0.0725871840267917,0.9443386407243616,0,backdoor
1.7250293426706529,547.9213763438906,557.5531107120954,0,0,763.0432092515499,655.0022035621539,0.5934788010093337,1,1,0,-1.7422976254140408,2.554584696186069,-0.5732001633214792,0.7978725221185914,-0.0474380838513596,1,normal
2.5006545395764794,8.86004308237709,158.6515853190716,3,12,1271.0718953939736,400.697581453748,4.159866411026191,1,1,3,0.3571359444474589,-0.5008552900122737,1.2932963388232814,4.092224283419052,-0.3876919736203923,0,scanning
3.880118615664343,2754.364636577758,1053.919031252167,0,3,161.361411786872,1505.96068018881,0.4861007548610072,2,1,0,-3.6728709867096025,3.890050861481604,1.474247853128191,-1.5105634831889367,-1.758227455278365,0,dos
9.563718870059324,317.28577716509204,372.8791134457062,6,6,888.978084138521,196.900884292384,-3.026338829101201,1,1,4,-2.0007620547268474,-0.4844057843651537,3.113113721236809,-1.8968763225903305,0.662115841789817,0,injection
2.976794417790532,128.6955502083409,355.1765109452537,6,6,1662.7477833637504,55.21775819791104,2.5569949749965843,2,1,1,-1.6144258561364169,2.100300244142158,-1.82455943374667,-0.9017201848872264,-0.6955533258744485,0,injection
3.091681298416355,1214.2014005587546,235.407253791578,6,3,1216.1400548853874,1150.2348924632383,2.1965097492479093,0,0,6,-3.9756479307121504,-2.578272728034356,4.004611492467338,4.1937695792454255,0.3340137835789009,0,injection
3.684924087487605,473.085553203008,456.97784919770913,0,6,463.7570400059703,1085.8374125321511,0.4647854184575346,0,2,0,0.4107708913611697,-1.472706230657565,3.3572407969397755,2.973609593065062,1.6238812200925252,1,normal
4.087020884772304,523.7850115133681,613.4861190358067,6,0,132.30894438999542,832.294536756157,-3.509047078790216,3,0,3,2.609229797312733,1.2847544011340355,1.0502077218477792,-0.0785418547038683,0.5434164727960386,1,normal
0.2673487966305017,152.31137484289764,595.4226884109356,9,0,2539.541655106081,202.1291076929052,-1.6812787148455732,1,1,4,-0.6073460199775056,5.657168843259896,1.1630649973780034,-2.5625337636804555,1.6774520190228848,1,normal
1.1543617223784857,637.8881528058943,407.2051600952042,0,6,1887.7479639151315,417.5055676375151,-3.985155942799252,0,0,2,-0.5774638858104623,1.422817020033469,1.4661225453635582,-1.8921289675212247,0.5666506560847532,0,backdoor
6.926374500237362,427.1920791471968,283.58859295878995,0,9,1389.1439688246192,1223.1846716386165,-0.4697462222618411,1,2,2,-2.408942219993241,2.157868156424957,2.326136337138167,-1.82037826041526,0.180635269565013,1,normal
1.857152283008328,885.5207634873732,21.97675276912924,0,6,1577.7346245205729,195.85645459959832,-1.2775470465524623,0,1,4,-2.362706485592481,0.7123362080283415,2.188831261414681,1.7694634032505987,0.4764173878359041,1,normal
4.135090754546836,205.8267802487292,29.333504628753367,9,6,2683.973543042308,211.12717686141016,-3.4153785980092355,0,2,0,-2.333750065111289,5.386664307750777,1.3465577063397418,-0.6002406871499433,-0.4395038423410226,1,normal
13.799694745914636,1802.6370379954697,172.17297435720462,6,3,4982.00112026341,1510.178603619751,-2.45893708516377,1,2,4,-2.5593264535526545,0.0070566424759397,-3.0382621872867683,0.8837305608706163,-0.1068479621689926,1,normal
4.40719228847746,911.3184999430862,322.4938716508516,3,3,861.1532930373535,454.8099033911898,-0.7675616116350974,0,1,0,0.1263671843528966,2.3377407706218643,3.3277964169443672,1.1226616087688015,-1.7843868410786576,1,normal
0.7328205001642871,266.7667372507492,237.6938914500305,6,0,761.7675040817177,1488.7611640474397,-0.1449347072992191,2,0,3,3.5824609114206742,2.6039700281754303,-3.109439373070331,0.9266274706819712,-0.5148692394715503,1,normal
5.394392649059046,2114.403619183223,81.03438195762082,6,9,4529.8891100258015,1216.025029772393,-2.2578810395044924,2,0,4,2.235167339148449,-3.80382662616414,-3.193214380232372,-0.3669381870073666,0.7900436544423456,0,xss
6.471805539521013,1146.9594156603275,533.841632776179,3,6,1044.8516643998362,1048.123299718984,-3.607318398148392,3,0,0,2.0853494319727446,1.6735967929340043,1.5617762734308744,-0.6326562007811771,-0.3538289383474556,1,normal
0.2978762779175232,60.04197078652352,475.6761389301426,6,0,901.192155707592,1158.0023086328042,2.424324282498966,0,0,1,-2.7620624073379707,1.2734038373297722,-2.029601481823316,3.3871281799104898,1.895448519645294,1,normal
0.4974896570682485,1139.3736537587786,678.4518561456371,6,0,495.8335542434848,924.6212207797968,0.1982598914608786,0,0,3,3.79462893454546,3.748091296104052,-1.9943081537951968,0.3737354790570302,1.2519689914397507,1,normal
6.087409584064752,371.6063174704919,188.11947115113057,3,0,610.9335053443422,99.49577569659928,-2.213613690092901,3,0,1,2.06631526227219,-0.5480877605873802,-0.299913715742808,-0.9029242611362924,0.966947122387532,1,normal
0.1056491742844633,1403.9382060588805,161.2690303688526,3,0,3056.145260597896,90.28753544375496,-1.5094972987570376,3,0,3,1.138076382756012,2.5810787862281805,4.222479774462893,0.9404634573493416,-0.0591227699518072,1,normal
0.0894135207078364,221.9538397757076,383.45844128707313,6,3,1439.1933317042349,829.7187414662352,0.3533705570675116,0,0,1,-2.320902048566121,2.0552581689398446,0.02049828091534,-1.2968657686864096,-0.9054158592811108,1,normal
2.342298783359788,340.0106442039423,14.50780252781276,0,3,1159.0069793501527,883.4032526829578,0.8581093237832627,3,1,4,2.8808020274097035,1.5713336845344097,2.786827955116737,4.693580455391883,0.1545287698257459,1,normal
0.0909529778376464,931.8041019049964,317.6967528937841,9,6,400.23902640864486,629.3714270185455,2.2537929909448216,2,1,4,-2.2508333069092874,-0.0156508419167105,-0.6058934856090219,0.0596956977990255,-0.291775662289166,0,dos
4.221699737442559,160.0152550445499,129.6126651880347,0,6,1750.3927623430218,103.73096901962116,-0.1965603842820313,0,0,5,-2.3182476594786654,-3.24639212586981,-0.0328246312054179,-0.6320234693525759,-0.970159530539866,0,xss
5.021497148063937,265.8654232367025,205.5423105096167,0,12,3036.513331250167,2064.5920381474034,-0.2318491973456243,0,0,4,-1.2965870240976738,1.201334840286402,-1.93149030293557,1.2176074453039731,1.8158606442631624,0,backdoor
9.216689398891557,923.9478822208498,13.91846955159078,0,6,282.7645574155265,1793.13926908117,1.5618244526636236,3,1,1,1.475285013496323,-0.2302819128346509,-1.4123696697525223,-0.3771854525155746,-0.1161179732941364,1,normal
3.6624869599659178,759.2902786026506,1099.6073580805014,12,9,1480.534053553371,1346.47252717295,-0.0210126811563002,0,2,0,2.6308122800736142,1.1267443600777145,0.0985870832058219,3.3249495716301887,1.99427118304587,1,normal
2.5498566518173984,478.12125791920704,532.8305805840374,3,6,71.87119710315346,718.679959415636,0.0460707855068402,0,2,1,2.4889398515492576,1.3941391493044692,0.214490631497365,1.723998046979477,-1.459901241053437,1,normal
6.840429430313297,1018.0233722317836,628.7789659993645,0,6,233.9374316714646,831.0171721128688,1.3471055431395238,0,0,4,-1.2355295684440517,2.400145158580419,-0.6086148134422332,3.287411899673671,-1.3840187105027446,1,normal
7.656728063903021,85.33368937532404,275.6661963453017,9,6,2052.5790534815355,2492.350168397329,-1.88469380507959,3,1,1,-1.1778396732632836,5.451861273548622,-0.7756680473499449,3.4998262976499683,0.2350584080027795,1,normal
10.88765017616488,223.24198156368325,701.3171986894774,6,3,520.3220600744227,1394.2680379556564,0.1767385902599292,1,2,7,3.985233839876984,2.8867508888560467,-3.481399466954639,0.937435426502183,-0.0012360465855513,1,normal
0.7255581609755593,1463.135997564798,319.4273392349536,3,12,3371.034974707572,3675.714275071608,0.3182023257144801,2,0,0,-2.397452785679402,3.962513777296516,-2.9394280298947706,1.3397192483525049,0.0214890894219166,0,backdoor
0.177026382337558,1059.968845733306,179.9705375276132,6,3,1527.9319529799664,1120.102788595274,1.682040751415906,4,1,1,-1.3304552259502989,1.79651423531851,1.267118541791317,-0.851771263463039,0.4139451098744389,1,normal
3.9565978989920185,434.8997593736912,135.36805031122708,6,3,2089.785721957307,172.4690322900651,3.973363744777712,0,2,0,3.21900132642247,4.487648416865494,1.733903919177031,0.9994913039132912,-0.6595003660409966,1,normal
0.6227412941095438,1316.8260316492322,326.4014149165138,0,0,3158.8349295281355,1010.932398089798,-4.418054490214002,1,2,0,-1.158279640835687,1.7574870564172902,1.0189673751645298,0.195169179991995,-0.9767945718594616,0,ddos
0.5994572061073947,2098.2945131621163,989.4380360815838,3,6,76.05697028550117,457.8739233181648,0.4773327162317613,1,1,3,-2.3768695893377063,0.5289468048417998,2.122350586246988,-1.8959055363240247,0.9308761412713586,0,password
3.829926038884628,1003.3331453148022,198.39439316967483,3,0,682.0252992198377,1272.146092299382,-1.476048954067256,0,1,0,-1.941753576858836,1.3904050358610844,1.6613496482574055,0.2015287724448498,-0.9780812899219656,0,backdoor
3.555072764936467,245.1220044134216,255.52340682106944,0,6,2145.021264562081,1134.908447182058,-1.3026419478527125,2,1,6,-0.322974306803421,2.139503425966797,4.663605882021357,3.8287625693508858,0.450170992196661,1,normal
1.9477989547355024,282.099249106078,442.6214690549913,3,3,23.520125093941903,2173.3835830282856,0.9723839697875736,3,0,4,0.4859185913933359,0.1599136724937713,1.549436426911418,0.1391598371501889,-1.2150420675461753,1,normal
4.445548602882917,435.9980899300865,712.4826690596037,12,0,552.0903630251896,1325.235232371063,-2.163854063517623,0,0,2,-2.7747595611675315,0.4802253701394644,2.967420325693702,-0.7762636043974727,1.3060729127973243,0,injection
6.7815190439003725,960.4184605179188,1040.5438895500176,12,0,1486.8092871860406,532.0811104592453,-0.9899873009206454,0,0,0,-2.614361616396108,5.207627161953128,2.0409348460312824,-1.339239619015976,-0.5588059575574423,1,normal
1.868968011321939,1023.4481223604066,451.26814455923306,3,6,2647.054424539851,226.8252078685745,-1.0266044515061263,1,0,3,2.179973533858097,-3.916064249682985,-2.283137960610123,-1.2258777722196743,-1.985914516937306,0,password
0.4167041316635247,472.4405755012814,1098.9619754236887,6,0,844.1411283850822,1099.22787983209,-0.7375625819115146,4,2,1,-2.309949991318219,2.0229392127234176,-0.9403597177189396,1.7881452856336693,-0.4219104668832648,1,normal
1.7704735387706934,646.5474156185077,141.09952986437796,6,9,138.00231990992918,85.25448083547086,-1.0936475088175606,0,0,4,-0.5664607532401607,1.424737538484952,-0.4774784213003274,1.232053770626686,1.5114669945156662,1,normal
1.7706242259838236,1078.3210147379748,107.96005631222972,9,9,366.3243361667626,341.7530161936962,2.867711755110144,3,0,2,2.288745973772812,0.4012034101435922,-0.8669593748269848,3.252005686807326,-0.4786524061338914,1,normal
3.072327610961012,808.5535051655065,68.78229074083976,0,0,665.8144105798984,1450.8783501694625,0.1667588316947077,1,0,3,0.0032756330746424,-1.2932946251086757,0.881349791918002,-3.4422183325937485,-2.2953899100105386,1,normal
2.4459683525157776,156.92123522972958,24.23322602863418,3,6,84.91009851715876,1314.543170532593,-3.5856148161450125,0,0,6,-2.460065583698195,3.659083714341423,0.8062720577609017,1.6162650653032176,2.835958704127728,1,normal
0.0908742530488984,611.0155765131539,101.67524241758964,0,0,1287.6465305569805,2836.704945915425,3.957927463098062,4,1,2,2.4314304339266952,-0.0220570975000713,0.2163416644919434,-0.2844560029774556,-0.0156144260951688,1,normal
3.4921251426054845,108.07865065482116,15.783565334196624,0,9,1707.885479669868,840.5489268491177,2.057743727712146,1,1,4,1.180824575860499,0.2747547898799467,1.491513888100436,-2.295642536956556,-1.640674396199918,0,dos
0.0527846758244694,509.49310535334246,738.630701875327,3,6,2457.3729370204937,330.6601151516029,-1.816965565307633,2,0,7,-2.9931433575076403,-3.869700585312134,4.825196652717993,2.5769491261771464,-0.989064731489704,0,backdoor
10.868073875863333,655.2672632245492,15.072081392231484,0,3,1827.6978360895096,817.2321140199734,-0.4383376504108385,0,1,4,-1.2799950769837758,-4.167626869629027,1.739879498335995,1.6441828900049482,-0.7431005914556166,0,injection
2.732876143147755,1149.2948180020348,289.19778877204936,15,0,4179.058060253826,691.9038132176945,-2.8159893688733515,1,1,4,2.281410616700633,-3.709252254662808,-3.226663927315368,-0.1032935446701592,0.9860149687478688,0,scanning
0.2000523992406473,1451.5247803505758,367.8588716880055,0,9,1405.7605922534865,2143.3657409571515,0.4687747387497245,2,1,0,-2.342932596483704,3.1426496152153613,-0.7356947411301367,-0.2707306859810258,-1.1967647956079606,0,password
1.5522873757200029,150.27240804753444,522.3311575127976,0,6,866.7137429201589,996.7359408496296,1.4869772012778724,0,1,0,-3.018395795413344,-0.0409449549690232,-2.140942723014965,-1.779763879306561,-2.592007382089763,1,normal
4.297251302743162,664.0483994906431,248.986745761135,0,12,562.7168842411907,537.3315815902863,-0.8437107537678294,0,2,5,-3.4401504697444825,3.2044232378987614,1.540576971255333,-2.8588457727650463,-0.834936359433442,0,password
3.198780703916925,272.77706078353623,411.1291239635101,6,3,917.179220810028,13.618247043051756,-1.2158255515126253,2,1,1,-0.6411156782612101,0.0384166282693803,-0.3771516295384846,1.2259940244256002,-0.7949509987620574,1,normal
4.027590203955841,112.98444246946492,164.60752760520475,3,6,120.4907770074365,1735.8831413569646,1.2082190113925968,0,2,4,0.3905839231433017,-2.334283172295157,5.5504481872762,2.477465157904261,-0.4423263896071251,0,backdoor
6.129704137008424,889.4297468473328,37.523546185738034,6,0,211.94006549063235,1832.6664196473928,-0.0679006915655504,0,2,4,1.6552401914322108,-0.501039353663677,1.7687586641226998,-0.6541486770966938,0.370154849332343,1,normal
3.384144215426426,805.9349935296425,536.5505776738866,0,0,2973.1943049750776,1663.2398641767843,-1.3001107424817484,2,2,1,-0.4760366222109863,0.3894675093669018,-1.9430933277959568,2.709572110610991,-0.0051227281621282,1,normal
5.940661388004455,256.4565607521254,705.3805501773762,6,3,1314.8013432975365,178.8645138427889,-1.5935337824668971,2,1,4,-0.5761825359899156,2.9337618802774923,1.9229502863188328,0.6981596107704311,-0.7118803543891373,1,normal
2.518176086401289,508.57140674425926,435.4615301707939,0,0,2442.213633071213,565.6595042193286,-2.16533709035689,2,1,3,-1.7796900445373245,-3.733522614686847,2.0042034966096187,1.925756680375709,2.272612287980948,0,xss
5.170261750613711,460.10394347234944,22.723711848035435,6,3,1635.3702774166916,896.6578148972205,0.5202390256596539,1,1,3,-0.5273579050604036,1.307712085579156,4.566853048232851,3.911264556319227,-0.1887422159460272,1,normal
7.508892183521655,362.5595406916953,776.1862035930866,0,12,1273.348615026332,1919.497185490956,0.1494960653618895,0,1,3,-3.3065931561462847,2.080401534388296,0.4599446547268232,0.2571943961629588,0.0971643600351702,0,scanning
2.9728271957003587,557.3639385873695,305.1837395324465,0,3,455.0663776455301,1060.934270343956,-2.054021573160924,0,1,3,-3.8796014165324175,3.26499522756711,0.7521636744537047,1.0350183300582014,-0.4938409989810192,1,normal
9.114601267905776,706.9022281324178,692.2707506004033,6,9,3466.91486386525,1244.9622667626252,-2.346234341329432,1,1,5,-0.68212597615786,3.3956934410362605,-0.3155119729049911,0.8995471211117805,0.295134831253895,0,dos
2.778623641951277,78.50006146913657,669.7580026896699,9,0,2292.30001052066,2408.154056378101,1.637507955032779,1,0,0,5.41729586043825,5.712309868435175,1.0352142904114665,3.2131591309239083,-0.9618655591460266,1,normal
1.2839169856396433,1650.3505913519962,144.26029450928132,12,15,654.7820562589832,1102.2745863980572,-2.035771956728825,2,0,5,3.809034067039004,1.2125171518180455,2.948632339130857,-4.945258973811317,-0.5659504379056329,1,normal
0.6970740112662914,715.2268902349987,534.1395835358667,0,6,821.9902198830484,420.3380450333268,1.3196006006429173,0,0,5,-3.78973243105347,2.403418395589568,-2.1810806132365874,0.4618278474655917,-0.5186216101652313,1,normal
0.7876402247230503,56.074586394874615,521.6279379268373,6,0,2181.623346907764,528.2040720243692,-3.828286485872658,3,1,1,-0.1883103942977826,2.235927613851262,-0.8665288790870455,-0.2911584157952576,-0.1334988409144287,1,normal
7.226055935552116,1436.9133000018785,353.0531417350095,6,0,3580.073484512164,1348.8126015978437,-0.967497885021293,1,1,1,-1.9928411303977185,0.8527798057319098,-3.1656147397813994,2.0246443296966725,0.3137853061738911,1,normal
6.928084106981958,873.9229084675721,158.14870455311373,3,3,507.1204664311555,887.4021501835296,1.6930799754274692,0,0,0,-4.0008798742029015,-0.6287699608052122,1.0632153841507102,2.9486090558307234,-0.8450927265065498,0,xss
4.353682496395644,326.643867953575,200.14932481292803,0,9,471.50450230662864,1176.9366658771846,0.3377260719870767,0,2,0,-2.949309506807289,-0.1111265367701133,1.0894951568866225,-0.9897443903836004,0.1440430972355373,1,normal
10.897915888566963,1000.5298980989102,542.0969658658258,0,6,552.1353409176849,539.2386740100557,-3.3779616836098807,0,0,1,-1.5432620603748424,-0.830754373862659,4.951258298522522,0.7426163859482215,0.8120333457908284,1,normal
1.730419412561595,582.1576900533515,1005.3439978992612,0,0,334.41757414726163,367.0476084106536,-2.24758825636757,0,2,2,0.3743571135022928,1.8315461838886835,3.6110632827046905,0.201148316485621,-0.5971716227953645,1,normal
2.096841762195443,468.8602552823768,337.3804886747365,0,0,462.6727758636782,234.8729978742024,-0.2840942836270616,2,0,1,-0.9404901436000244,2.892386019221231,1.7888588615607568,-0.8149383211354463,-0.1196837031903402,1,normal
4.056029195164055,258.2567742428623,621.5344017536379,9,9,1995.3248829578563,14.625504557370562,-1.501999027989955,4,0,7,-1.0058760745335904,-1.3056558450520173,2.512949392127952,-1.0140234993143806,0.894113361534446,0,ddos
4.637743917991225,2579.2643326229622,244.5549398887648,3,0,1376.0516235224195,1019.9721680207662,3.054078670602012,2,1,7,-4.799774724840054,-2.2219476530355107,1.315683922752868,-0.2251979289647918,1.1062946299717231,0,password
0.5267552941035102,166.61172891477,677.3152460625388,6,9,2127.7998393377816,1434.3264755804078,0.5582567215192282,0,1,4,-2.1839378522757995,-3.251166966741823,2.606131515385336,-2.844250943401769,-0.4646457961430205,0,xss
2.722038702627858,194.68116878822173,500.22763969394055,3,12,75.22483965498212,240.3343955573003,-2.0770664191667256,2,1,5,0.9559792262492596,-0.6778152199561522,0.0954785975468777,2.7183625336424218,0.3614342136166701,1,normal
3.813859759636269,1239.4118221477925,239.7205118612362,0,0,290.1114427974407,95.00059829517063,-1.40369207555705,0,1,1,-3.027581452564508,2.0377447168076364,3.566048616469879,-1.352323439552843,-0.4230872713000546,0,backdoor
1.0213944524118208,487.2550154621053,278.4479848031182,3,3,233.5595283512264,306.25168859088865,-1.2094866104846536,2,0,3,-2.910444054441645,1.2887112778040608,-0.0277244917163521,0.0081529838347149,-0.0706169252262391,1,normal
4.458701293974807,603.9295678158439,216.8901430852173,3,9,287.9626802667252,1253.3233762589464,-1.0060064835153038,0,2,0,-2.679068469796391,-0.2864058667825306,0.9496122951347744,-0.2732571107901301,0.6955849296409472,1,normal
9.888130711792364,299.902838657612,354.799015250047,9,6,721.5537427648503,126.22234795944674,0.8081395529430517,1,2,1,-1.4536997359153394,0.0957480493765547,0.8179680693318259,0.5563914917680743,1.2337426426021327,0,injection
3.6897192489996207,3.822481366703823,48.6904428993592,9,3,550.9152559551379,513.5203598436864,-3.352507739075987,0,1,2,-0.9906085014857784,-0.4116925825919828,2.2541667000470893,-0.4642762055855186,-0.1484283669688139,0,ddos
1.251132722630417,84.98783793951559,27.51891724894645,0,9,840.1721694492725,2081.7875038381385,0.9934474908985982,0,2,0,-1.2750236327002382,5.140980997755057,-2.0223077870933706,0.3142937805920418,-1.1142350875044431,0,dos
5.893032905968094,194.58625056375624,179.17325684131708,3,9,1542.6976770257736,2349.705752772592,2.121622538308114,1,0,0,3.920583762808139,-1.1221271988604995,2.5316077597206275,-0.8355788304087495,1.5123136867271925,0,dos
0.1538939893166506,77.65085733948939,360.8539597187171,6,3,630.166666374384,791.5630307712214,1.0237989608125135,0,0,0,-1.7214932883040102,1.891628603293545,0.5446183425895117,-1.2576978974143809,1.4478575068764803,0,password
8.72505630939964,463.7071269098005,36.50410359681213,3,6,254.60034245337903,435.71706165889833,1.229456572914556,4,0,1,2.4236757931630173,-1.6427157883183148,-1.5517129170973,-2.9154372904909085,-0.8573767802489857,0,backdoor
6.884193270349009,444.853725737569,360.5826226204059,6,9,1241.484445598836,2530.706942557163,-2.299094676202227,4,1,0,-1.321945782022056,-2.5236545464275366,4.571342560511269,3.522028142575631,-0.2372085781240014,0,xss
0.1916446957445488,161.68954359099104,373.1984586826389,3,3,1076.5455132905072,570.5151683389969,2.0363594371603098,1,0,0,3.371390695916234,-1.7464665160433632,-3.370620791776745,-0.258359850567587,-0.7536144491438302,0,scanning
10.32390116379739,1450.806452222659,278.3290893567536,9,6,290.49518265432084,628.818177852844,0.8573398962518164,1,2,2,-0.6343090779333227,-1.3192370923797736,-2.654476740577264,-0.0885385644825829,0.6773089279141893,0,injection
4.133402471115872,387.3079113881594,49.0244003366411,0,6,294.5766228917566,947.4219509987796,1.733672246791789,0,2,1,-3.0281305678794608,-1.4102979625016192,0.5203559847266618,0.7363720320553501,-0.047190228191666,0,password
2.8554242927679185,1292.5081344108453,338.8717753358837,3,0,527.2385042084935,958.6444848399376,0.1253799025916213,3,0,3,-2.513035515947815,1.1313523549408795,1.9357874473666248,-0.0419686558268177,0.8673044870670964,0,dos
4.919118146871654,1364.9796717477348,349.21630241710426,6,3,4023.1101645681215,2639.332975429797,0.5411023801319619,1,1,1,-0.7195760519206219,2.436653970500052,-3.0420661276123013,2.77581482606808,-0.5786642651169739,1,normal
4.665082130336755,1223.932263210361,1028.474003988815,0,3,576.6176280600832,1116.6702470702014,1.0020853737668391,1,0,2,-1.452424043886035,2.42200546129316,-0.9803363125757936,2.7884234823827443,-0.9294073370354984,1,normal
2.771503056031884,1583.2842521035625,271.3100422353384,0,3,2616.075774559812,514.7093284119114,-2.16941271420674,0,1,2,-1.5179324757414776,-1.331051736020686,1.649266127745893,0.136677217040785,1.0443859594182676,1,normal
5.494827769545897,719.7670633379878,542.9888023189226,3,6,1946.3173208204253,299.2222402138459,-0.2556299585572696,3,0,3,-0.0204594414670393,0.2766725859630664,-0.6550893082192317,-1.19005287428523,0.4238806079328768,0,ddos
4.601287357463808,621.360453018302,1305.3019963641996,9,3,1764.7194837880902,884.9516438053312,5.320392460398279,3,2,0,4.055363306719521,3.461619075993852,-1.3949795570722083,0.1332003357431233,0.4512816777938732,1,normal
3.747527487216522,413.8468402640824,120.20227710337886,3,3,961.284993476454,1956.406875631456,-0.0235250660257497,1,2,2,-1.5299345908778907,0.6081759911668646,3.180625266104585,0.1504502934679057,0.0580828660289106,1,normal
3.1593719860691345,1886.9277417033395,102.60302940634192,6,3,917.9484658537816,859.4348685717547,-2.183894704443021,0,1,4,0.1125327156382272,-0.707207099532251,3.54817375200881,-1.3660084603329743,1.2016767622263198,1,normal
2.709262684662877,259.69896892664104,84.91476893320512,0,0,2029.434171667384,368.5066266834045,-1.7946987555657097,4,1,2,0.3700535339836281,-2.300315250503157,0.1309624897146852,-1.6710851896754906,-0.464096989734218,0,injection
0.1963065622316355,2111.355728077473,30.1447125783258,3,0,3395.155120692384,1380.805997110924,-0.4139679016081352,2,1,2,-1.7049572275809113,-0.5428646872460781,-1.9342232193550173,0.8525819951211515,-0.0778062956248401,1,normal
2.1806794527169227,913.737514107676,351.31410746748503,3,0,892.5760639860745,543.3761733814836,-0.0845276496659088,0,0,0,-1.9732148449075853,0.8659631660298605,-0.7103857861330867,1.3298175316528436,0.821569173646803,1,normal
12.010793492172592,545.4642383199802,1152.453884477177,0,0,1657.9406864237883,1975.547725291898,1.3011313421437134,0,1,2,-1.3593299244312853,0.7149500128486164,2.0949192637103087,-3.671661520457364,-0.2173660048793304,1,normal
1.2373902359190585,1091.5136722274422,703.7843150772379,0,6,909.584740721346,213.8525802233285,2.638462645397388,3,0,3,-0.7463333269611315,-1.7735723028756156,1.350931578214813,2.817605659555551,-0.4989671980450768,0,ddos
4.107399250497971,844.9354098317004,790.5861710619314,3,9,2097.0564694151026,610.8557302166292,2.60354481310125,0,1,3,1.1977130128756388,0.569639323044743,1.3211430034221927,-0.5964530486415653,0.095427718718989,0,scanning
5.070023406664836,314.119829197133,986.8050486326184,12,15,839.9526857886539,423.630435098429,-3.603360751730703,4,1,0,0.1604808808951507,0.2734343978441752,0.7336963960872964,1.4980545648848516,-0.4780572216945805,1,normal
6.535037324708193,522.0707401408134,656.827250995913,12,3,2052.8709687269416,131.38698701475414,-3.7642114204401578,3,0,0,-2.0455820199486454,0.2642312883130062,0.1018603059463216,0.4595070218999776,0.4268226054941309,1,normal
3.264363167493407,1.7210617027191288,134.75885890320149,0,3,1935.101643229932,438.8285944155396,-4.934541198656626,4,0,4,0.4216492982929805,0.104301048887363,-1.004714429217802,-1.768160291635854,1.3844581155523323,1,normal
3.842507192173815,152.80486428728207,220.62493369379428,0,0,88.0372708554809,1704.915219531194,2.886162611881473,3,0,4,3.488768027172326,2.9481962050942885,-1.4219858346485192,-1.7684468930146335,-2.6759628869921577,1,normal
2.565480983703728,861.3803735443032,278.4227624929715,3,0,1930.5874693424848,1210.8722794604444,0.5520938299582833,3,1,4,-2.455280763186239,0.8595265978762018,4.6350120111046165,-1.0636267010957987,0.8083131775800383,1,normal
7.478525904518105,593.7865766168571,639.1121211149648,6,3,737.6154887981522,304.87533504465546,-1.9636051900810485,2,0,4,-1.961459507120089,3.4817792243749883,1.4848842281032073,0.6787508444522726,0.344033280202476,1,normal
7.025383776309261,839.3207768201183,362.7715227959656,0,3,1679.6041360339643,2423.534720816758,1.8109766434366084,1,2,0,-3.6407445535224703,3.371248131863058,-1.659511427377182,3.5865190381908576,0.0815573394060592,1,normal
2.8034128585399425,479.1972899918154,287.8054689263515,0,6,1300.7072875782906,1058.96712690394,-2.190662233249644,2,0,0,-0.4071321683451727,3.1494673560199424,0.0992975159981559,0.6939176828791518,1.147499699173846,1,normal
0.9432881891463364,87.04150579013381,302.3039849215851,3,0,1613.148355742175,552.0761354165144,0.5918587082380767,0,1,3,3.3429491596412886,2.6829032681318994,0.4842691297863546,0.2435579554617184,1.5117810917253884,1,normal
6.028196475053078,172.82947493941458,500.3412869536141,6,0,8.957855742701366,206.95768766340623,-1.7575058685023472,3,1,2,-2.591761800175064,1.7388073760583698,0.4577434943207286,-0.2024884047160826,-0.4663874211524416,1,normal
1.7802154685351637,1331.305753943464,39.82448991781179,0,3,1823.8366795560376,1784.2776601927446,0.2871649099269913,0,0,3,-0.6569920544976667,0.1287478679431708,-1.8362106687718127,3.8186572759782376,1.8393943108383035,1,normal
0.00452266051929,1158.1659954722063,345.04817962687684,6,0,2377.425613639776,267.387174872452,-0.754179454958819,3,0,2,4.4361481963587925,-1.2724887014406585,4.736430871926626,1.1511565095093157,-0.2308458310962885,0,password
5.319725322576603,867.063814230525,670.66127018631,3,6,1090.5823373968817,220.88916192144464,-2.745246471977488,5,1,6,-2.5358773124306366,2.377030473345122,-0.4746403159627296,-2.3129285360315626,-0.9446653408499224,1,normal
2.162896082273295,738.3528422068345,199.30904022189551,0,0,1794.3131626118418,674.6467879595785,-1.529143623289945,0,0,1,-3.9265045892080215,-1.4355338117759866,-1.8129790823216207,-0.0956024124166714,-0.2919708191759648,0,ddos
4.381337567366071,807.7485331147957,485.03440298776246,6,9,269.52187964701466,1153.5604030697234,0.9983902969161024,1,1,6,-2.086526949994873,0.5189207517536474,-2.1345834908417496,2.761700663476619,-0.4444737755933994,0,ddos
5.5430506106091855,1657.657998297483,316.3983066669763,3,0,1531.5116807869194,2156.945240596478,3.569908202829472,1,2,3,1.949023208122208,-2.7764295428719343,2.294691521265696,1.9224083418251767,0.2812561894894554,1,normal
9.40652590149295,641.4821574614135,477.939845411268,12,9,593.9441959417159,88.31852399546148,-5.519230115479027,5,0,7,0.980924443810731,0.6849711631156625,1.443295821673604,1.412284585484738,1.094628826340145,1,normal
4.910776751931004,17.374348034348674,846.2725697803662,3,12,915.7668353656344,72.09940927438275,0.8018084392369274,0,0,5,1.510100672639768,-0.6133987590202008,-1.924947584787668,-2.379363365705548,-0.9777731066723993,0,scanning
1.664419382967127,709.0496806464428,21.52888737893852,12,9,2103.528667767907,1731.194987969756,-0.8883257579323096,1,0,1,-2.697348243471149,-0.3147603831939969,-0.4898742233369888,1.9251136358020189,-1.0151697409950753,1,normal
3.097917233605373,1326.929260365048,228.7252069704853,0,3,2076.784057666917,1574.4107157801643,1.6978150298533363,1,1,6,-4.267643424685926,-2.2054154578951053,-0.0600469086074619,-1.1090122830909104,-1.669209324979123,1,normal
2.7438194641082454,728.6235657615273,516.602263227426,6,9,455.6923476067552,670.182570063281,-1.6532838082586363,0,1,2,0.5399438420193983,0.0121422558177237,1.8105594676791228,1.6414671768707627,0.8290101315926635,1,normal
1.0101368250009342,146.13452873500665,296.66477560806453,0,12,2176.406434505146,544.5064696315086,3.046242395107412,0,1,4,-0.0100980688686826,0.508842673514527,0.8911206055334973,-3.5408822955149697,0.0632438899981105,0,injection
2.4605737645981374,1886.14783969796,363.4016062479019,0,3,2738.2194331348087,3645.7646273953774,0.2513881474163608,1,1,2,-1.9028358224640385,5.944281693117144,-3.222951409627062,3.89348670714457,-0.805402627997202,1,normal
0.9803412639758038,1186.641470112459,66.7920919762195,3,3,1472.4061616500162,1017.2729917180584,1.584247194773794,0,1,2,2.7691073806855293,1.150162797481815,1.4386028132893218,-0.2549139690208184,-1.1546078432343598,1,normal
10.040310957064197,570.7132411723892,195.5497734471964,9,6,1665.0944112719155,1331.4744419816875,0.9478643257684792,1,0,0,-1.7819278777194492,1.4799127838018475,1.7382589647303757,-1.4589151769345725,-0.3993904390721554,0,scanning
1.2189836012177593,2080.0901781892094,442.873636424144,9,15,516.6554219801192,1288.8815625079787,3.0780230895122136,2,0,2,-0.8589895079678175,3.643737752245281,-3.5498802266562155,0.5978229670168076,0.8069010497403581,0,backdoor
5.530820021516445,430.0844771892968,376.2123292705634,9,0,2469.690406770156,465.8286680886115,-3.8434556093937617,4,0,0,-2.884982030913107,-2.064550178649479,-2.2799368216931137,-2.1709692051563243,1.183780628637911,1,normal
12.991322181155304,378.628251579824,294.629501994407,15,0,588.3337128235985,554.0408673281504,0.4014423478591379,1,0,3,0.2881915976870575,-0.9725984931864984,0.5073574618536252,1.723900678885258,1.706088966138054,0,backdoor
3.360762557191983,543.761560256558,785.6646997923352,9,12,2575.4691304378125,507.8120532118643,4.725503856874895,1,0,4,-0.1591601992754898,2.132476634738309,-0.1492892000903585,0.4220557982232181,-1.421507982071294,0,dos
6.586317575573233,2046.851032415189,67.79795076500358,0,9,50.52603365880152,1557.5094770368337,3.947703367436444,2,1,3,-1.6340473356575569,0.8803508363383477,2.7461699591554964,1.4376776624909164,1.1162651707762754,0,scanning
2.855247173656872,769.6013210259713,103.88662598185326,3,6,281.3600778138673,1924.158708312899,3.95901162023868,3,0,2,2.524450191657713,2.0460018541812044,-0.0397073767639875,0.568088969236559,0.4608329770243202,1,normal
0.7217821774682177,637.6380708629172,422.11663434986593,0,3,347.6881781962412,1393.709237959878,2.114472376216466,2,0,4,0.4469356578403192,1.3213967845142385,-1.6663320189368895,4.1611901450334985,1.6687613433430684,1,normal
8.675910506885058,202.7013265695577,700.2919492185301,0,12,2455.759820565554,2111.210432592118,-0.673675476887352,0,0,2,-3.806277105775175,1.821777270443568,2.8504702692657578,-2.3680174828938254,-1.2216830270030534,1,normal
1.913718995159004,869.965750675739,1086.8948951821244,0,3,994.920671667928,63.78728826464596,2.44150674099504,0,0,3,1.2901237662160572,-0.9198863228673506,-1.2137140030300717,-0.1742853987491384,0.9439340427444184,0,password
2.098312293671025,347.1953829109969,131.09923197137542,3,9,2354.484076329203,488.1686695467358,2.1217940299736675,0,1,2,1.5529560790507908,2.579376532612166,5.560285509795738,1.2387040493450696,-0.6285191777832771,1,normal
7.384004337259011,171.26288508464177,1222.5179526288275,9,0,3736.0410936664175,727.516278207443,2.648697124645488,0,1,4,1.5419528547359176,4.1710325066283085,3.706135959227094,0.8781189620183032,0.1956827524787546,1,normal
0.5726532867294488,97.99075644863298,208.3519464881365,0,0,1717.5457267436534,1396.2165066709863,-1.2853388703726571,2,2,4,0.4031839039493646,0.1962347146622485,4.637287180893684,4.18861615103557,0.4133060335818858,1,normal
4.706643359379711,1296.577956653286,313.94069174422447,6,6,2265.319507632764,856.0690247160604,1.245273989745978,1,1,2,1.1305307791330912,-0.8367043522168449,1.178345748403952,0.5502543559507789,-0.834658248088007,1,normal
0.1699757594626096,1233.0103270293282,763.2977783564779,3,3,490.868238578029,999.9340783040816,-0.9631860863734988,0,1,0,-0.6799930663390562,3.0482227854989032,-0.2626478870305733,-2.352744645762373,-2.697731654971035,0,xss
0.8825582409215861,312.0227249232116,74.13022161741097,3,3,390.8842305519527,719.0580792243715,-2.8698212725783696,1,1,5,-1.822069607607362,5.026336065767122,0.7540690536887753,-0.2254310215858888,-0.8779254059686277,1,normal
1.4508414543839157,862.9261400061552,605.3947973025373,0,3,319.12754789015287,1416.5445560017386,3.556964855390881,1,0,1,4.028222668293161,1.901840089285074,-1.9878947048314144,0.4295921784421812,0.0345501127597965,1,normal
5.320164469545256,708.7902886369523,100.94246612537547,9,0,2546.8124551396545,611.0837185031903,-2.983093726327152,2,2,3,1.8185656217008483,2.986364678229031,3.563835359597446,-2.523331020729364,-0.471609449120612,1,normal
6.985854719751581,819.1298572876233,363.7309894033425,6,6,2379.264050453167,416.5124074472976,1.3196397641258182,0,1,1,-1.5980467967692398,0.0331628126200762,5.467050005001055,2.775256701534887,-0.2625243425361811,1,normal
11.583123548058708,60.13240882563431,962.5920571914128,9,6,187.02736151561857,496.53754792675073,0.2277940058143209,3,0,0,-1.0532505639558092,-1.7751254613013747,3.256809283170698,2.2593784662783216,-0.9389346875523948,1,normal
2.544834155821059,924.5344690956016,979.9631259022038,15,3,1381.690709093352,527.9572169434688,0.4667799097919231,3,0,2,-0.5264217229962771,0.6546426828684995,2.318578278160004,1.537765773285736,-0.165721091156093,1,normal
0.3974460368528454,749.6139476201772,490.1125088701342,9,0,2253.3504637273486,386.3326062339042,3.9937268255397855,3,0,0,3.5777599338486343,4.351245974999019,-0.6316655081360667,-1.2215187259874984,-0.9311178433579752,1,normal
1.5555223454723168,190.167826107909,225.73469873057493,6,0,1519.5822592115,2037.7085339462355,3.0409509511445094,0,1,2,-3.34097451849886,2.227162337939728,-1.0030519496353467,-3.281829978376856,-0.2488645143812126,1,normal
1.8872865363789009,928.6370294887146,429.5051935246129,3,0,483.6459161699875,530.8158034889536,-1.588430713731574,2,1,0,-2.3757708055875835,-0.3473024187743778,-1.3732390967038708,-1.804500575980345,1.2116499480327618,1,normal
3.571987867232464,592.4631208301571,126.03535317968206,0,9,174.01443222269597,1385.4431917235408,0.2167529601345741,1,1,0,-4.385881679610236,-0.320930078120835,0.5989755826719928,-0.4625046220034149,0.6260459312432327,1,normal
0.996931791041184,1057.5081958228418,1015.73334316164,3,6,543.883578283061,87.12274380587567,-1.780507575246472,0,1,0,-3.3218534036461023,1.479856182853201,2.2753739936453616,1.2121427054216138,-0.7099055754392926,1,normal
2.8981358588117616,1034.278048912678,181.73829904046588,12,3,1192.7077170731277,1735.6495363494928,-0.8436008601674729,4,0,0,0.4330126160429628,-2.970981374848516,-4.309032430951056,-4.540200415882444,-0.6972203533040964,0,xss
8.107131548536305,8.727717879090546,445.9077545600834,6,0,852.2429146278386,848.601382892743,-1.4441785041301562,2,1,1,-2.564603699054099,2.384598351287248,-0.5486312559098303,0.9318414300269606,1.9292300692237867,1,normal
7.5423390020540335,636.231632156208,274.67784712137586,0,6,651.3582643072982,249.5479407321512,2.638375094029917,0,2,1,4.3294712133730044,0.9904415188539786,-0.4648683785692626,4.018917264440691,1.4660362938082614,1,normal
1.6017832798957177,258.50254481263335,605.9591298748373,0,6,756.5303821163718,106.54570967826244,1.6057079734196005,1,2,3,-1.5140315783716976,-1.8620967567794515,-1.1545263910572288,1.8437346697474,-0.2531894729192733,1,normal
4.7021564205317405,507.4291375975907,705.3232362676326,3,18,1338.849521352121,251.1487808438627,3.1162046307721623,2,2,7,-0.3756722301182664,0.3013162460105971,1.4550838089101938,-3.249371157377284,0.0201139621633542,0,ddos
2.3933726106311752,715.5615282000068,632.0732400917933,3,6,497.9706911603057,1047.1182940115848,0.8906913591334096,0,1,0,-0.0929100578739507,1.3301677310494775,-1.585625065615991,-1.1417863944329014,0.0098446770949171,0,password
3.309174168946765,2370.207301317667,603.4795310574164,12,9,1490.8041387559388,966.259237390017,-0.4137336679498512,1,1,6,-3.4575147274094675,0.7107871233384366,3.686387138879105,0.0899500656039082,1.5962771372727695,0,injection
4.111747721083699,1411.7812561392611,48.9593684269718,9,3,1478.5578690354475,1254.175927054367,-3.0744446975179773,0,0,0,-2.024191576029338,1.5215218720773795,5.621128180589951,-0.924604912459704,-0.4323398908453237,1,normal
4.478440203852875,1055.8318151160115,424.8819467802093,3,0,2132.9916113638283,1196.7457181618431,-0.1224743950495146,0,2,6,2.91973333647904,3.986782382774909,-0.4693774526554082,0.280114572783127,-0.3316715396415875,1,normal
7.9512376244856995,249.6898536354429,236.08519711749787,0,9,1525.596508353446,2335.820323002756,-1.6188504207103254,0,1,0,-0.1865735862905879,4.603033680416914,-1.2992272787685766,0.2704548064079686,-0.8175163223858499,0,xss
0.3313580819437653,226.5339659605629,919.9023577092004,12,0,1670.5814203960638,1007.1551178502835,-0.0220884013349769,0,1,4,-1.699394892878385,1.7308092285529395,1.0989216312457235,-1.9483801937680327,1.7974645758450678,0,dos
0.7493783513169262,2468.2352587288624,279.80315019926053,6,0,2984.245239597416,336.80293196088775,-0.2809122999463329,2,0,1,0.7241015049070705,-3.464215303727972,-2.826306149229437,-0.3349681381440229,-1.263803285238199,0,ddos
2.3592304396062063,2762.113667554861,306.037816794895,9,0,4008.829183586066,1392.7785821620632,0.5308623443508651,4,0,4,-1.3996308640639203,-0.581192303251653,-1.426940002167392,5.718493725896768,0.5803023513121676,1,normal
7.421323561700998,201.06779796593065,199.0060685140226,6,6,646.8638349821149,238.0611942865155,-2.041311730004481,3,1,4,-0.9251545238912616,3.52357921598902,3.0478193373382174,-0.42841697371075,0.1624706939861299,1,normal
9.5815172381732,49.28266926857295,368.3617069015777,3,6,5115.551089236743,2514.897797079701,-4.32257727689448,0,2,0,-2.027864339029177,0.4597740997562097,-4.168392826713353,0.6351262023854966,-1.4053495391572477,1,normal
1.437273957229782,257.3027043807781,37.259544678920825,12,0,3306.720012095118,928.592711564859,1.6664190565164372,1,0,3,-0.3357479556564318,3.681521297936926,5.637960848797481,2.099761452838112,-1.3664728429999808,1,normal
3.345921236537669,1165.709288031039,65.65106551346175,0,6,168.2222568963101,2214.5168152242645,1.2315377752764476,2,2,2,0.5420674072910632,-0.8407064257922461,0.1377896150731301,0.3840886458528249,-0.3584298367910402,1,normal
11.692854687519567,2240.288367997093,225.84607335026064,0,6,81.64978232890765,888.6916543521983,3.3616961244243813,1,0,1,-3.504517264519567,-1.4632975902341836,0.5990808125356287,0.544289351183163,1.903536138686992,0,scanning
5.481943179722495,329.7368031848939,903.5252685298778,6,0,289.8529343474692,1079.188551975612,-0.8718569780722956,1,0,2,1.9007492142475324,2.9897351961568166,-0.3848298730046471,0.4776021466020008,-0.3091324273909938,1,normal
5.389997040229176,2120.714057368177,697.740340463317,9,0,1300.6313231555628,1276.565808480937,-3.453671396616558,1,0,4,0.7186408708056762,0.1900880452216271,4.004954749454948,-2.4578231028104094,0.9301995284739532,1,normal
6.530960269525993,1240.7871732387482,590.5030864374703,3,0,909.0121792129048,1509.730134533506,1.2085479130392658,0,0,3,0.2204841891732289,-3.889372840454171,4.743073823088255,-0.7671418205320795,0.0194100598289931,0,password
0.1602979931736308,927.0429415064098,101.19278851728548,6,0,184.4365825240791,254.92958552808363,-1.446615630345013,0,1,0,-2.840634539257385,4.059234239067982,0.488710961352898,-2.041689005142262,-0.7232584461428546,1,normal
2.732353672281232,105.68418561316128,166.57344841311337,9,3,2426.0609808386644,808.6816923400954,-0.2565886683247359,0,2,3,-2.0141853949281594,2.960880278689762,0.291916318837035,-1.2133687705764502,1.1131945381555843,1,normal
4.953434315399405,1018.1499085234916,204.6022227113695,0,0,34.18469492630143,650.1453643840183,1.066579026175383,0,1,0,-0.7979042255488431,-3.766534576346084,-1.2429585918529609,0.0917502364303997,0.1092041897276637,0,password
3.785273852255736,564.702788002094,74.84595091000007,0,6,339.8464423638495,29.69873209369267,0.1697452953753544,1,0,4,0.3648001163666063,0.3104336711063384,-1.6735913915917393,-0.9876379920290488,1.2139905133831668,0,ddos
0.0958180630807683,690.4399031596616,188.51389786985152,9,6,1170.456032993853,556.0101254620597,-4.897938557164613,2,1,3,-2.065391083948501,0.5130651626193745,-0.8384624323513936,-2.27228706989134,-0.0649481635310457,1,normal
2.622487285935713,917.0710238603403,453.6363097452817,0,6,756.8285328799442,691.7530431601499,2.022565004801584,1,2,1,-1.2326065074520918,-0.4007301916852782,0.2602663350134437,-1.117670922053634,-0.3976011291055061,0,xss
8.922257581353373,151.15329714279056,138.08422461750686,0,6,732.6540242203198,271.63493897655104,0.0379988478016772,0,1,2,0.4311066075758365,-3.8371456194544376,-1.7960198223402013,1.0433426323904489,0.8937334925165957,1,normal
5.602037305904839,1161.7225968547898,347.6947332877741,3,0,2269.3182484182844,2231.097997638732,-1.1167769406808692,1,2,3,-1.2936668800975342,3.849909892169121,-1.8829917461318493,2.8115877374810503,1.2427930077548746,1,normal
5.470587972262857,541.3917383843077,342.44580653852586,15,0,2107.0965935454788,771.5490969087136,1.961183357726627,3,2,3,2.9899419676339694,6.298159884626946,1.8549687343363337,0.8577778139698231,-0.2556538914401618,1,normal
3.0490532499461125,238.63905896282344,256.9769886073643,0,0,1147.434411638349,326.7941874608524,-2.185228902094967,5,0,0,-1.8950455895910845,-1.88365044711226,1.6219223532531564,-1.7960633189357522,0.318119028219268,0,ddos
8.03803052868356,866.1638806921709,599.2490431719812,0,0,1811.4178148410256,1644.9932997515305,2.423295918016008,0,2,3,-0.1950276422794408,0.6448268416182638,3.682025959001437,0.7617149836412177,0.8772670785929767,1,normal
1.3174840428124974,661.4928990093262,92.74930939273511,3,3,415.4748595233176,163.93424362547591,-2.8133124635213616,1,0,3,-1.7621757565972085,2.420389845785852,1.8949291399470287,0.0534082271698248,-0.0787781786420368,1,normal
2.231197252334611,1995.5940826200545,44.68141570080155,0,0,3091.3667543072115,2634.185238832249,0.6682178460148696,1,0,0,-0.2263796366561954,1.4636759201901908,-1.5855225786859737,5.319264754777381,-0.6648513258284626,1,normal
8.517151167722849,1195.563538702514,451.3215104591191,9,3,153.87068914972735,588.9053638032304,-1.909132083547889,2,0,0,1.061368322827201,1.68337653640463,1.638441225865516,-1.94949024081787,0.4695477586136574,1,normal
3.309163112012575,627.1984383788766,62.29144273515214,12,3,1092.3158108280002,149.9527872529513,-3.3166684891147336,0,2,3,-1.2323120371402516,2.5939883936252146,1.4368505447052986,-0.4768940037929723,1.4804784725869915,1,normal
0.8220613279653801,2848.073915746849,757.2250794160834,12,3,5297.480250045289,2680.7146882580787,-0.3534010379963943,4,2,0,1.5189124701407424,-0.0946598627476855,-4.686667376758453,2.438079583757826,0.7507977590960713,1,normal
7.729867850445986,343.29574278453987,742.4729578836078,0,0,797.1939410502156,997.0454522053332,-1.0471025195999644,4,0,5,0.6519563368856485,4.41732036675266,-1.7513244164060306,-1.744714740047701,2.1628308026117047,1,normal
4.824445287707233,132.147539966722,132.12415415411837,0,6,701.1011723685342,839.8561535207594,0.4416529707629852,0,0,1,-3.323919967911279,-3.167788942183945,4.5476454383383045,2.7010812953561274,0.1583610249593098,1,normal
9.000702919030674,221.19240806194068,867.0583831331759,0,12,1676.2709402195053,601.4334454733928,-2.188155485019212,2,0,7,-1.691675098138065,2.229849896000312,0.249353053125374,-1.8949628209131453,-0.0433704769781535,1,normal
5.07209503994337,126.91467134098144,168.53668768339642,3,9,1122.0685581059406,278.9286350084539,2.4506233189576845,0,1,3,2.5536248444248484,-0.0993311907275047,-0.4235333764230284,-2.931723024205632,-1.8766542330903049,0,backdoor
1.6077371558335185,1807.431808602164,262.5065605884898,9,6,2627.896350512867,2699.603987662902,2.175938406895847,2,2,6,1.1168930577663323,-0.5493587316675819,4.845582127599837,-0.7414570788114738,0.591487958910373,1,normal
3.693130036843965,818.4332843448984,327.2911333781592,6,6,2778.220219530921,2227.7687440802274,-0.9203888398441432,0,0,0,-2.951378121817116,2.4958129318352453,4.301411835671124,-2.9861938818148928,-1.3322436925036476,1,normal
6.314897719127366,311.9600803876868,112.68849409472637,9,0,410.5089769600008,191.7946515239257,-0.1305246531571717,0,0,1,-3.214997788563286,2.0023339421813686,-0.0747419735730574,0.7244654071348098,0.65228654945657,1,normal
3.7948663980519504,2035.1494355895868,777.1516317510973,0,3,1432.7231879003714,485.40471804364006,2.9748250175597493,1,1,0,-1.6916888013204523,1.2209699763546744,0.567090550765188,-1.3258768059124375,-0.6668747815532514,0,xss
1.3109459091026436,1363.2723881118447,107.01829340955337,0,3,1773.536516164959,54.790496185540086,2.2208491348155084,3,0,0,2.987637085312308,-1.0155591270289188,3.0214490972605743,3.117630247309051,-1.0116674180084928,1,normal
4.470206785713416,334.509422191486,358.4103313180359,9,0,1393.4149071624545,582.2164882203176,-2.99612263148488,3,0,5,0.0509753342224637,5.497029274294508,0.7768732284829014,-0.9399388932440844,0.0198438894235628,1,normal
0.9572788280081234,699.1059552882831,688.7057944573141,6,0,118.64524541015528,695.460009187729,-0.422486749072817,2,1,0,0.4353718749547799,1.8757917789000649,-0.382547153523304,-3.011061188342309,0.3059463163985138,1,normal
3.65669016188004,855.5107728655274,311.7292129827148,6,0,388.3547687596404,99.84227199752031,-2.534971244965968,0,0,1,-0.9613885772165264,-0.1142103965340646,3.0125710776813888,-1.8360947063189328,0.8718674572422851,0,password
1.0919465509345183,462.0573385647454,1265.240983998442,3,3,412.47801129683415,78.9785474446073,-1.6249747157426309,0,1,4,-0.2889398786670644,2.6682099005746087,-1.5342065271924925,-2.826247871745265,-0.4674103260170746,1,normal
5.357695745526582,70.85854494128674,515.7561875650296,3,3,504.17571912891896,97.44337002774584,0.0635263796841381,0,0,1,0.3777630445609981,0.1661406810680143,-0.4457794643623736,2.271446604518043,-0.0731381820472325,1,normal
14.13233377670464,1109.8888697316615,382.7555599685237,9,0,3121.826370880688,499.21336736774185,2.1019887194443414,2,0,1,1.0706087611200734,4.897433561457622,1.7043239510581178,-1.3831956649894417,-0.5088062653662677,1,normal
0.4819100906545547,614.5745182699864,342.26379269899155,9,3,95.2144481561309,2225.473601382601,-0.0539197632356009,0,0,4,0.2310294282913613,-1.1215064443398,3.072090709238058,1.3989476526695217,-0.7035070746897869,1,normal
1.3671238796520928,2730.327136367591,648.6756584994674,3,0,4797.615135187775,2405.622133576078,-2.7666925666373605,0,2,0,1.2897752046314916,1.0328906483850784,-1.6695626585476735,4.777235454574296,-1.3361272407328662,1,normal
6.003304546447517,1025.033993159806,1048.6484140288194,3,0,4206.110440252651,1413.14052825331,-5.044792046107447,1,1,0,-0.4662700132572063,0.5976462508630199,-3.228104746183579,-2.750006424221912,-0.0950345183600737,1,normal
3.3260827431390263,906.5479817715932,117.94504716210082,3,9,1049.3504524838393,357.24422316198684,-3.640558131987671,1,0,2,-2.4199304198968123,-2.093878622376552,1.9587892245579408,3.3711608269861983,0.9339059492538616,1,normal
1.7409232148523772,1620.4800054836055,582.2940291386882,0,0,1614.7122689666255,1630.775224164557,1.8483004573064128,1,2,3,-1.5433154009992325,-0.292622509280187,3.486041662158052,0.6952013525783878,-2.1921257748924203,1,normal
0.2849356463323258,2358.555103986306,185.0349047806197,0,0,4793.063056890765,1300.0620552268706,-1.439156986044939,1,1,2,-2.0127917074326205,-1.6370514932088802,-3.7275548269402288,1.4988520412790507,2.104440416919258,1,normal
1.3110521249618676,1317.8568796809625,208.7342514667744,3,3,4835.55249885603,1435.831328215424,4.873105329157129,0,2,0,0.062587908202482,3.224516229468854,1.208325033879338,-1.7939493478760995,1.9100068042381475,0,password
1.934577435653957,239.5255871923437,572.4244015059361,3,6,312.30052919584017,1112.7175751896243,2.7698059531841555,0,1,1,-0.8216721950685668,1.3700539758010926,-2.424360278157028,1.0453849311268433,-0.6243830111786448,0,injection
1.7408249107296212,429.619982862668,518.940452019893,9,18,1937.8975069845928,242.73151515745343,2.5417112680876706,0,2,4,3.42901242866652,0.3361749450727025,1.574489630211864,-4.041048882520297,2.085743408771436,0,dos
6.42844193830431,810.4513960129705,216.23042803849432,6,6,1981.578203039625,1083.2490921633,-5.266520126086344,5,2,6,-0.1685283730258078,2.2789462735387342,-0.8375968802335303,0.5663690184740499,1.3354061850982055,1,normal
0.6949136087894647,912.0005421525956,531.0609750168393,3,6,493.6166668846242,663.6110354630686,-0.0932146190691762,4,1,0,0.027750629400354,0.7960603698520897,-1.2462409021875105,-0.086396178411594,1.3597967066188317,1,normal
9.3822229303309,560.3429998704116,219.9782907645023,9,3,1406.653207513571,980.3212216150368,1.5088247783040771,1,2,0,2.0334266208813947,0.0585512082500592,-1.4140359485633032,-1.5426404090795678,-1.003658124674104,0,dos
9.053488929048225,766.1271217414169,976.8639684711512,12,6,328.19015574973963,138.960700008404,-3.464221570547349,4,0,0,-3.87493186570899,3.56052348473904,0.8789314904365668,-2.297150356681877,-0.2513938575460134,1,normal
1.7348373828859185,3198.402550392331,314.2504937497359,0,6,4134.588865288505,1263.7553384960197,-1.7352050169633957,2,0,3,1.6843022163281274,-4.353438923496076,-1.8032152997230864,-1.330591506664615,-1.0103228118664618,0,scanning
7.483704687961636,1988.1390625230763,636.972237063027,3,0,3039.6013173962933,1370.2665462978746,-1.8816241903571127,0,1,1,-3.160376387264705,0.6298604786573248,-0.5394524037575533,1.2947614233456306,-0.7347261975614116,1,normal
3.971455567592685,593.9506400470488,445.7451747464234,3,6,445.5346371716631,30.23284921963414,-3.4304854696604696,4,2,7,-0.3223343628511343,3.089367678689432,-0.4119662120900503,-1.402512903506927,0.3825208204749644,1,normal
1.0427050412978784,723.6087348313858,742.5525975596374,9,6,197.6171542195792,1060.0045676827665,-0.9615047941043218,2,0,1,-0.5600851834983438,-2.478507014362142,0.3854184808604681,1.178736879212019,-0.5133695616279491,1,normal
2.3734736285076594,903.6641564884688,568.0931862634869,6,6,832.0186544897343,536.9355632330496,2.8363853805920742,1,1,2,1.4946409516844603,0.4094545847346893,-1.215233764653156,1.3197461126398888,0.288761985764673,1,normal
4.20059008941973,891.0782711159688,195.9732447913964,3,0,2183.137304385331,390.7770860376337,-0.6127995823102945,2,2,5,0.9304849027126418,1.3758909073389378,0.7950576680483273,1.4370686060603703,1.2481788228299708,1,normal
1.7262360861868986,620.4567138695803,152.4392333475693,3,6,48.20286021112686,1812.7170180072324,1.502161570199267,4,2,3,0.4536252996775491,-0.2733425809209284,0.499832040217649,-0.2557183990411042,0.4238522585737402,1,normal
3.4127716474814616,1418.9733215699016,393.21336611635616,6,0,939.9313727621064,134.58613409086823,-3.690185761513254,1,0,0,0.4373559005116276,-0.5633967105530446,2.8730559169237657,-0.0786218373308869,1.9978245136302049,1,normal
1.562112309102322,865.7058049254687,297.50161570355704,6,0,710.0695680922231,1522.4761842695646,-6.025571746969001,3,0,6,0.7463664442698876,5.415898891409775,3.460419215405567,-0.203431615404623,0.0019790786432616,1,normal
7.072531645028627,388.5048698602086,453.37244141980494,0,12,1881.4828899993176,217.984799248387,2.731351482036189,0,2,2,0.2755351416630478,0.8857913540132871,-0.060347447650682,-2.54541413587052,-0.5479930263800076,0,dos
0.9891210103665604,1048.5518872066104,21.17040049835194,0,0,1635.916520785924,802.3821906975611,2.5589296054068744,0,1,1,1.0381548654655033,1.2638048935186303,2.094749173615144,0.9159195961103364,1.984841089715789,1,normal
4.800866277963914,390.9530527877084,434.0749472013021,6,6,751.4974969008341,758.9684915507574,1.736848472754059,3,1,1,1.3791891448978533,1.7524533575346095,-0.7042737838711715,-3.11256389414984,-0.1379303780749465,1,normal
11.608730932838784,1274.9184968931568,58.9293861606568,3,9,783.9485355622533,1638.207319722508,2.565841480954413,3,0,4,0.1910366149716533,1.4211202580041065,3.735645753036144,2.590057641793557,0.8929516001811252,1,normal
6.419955259442547,142.12740451542405,84.4012972615059,3,3,254.28522321160864,920.299609351016,2.224766453914132,0,0,3,4.1919329820493685,-1.366284387419901,-2.5772135791426978,-2.824279285491965,1.155642697691838,0,injection
3.4057712671160854,288.7934613168053,148.42128485974834,3,3,2172.300515343695,1098.5509303494507,-1.1456903133909,2,1,1,1.3261107714520903,-0.8745826367623921,-0.7521823260535059,4.035101895402893,1.7181570508232484,1,normal
8.07495147067985,1684.9762057940918,531.8524974313716,0,6,1057.8734589058467,1217.137489964479,-2.377343844628544,0,0,3,-0.5847112529520291,-2.523073186976857,5.247495433530715,0.3241884944983682,0.117474619428734,1,normal
5.578500504676565,2022.453077960908,430.3496735928775,6,6,728.8170715707279,1643.3773388574757,1.5818597238821348,3,2,1,0.1033980631892228,-0.4330624905949223,0.2962424159378868,-0.0936991172909722,1.7921173109199722,1,normal
2.625306146641689,566.1954677831443,309.7926116063263,3,12,468.4094769619983,230.52050985842385,-2.902751087949591,2,0,4,-0.1127506755152523,0.0201515115929327,0.0193136082163374,1.8922144576085609,0.7277124793935632,1,normal
2.4369546352422624,376.1260881629294,493.5624582084728,3,0,1008.9620180419968,191.1361884297761,2.119867892583221,2,2,0,2.3001621735360622,5.565163869344755,-1.2229641513844818,-1.3063535359748044,0.4519624767242068,1,normal
5.297041517348463,691.0928223411136,176.4044682831841,6,0,1590.10381857508,1516.9984683850028,2.418944299506298,0,2,0,1.0526966510718938,1.3718600393378206,-3.413402039786664,-4.267113341577642,-0.8047783705281001,0,xss
9.19699760230178,1100.09561592347,117.58927710886516,6,6,47.64549198480649,1693.0685051409655,-1.2941492113033428,1,0,2,-2.5055600159963154,-1.6193671568073762,2.8430778694269243,-0.2723116779611547,0.9345552469815044,1,normal
4.693927027519598,570.6611697045425,273.8673804478735,3,0,1183.765705584651,1038.495564389598,1.5972495294950375,0,2,0,1.6122825207112033,-0.8218878575536845,-1.5483757812371943,-2.2271877173233574,1.0589875891051457,0,ddos
1.6535399656542895,958.3455767891896,211.47938105846544,6,3,2233.700076366616,2006.387993919183,-2.598924632837523,0,1,0,-0.4566798306728893,2.0750014232743226,-0.0921136159651456,0.2533731253321636,-1.5831941589162342,0,ddos
0.0090253358766255,72.5127688714614,195.77148344810487,12,3,2203.2192417807805,791.8907921161845,0.8466414478621562,0,1,3,-1.315640357731173,0.7820207275122864,4.3097428627536605,2.7381125721131125,0.1640248029080653,1,normal
1.4750329267576414,954.0801599434154,1169.0194122769174,9,0,1916.2630929492952,1220.374489110883,5.425457695844967,3,0,1,3.156660998214212,3.309234835325712,-0.4248369275005825,-0.4777718065866241,0.5783958745157304,1,normal
14.838256743441288,995.2925964047234,198.78636352664648,0,3,2119.3202764566163,98.82138791466664,-1.0884212364523356,1,1,5,-0.7559672292278439,-4.6645009384563965,2.556065259427771,0.3780144037816482,0.0326342664991481,0,dos
6.5646933556249,1011.7623525283656,732.3682590057056,3,9,4681.540477446374,1314.266222438092,4.449046068468905,0,2,2,-0.3325518290985727,2.901283561087298,2.7856774254059307,-1.953096037217796,0.7729768209349043,0,password
4.6770399022196525,365.171414007528,336.3219629745166,6,6,1099.6881619137548,273.13604634365737,2.217387099417656,2,1,3,0.0162537200020123,0.4985393656709653,2.226044971491299,2.523466461941249,-0.4688518325671708,0,scanning
6.709346052178072,2116.584350442367,169.6486301806087,3,0,3472.179679232608,1092.5473673393954,-1.4292130619163317,2,2,1,-0.3836386413354384,1.7694649873921118,-1.48618937460748,2.6960634970316057,-0.5139533513763901,1,normal
4.435425493281032,836.6654689346002,707.301703023686,12,3,1352.001148393004,590.1900081488908,-3.588489012037348,2,2,2,0.062211275506568,2.7172113338272093,1.3743918178148744,2.474961862052824,0.5681839739825187,1,normal
1.49135692258717,723.8320979992712,501.2132500717876,6,6,1328.7626963080015,870.8832931473493,-2.762341132895244,0,0,2,-2.3991999538098785,3.2082528430914623,3.276709930225337,-1.0639104843559155,-1.3687094743788273,1,normal
3.4309116207839487,1841.9332421783245,243.3723687028186,3,0,2152.978522019637,2158.0328290532366,-0.0458593400354541,0,1,0,-3.5561646450704565,4.393706374016071,-1.716142900700977,2.437508959884477,0.4117038898627446,1,normal
4.123753317706351,1048.2202644583415,241.48895486314265,3,6,1995.1520165133704,20.694858936640763,-4.358093290410728,1,2,2,-0.8790201332748753,0.4875713541849414,-1.0915545268139006,-1.8047781502340217,0.4545805133269914,1,normal
9.426335996144228,673.3713549386991,108.42524783726196,0,9,1481.2010934616058,185.99616533854888,0.1661032588249751,0,0,6,-2.102558798856556,2.89421182862341,-0.1488185796454699,0.3163772261716845,0.752303807640979,1,normal
1.356460190885772,277.4650389668905,105.87009038431523,3,15,14.36215315422086,1093.898870626335,0.7406935805866925,0,1,1,-4.308331703604054,-0.0759081529367053,1.716062390775265,0.7772385554257135,0.6528757662709693,1,normal
8.061655344932234,65.53317878151876,22.56011784160417,0,0,1973.4269926040515,696.5743854090515,0.1495759546295931,2,0,0,3.562789773673675,-3.4704696958741383,-1.6941643954652643,2.480965954551581,-0.6153542537690132,0,xss
3.5315527650649403,817.5627742937319,300.8106822326153,9,0,2007.53623913462,891.9556355041035,-0.2936406423565292,3,0,0,-0.4099114749849708,-0.2439990361652679,4.532545323052438,2.491967370924711,0.4661525449184211,1,normal
2.239778314402688,659.182808599753,151.4857310291568,0,3,1260.7163295574576,743.8432595255196,0.2242637887495054,1,0,2,0.4127110078609954,-3.168726098982715,2.3727300005203578,1.4360040763755997,0.6092927731123803,0,xss
1.9270143236864088,2022.6029944320808,1406.8006200655946,3,9,1882.23745909946,2439.476916657386,-0.5082857480530345,1,0,1,-1.3973271086340724,3.171208305437257,-0.1361154522593985,0.2460989943360141,-1.978514096926325,0,injection
3.477946836104941,1680.0941163815196,417.8986637013289,0,6,2198.936383057482,454.5968926207833,-2.1855627148625647,0,2,2,-3.8275154484152942,-0.2657911229660188,2.850663056038168,0.3324299688167209,-0.597086774097282,1,normal
3.147127535869694,90.70208275272518,161.32678745636457,0,3,330.16873147029366,445.50500141842616,2.6865751096358466,0,2,0,-1.0837507702545168,0.0854759006456853,-1.5494802091961366,0.6235840958417146,0.0425074769092595,0,dos
0.3569159116341428,115.06523571911144,983.8001074319644,3,0,1295.8387946294845,195.959709512187,0.5224685175078987,0,0,0,-2.703164797279688,1.008570549334172,2.4514173415685896,-0.6537816704854345,-1.1086329684895206,0,injection
4.540483168153651,1532.276941373286,107.82362476045628,12,6,163.49373915288646,1014.350491263552,-2.3777769735385696,0,1,3,0.9687599822255988,0.0954715029089927,2.453345660670036,-2.8765473097951464,0.1064082841381945,1,normal
0.9497540714755408,1610.5601124003742,603.1788983841376,0,6,1056.4531293482244,2190.144366830796,2.2560974664753,2,1,2,0.5860100468806402,1.0154275075224044,0.697818026821419,0.0012160187381844,-2.211103978238236,1,normal
3.2692362560941293,810.978213571832,425.257401956234,0,6,3387.3180792905628,278.39998351079976,0.1912513059415326,2,1,7,-0.1527438841506192,3.2234472283445808,1.3083111087776385,-0.4356254848583322,-0.2262191523281835,1,normal
0.0597069754732112,496.0600736224407,420.4816770898569,3,6,692.7860684707531,192.83518711539983,-4.060459340934809,2,0,5,-0.4065868068862447,2.43389517877291,2.572596794902717,0.3648832100514945,-1.5287326386394018,1,normal
1.868499765341628,809.4372041844518,246.5429189524784,3,6,701.1876819851278,31.61801184026265,2.694756241174989,5,1,0,-0.4661032914801115,-0.2556668316861581,-2.067934162932361,-3.4007865204252035,1.188671641154991,0,xss
3.380659984977441,1972.7832451615725,425.33158708528697,9,0,1468.4007412760002,1121.5568184718495,-3.983552130187306,0,0,4,0.0707641295679597,-3.173421207937773,3.574610261454593,-0.6399613018150018,0.4618035199119399,1,normal
0.8238719908887803,313.5640286857664,49.37836128882058,3,3,492.3472216000672,384.18175216966864,-1.851000376598316,1,0,3,-2.0003734171768794,2.859904869368112,0.658797508878172,0.0281102446113556,0.381457540654282,1,normal
2.065374581613464,333.2709127886415,191.3035654916777,9,0,518.2704096792773,1515.2552752233344,-1.6825689322592414,1,1,1,0.078001126863306,1.4615879169830657,2.713327845184708,2.879568207337015,-0.6724335937266337,1,normal
2.6258837524040994,1595.16441008061,383.0196776720878,6,3,333.338422069842,377.3253409169743,-3.209770029255332,2,1,1,0.9147516949019654,0.9802840586555512,4.469472716383816,-1.02359651893432,-1.2038083044140453,1,normal
2.341122006735074,1142.0997732198348,309.345976971323,0,0,1163.1647498656998,1121.5348911724382,2.6832838074880865,1,2,0,2.8002307229061305,3.061337600759176,-1.1256334101666805,-0.6182103267106611,0.0354874988313173,1,normal
3.4073183141243857,473.85525504540647,215.8820635195829,12,0,757.9850889504664,918.6559435004334,0.3675442124889041,1,0,0,-3.028066703094791,1.3800897618664805,-0.6598217585895699,3.646049346441476,0.7764283848137856,1,normal
4.743100264052088,331.353352416357,116.229852428343,12,6,418.7563513071989,1829.0074268090848,-0.1223091109304375,0,0,2,0.7528469128502604,-0.3914943189806659,1.1361773043867334,1.3598874238781535,0.0837945361558426,1,normal
2.932579702071064,413.1856503434479,517.0183682402272,3,3,2255.839572551374,111.767278394847,2.9776517739327346,0,0,3,1.9338981494202525,2.669005090097971,1.1314028091178487,1.890999322789075,-0.1462177267836816,1,normal
2.181414418147373,349.7215709447887,1078.5212209216093,3,15,2409.4913024413686,1243.0796929723383,0.8543272419492467,3,1,5,-1.7879893544987209,2.222400538012663,-2.0588108004267527,-1.0565397050140766,0.0622391505243212,0,password
7.55161923507965,262.3697607229266,763.5842043431342,0,0,739.038811987622,852.6835474569152,1.0686470774830137,0,0,2,-0.5993348314500212,-1.8158085189473865,-1.8324964181715448,-2.1001280006596046,0.1671252333470601,1,normal
6.540051845032871,549.026583063457,53.25255755411949,3,3,3089.088088946235,105.9181999687436,1.618494192420108,0,0,3,1.5300748203550452,2.6830874971220435,4.805448389453326,2.3500254135513163,0.2192138997333616,1,normal
4.243316887648013,570.0580978873957,78.94006463317191,12,6,638.7101052496669,752.7949871844883,2.555795155678986,1,0,4,-0.5607146050400289,-1.074249034407194,0.0369589730238948,1.8818186508717616,0.9998968562801688,0,dos
4.344549126778736,99.7881366320239,49.475361177753605,3,6,11.357095690645364,109.11529577632412,0.5381602208469082,2,0,2,0.2846159655651692,1.0936594530811132,-0.4977289097339805,1.6774972262630805,0.0293487646333365,1,normal
9.419717446758504,81.23969594562219,760.5875609403834,9,6,2095.441679275909,577.2313604393418,1.82568477139182,0,0,5,1.836467283671555,3.147300875611906,2.0711908714014475,2.222354497679996,-0.6938201307326046,1,normal
2.3964134473278733,540.7890967678192,229.78079101243543,3,6,561.056173549561,1167.0474790163942,-0.8818832292679348,0,1,4,2.7556347776535373,-0.7126259782462119,-0.1159939628652082,3.907590735748819,1.8932830949316024,0,scanning
3.212251028119794,7.36253055817937,638.2598184632752,0,6,1072.6799406740213,460.3635201186566,-1.6798701169958783,2,2,2,-2.448362588466616,-0.975453689357612,-1.9041213883209345,-2.2507194754414384,-0.522395111421421,1,normal
3.924150656130701,1386.6063801520777,638.902749322449,0,0,2090.274798879582,1805.178349823158,-2.238147599620506,0,2,2,-1.4945540628324023,3.192627322614149,-1.4684406256351703,0.0149340739321721,-0.9738009875464156,1,normal
5.446314668117688,784.9771768558346,313.61334242260347,0,3,3718.1424459402,2073.956281987374,-1.65499681173793,1,0,0,0.543818139784999,0.713698049961139,-1.66975133974223,3.3753094544194706,-0.5704215810659138,1,normal
12.374585841217666,2607.869487216524,236.0489562627688,9,0,3969.156106870965,1133.8723704050176,-3.213436071763,2,1,4,-1.0026946913919978,0.5194905322767084,0.6175972228074142,2.776605736217124,-1.9993897897703048,1,normal
7.874841151702297,1100.7282879040324,547.9864641691836,6,9,798.557001926232,929.5420856428389,-1.0826014806084407,0,0,6,-0.1959578303945588,0.8874979975740547,-1.8763417152760449,0.1544981163963501,0.4032835034020914,1,normal
7.01634760806296,123.26716885076875,57.90457655557606,0,0,315.89506706650803,1362.328077314582,-3.126847202524531,2,0,5,-0.6151374346147294,2.742997977857205,1.0315092641811172,0.0010073719163279,0.8901825960088262,1,normal
2.660144038971481,268.10757019128795,314.90445735392655,12,3,1047.0860596651555,2010.3927282705204,0.7897570447851345,0,1,7,3.686110905297281,2.380553492253452,0.6397701644402781,3.455717999053493,-1.4486444621942816,1,normal
1.0491786391660354,1018.9919703141994,387.3413845301944,3,0,2253.542330409447,1858.9529982852744,1.7465910373313829,2,0,0,1.286872746056066,-0.4956241844913049,-0.4365039243740841,-3.706646150500106,-1.3171711555368055,0,injection
1.0609935937273718,1895.2194330243,164.9876609341254,3,9,126.06418160701811,400.5449492651039,2.659736310736068,1,2,5,-2.636558265976725,-1.5510026229851108,-2.416296996803818,0.3788649985464764,-0.973976193576206,0,injection
5.183943918224206,421.4150265856148,437.1417819838308,0,9,149.23281685466262,627.4381865498209,-1.165311607830701,1,2,2,-2.007745651152836,0.6158223105913124,2.052442035970488,-0.243638595102285,0.9144902058494764,1,normal
4.48323697389026,613.721801684763,876.2020143764621,0,0,1878.7810357660007,1519.2796817911865,-0.2849347597813257,0,1,2,0.4799820136984727,0.98162809819966,-2.0410783049122965,2.3183996258236337,1.0743382974387985,1,normal
0.5157106628749789,2305.997458477714,165.11159017191414,3,0,3659.566395696019,2504.051704952666,5.194895907935885,0,1,0,4.382149468273083,4.701364373177963,-2.5087095337125795,-3.4788917472334804,-0.6859429602914289,1,normal
1.43735535116432,944.9478734842844,1165.4279120772587,0,6,190.66794204083405,609.734934019788,-0.2352211462651545,1,2,0,0.7390704438591548,0.3419241974824145,0.9222788788043026,2.0630324581730504,-0.7475057261771922,1,normal
4.424624792986129,955.009042266294,24.169092224062634,0,6,2809.7392405574296,793.131394417351,-3.037316832296017,4,1,2,-1.179403051802688,-0.5534901583332583,0.0556640649976802,-2.317219468983996,-0.6915264509976595,0,injection
1.0278207079490806,954.6703120035188,12.93461986551137,9,9,1208.7037965618097,1601.158237758061,0.0043997117253749,2,0,2,2.4437421873469045,-2.3595104362435246,-4.402172053212987,-1.5374790409379162,-0.2934517429947225,0,password
10.164819511897058,106.35730939211096,586.8940208846766,6,0,517.4616165262466,830.170231749097,-1.4257848710699297,1,1,1,-0.733625146699488,3.2375947974838777,0.0985547268542961,1.640683982306861,0.9389310774632657,1,normal
4.102415004050886,305.37150697864246,894.8113791473796,9,6,743.4355257523018,1823.032816395812,-1.928416280636228,2,0,6,3.1387255698675345,1.826303274204271,-1.8755723601296144,2.6911085675442203,0.5965888311913442,1,normal
7.836564937533734,1859.184739955491,28.377794869148303,3,0,2930.841904680989,338.37714888882886,-3.943899005805197,2,2,4,0.9694575031785162,-2.987518949862813,4.054496789471722,-0.822021074645931,1.2696620978072024,1,normal
3.300315918446908,749.1564754153851,281.71467261287216,0,9,1199.806977187183,80.23084707290326,3.554905655743484,1,0,4,-1.0810915028876766,-0.7861466338053236,0.0459876932892682,2.904877392518003,-0.8934947080922758,0,injection
5.643489934575303,271.96134668918086,781.6203295713775,3,12,2783.464428182474,2484.9623857022325,0.4238995463577311,1,0,2,-4.437421164761694,1.8740287778596745,2.518223470649942,-2.081842428937929,-1.1797542240368832,1,normal
4.884526283646747,1050.0453600178016,223.27097563835568,3,0,5625.731704324449,1610.8097611510098,-2.345386706101083,1,0,3,-1.172481084794165,-2.0771226211702443,-4.263336999425755,2.033197713232304,-0.5117579666813794,1,normal
2.843024483823124,225.36414209332312,546.3496051098085,3,0,1511.9386880826426,175.72287648807847,3.304931722575434,0,2,0,-0.3493148788155968,0.6159397366251995,-1.1208957923378873,1.2514014128924262,-0.513188979341282,0,backdoor
6.797962789699206,849.1004953001246,617.2951243234742,9,3,1546.2227878871838,1653.2026758783863,-1.3125101901523992,2,1,1,1.3390185353024762,2.971372950497736,2.0791868374571494,-4.566683909589194,-1.33990157198325,1,normal
9.680636160460686,1423.329436978279,65.371800275403,0,3,481.1566270795308,2617.9774426801664,1.1038484130759123,1,1,7,-2.642145672703188,-4.062447364894683,2.6217022853406924,-1.978287032615532,-0.1664050777185728,1,normal
4.184063956495356,562.708010777758,344.48512077317866,9,6,387.3991251188199,683.4539914214122,-0.8364801622588043,2,0,1,-1.1829681251459607,-1.846460536264292,1.5592442108751103,2.876918835622891,0.1844256643608383,1,normal
0.5838218638093438,94.8167518461499,431.2970592597047,6,0,1222.2869749830902,168.0743756504645,-1.7456541046563,3,0,3,2.3694026462852573,2.792430522592551,0.3697196927444792,-1.6645310375649784,1.513987089709245,1,normal
8.162235012108873,2175.153935221624,575.6680798650816,0,12,2696.8301483331866,2497.007258357108,0.7535200995011055,0,2,4,-2.7452030492671105,-0.5265242386061433,-1.7781201209038031,1.5359077143608677,0.0991211403979775,0,password
2.953907574123856,1514.155229756901,293.94498607504755,6,6,2194.5074898180787,110.31979774802754,1.050224679107116,0,0,4,-0.1684398344851707,2.417760779929141,0.946393582658324,1.342908189153583,-1.6432041406435345,1,normal
4.0372696227434925,1272.9270262972998,400.0890635574399,6,0,386.5331836534504,2221.625417067622,-1.3191222057625165,1,2,3,1.0010488627007763,-0.9198158533432526,3.735180562938388,-2.658509489923543,0.6351379561486409,1,normal
8.885457653048215,62.49796298963973,241.4113742106489,9,9,604.6885876240673,275.0647641927767,1.6813577161158804,0,0,2,-0.0381656527451113,-0.027748301076121,-1.0918133001555683,0.5617909211835759,0.5734238114850827,0,dos
1.6261701304821532,2231.939323555272,638.0385543418479,0,6,2367.2975985071944,1003.3795433939416,-5.16284830035193,2,2,3,-1.717461142888108,2.8211881172420767,2.999911859423614,-2.011054181994023,1.6444683747663476,0,password
5.721911486707093,122.6068800586244,255.8741017954412,3,6,500.14204657793846,575.0691627499644,1.2183628754915168,2,2,3,0.4487324057894861,0.8967531969317368,-1.091780658473138,1.741004451477845,-1.026893597123796,0,ddos
1.0676255651980695,1499.5838652280456,736.4979182327452,15,3,3338.7513939441533,1645.1960168602436,2.784665021693109,1,0,0,1.999319635103897,3.207977417251689,1.8223582658172488,3.2161759904590754,-1.131207935407727,1,normal
3.204407704687278,1089.0081669995698,872.571953704261,0,9,1743.064871073922,1322.8416506436722,-2.1238088585972577,1,1,6,2.848873749665,0.9680809821552492,-0.7348080076008114,4.023603129645599,-0.6096542108914702,1,normal
1.4678648234387506,541.7686054539147,788.3113658564112,9,6,945.4877376003064,654.4265272548394,-0.2767816383596473,0,1,4,-0.92343414504885,1.421569911659999,-3.061399278777275,-1.4105849880718135,-0.128151746526147,1,normal
16.10477736877052,1084.7677868513658,189.9943668405297,6,3,3546.277440966908,2156.5426793547635,-1.6781193908265897,0,1,1,0.420841390176446,2.9920498952555787,-0.5883059372100072,4.191639826511901,-0.4867311206364786,1,normal
0.564349968839915,1050.1258984519914,92.97208048028774,6,9,1215.1591867590591,1351.7923043077444,-0.2820572381447793,0,1,7,1.3009630990717576,-1.0205721738441589,-3.110332009052613,2.321393414501066,-1.1477685538324172,1,normal
3.2146967194696625,555.4049657511031,1091.0746694903812,9,6,114.71868786142056,2318.992704368708,2.3879875452490174,0,1,2,3.545434732197628,-0.7210254339393389,-1.8316318443148605,-0.0651971924761622,1.6050309254353057,1,normal
2.2726704564752205,1297.544351218181,670.1809701052059,6,0,195.46347904565064,360.9697633997114,-3.312961681003557,1,0,0,0.2289297968704575,0.0249047840028091,3.723455972104333,-0.1360682010238501,0.7286013254120864,1,normal
1.2430121975620596,2298.4129672839795,153.16293918968708,3,0,3182.658847310712,401.150380352776,-3.313855161868532,0,1,4,-2.104739659960784,-3.107130866284331,2.9341915404453207,2.164603194534168,1.6021185259949535,1,normal
0.0283245299278742,1861.0555743963123,222.51291167124143,3,3,3843.304458796696,1486.7885543569105,3.099841591404762,0,0,1,4.196474103425522,4.850275208452725,-0.9978157806447088,-2.503469693462554,-0.2425186252435408,1,normal
2.354524708769576,1447.9501196043757,503.26979025019625,12,3,1174.4125589305988,46.95849053133554,-3.461018257940648,0,0,1,-0.3626716577090441,1.7250056790534716,0.5461972783825122,-1.5678566258353688,-2.658147952520587,1,normal
10.78331373578705,208.44224978231364,587.2453831154205,9,9,1548.188017684556,1398.708278669728,4.463947055923169,0,0,6,-2.2724640323809884,3.461324107775165,-2.136017226396685,2.579618924429292,0.9736079061096894,0,backdoor
3.3836561903723683,196.34875511885812,52.18415114957539,3,0,1786.9356178453306,1053.0463485526045,1.1855539907713446,0,0,3,2.695724804090684,5.049563704654901,1.8014401338143529,1.1428436193551053,-0.6905129811338946,1,normal
0.6093293310149965,535.64040512501,224.90836574079188,3,3,626.2327908564109,1255.4355104274475,-0.0300622233020912,3,1,0,-0.2298915280150315,-4.421272951133549,1.6629736291219273,2.575536113546992,-2.375846151368888,0,backdoor
3.436502153163781,880.6184164095381,457.9682582449349,3,3,3453.6294243350385,548.2909525397762,-1.1467708843965452,2,1,5,-3.2239714282150107,-2.3850905572013463,0.6834370011088748,1.8444441910062976,-0.5077604961274325,0,xss
3.237956082657872,122.06006323443796,257.59467536045224,3,3,1087.9928510974898,397.0047752433991,-1.4488421754620324,0,0,3,-2.8725168782878736,2.647104746744875,-0.5960716827061492,-2.3772833807158085,-0.8552090542535328,1,normal
2.9625023300973803,353.2463091734576,588.5815955859241,0,6,866.0908164184804,861.9175760536571,-1.6828940488858406,2,0,5,1.4871529900278957,-1.2000550167226682,-1.317214200141078,1.5303091114338234,1.3513982626608816,1,normal
3.2551867252894966,1840.0920415649136,392.3901375582493,6,3,371.51119425094674,673.1698463850169,-2.1371234128513352,1,0,3,-0.5187359234636781,-0.0248053903656086,1.7564204711015865,-1.49500648234332,-1.322406218337127,0,injection
5.846203689467771,709.3258150920053,155.29086400241712,3,0,2283.2047191181014,483.0146133350663,2.5226287210300664,0,0,0,1.2313315283963435,2.219411214747052,2.016668341283097,0.1097435631169869,-1.103780942112625,1,normal
0.3765418193115143,649.1679657705525,719.5028931070174,6,12,115.34770586546972,412.41360669908335,1.2243799588667208,5,2,6,1.4506823268068787,-0.7592353535436709,1.0317592445529955,3.006293021667078,0.811116948373424,0,backdoor
3.161681280516979,769.3324202867572,841.4491894503002,3,3,2762.321707803193,1746.6651590679817,5.183795377972193,1,0,0,1.774718371420942,0.7347763041817907,0.6745947312419295,0.334787770181984,-0.9433485453359054,1,normal
0.0964715659409303,1549.4853713242194,569.2336476672826,0,6,203.3776884089383,1299.531884109489,3.25712423818423,5,2,0,-3.813377810207372,2.9887383194790607,-1.166172964119489,-2.5272243993953216,-1.4610446057891897,0,dos
1.935600259486128,2106.264349586457,147.00515586641785,3,12,4250.826250281772,2906.2607161171222,-0.5287815186905669,1,0,4,-7.643484221121165,-1.5150984703768635,-2.250581863572311,1.79393975998105,-0.927025559028902,0,scanning
4.87151089730045,1571.7293374895442,127.21985262284376,3,0,533.7463363772721,890.0572664976812,-2.150731795085423,0,1,2,-1.6426043262800114,0.1122214371840661,3.2616793001692166,-1.3719025363477615,-0.0040406802265584,1,normal
7.444086813065393,20.53301577574196,18.264122333627515,6,0,2165.9730885345057,1238.0951123825523,2.3254127298401297,3,1,0,1.4122138939475493,0.2739389289060117,-0.078002725833336,-2.222354368822911,-1.3418521765660032,0,ddos
6.571314423790976,844.3278907107511,859.3850285263155,9,6,527.8836478285049,733.389460424705,-1.3182551544039347,0,1,0,-0.6793576302306118,-1.572599363245186,2.0204422262345085,-1.0221512394180412,0.3397288305046271,0,injection
2.4575331160248703,148.68114794006837,854.6973335867563,0,9,299.0139416145487,517.2958809505321,2.949317062217293,1,0,2,-0.2882990824048571,-1.700934669374833,-3.6084773134007015,0.4833806685043318,-1.5423403546317744,0,dos
18.89271339948937,1377.723319470642,947.071425805543,0,3,2081.546372399024,2533.786134507476,4.255988691633787,4,2,2,1.3855014743155412,5.600113808354643,-0.5344598430663345,-2.4490267012497418,-0.3001769153969579,1,normal
9.667652486364949,207.0045159500824,457.1672871594513,12,9,111.05510007223091,845.3391133049593,2.560305186282684,5,1,0,-0.9346986763809836,-0.3292906132506683,-0.0733414956280276,0.8000647627800412,-1.0595101941271,1,normal
4.179611530642223,130.37938110803827,398.50616577755744,3,0,766.1266170794223,170.61281508019846,2.902683676032673,0,0,1,2.825341459498499,2.0431764374569017,2.442751978425825,2.2711885723621754,-0.0729271544777565,1,normal
8.270628957339458,969.6419311935804,537.6572350015216,6,9,1394.2885590161136,836.7453912014371,0.1888215574368477,4,2,2,0.0313387671126812,-2.645000882744438,3.248086400150342,3.458113637865206,0.3402971988057288,1,normal
1.845263212992848,1085.1879243474737,430.64947182413016,0,0,2759.4746132214286,1695.5406786693918,-0.2567216096586959,0,1,0,-2.1867812844730405,0.9757333649173568,-2.846373995999277,1.405895016322476,-0.3924548796403367,1,normal
2.331099600204368,1349.7060794524136,1123.7332660778218,9,0,95.43527160828896,1657.3270626951144,-0.1744658193993846,1,0,4,-2.573488118177313,-0.5986527397222536,2.6354332138804706,-1.2282520299841857,-0.0393214516018686,1,normal
2.236315718569381,1500.6432657355197,403.54734285266,6,3,733.8366748622898,934.2879054846024,0.105223671938647,1,0,4,-2.003296745570707,0.8983183631797711,2.2801051302390123,0.7101363754668513,0.4051006459473451,0,password
0.3988946176329297,1011.4713652940716,454.03294837424215,0,6,475.2563201377477,127.2990177294966,-2.5449398115922817,0,1,3,0.5099900474112069,-0.7565946376416601,6.135655298476619,1.7986825173044358,0.0343720803426755,0,ddos
0.3208861444745643,245.9318143701482,297.27155654606605,0,12,148.57289585702964,309.5605258481302,-3.043927738137028,0,1,6,-3.081859413433028,1.5828048932085466,1.590880974020569,1.7251885396936422,1.3167747492227315,1,normal
2.4150871819348256,993.1702242380462,1190.917851616261,0,6,39.25045511958192,498.6352354916648,-1.953454935626696,0,1,0,-1.7937327374521743,-3.8402916167802754,2.4904107326911458,2.537238608139665,-0.1628251674290505,1,normal
0.34548525081321,671.7537839280931,884.7455240556753,9,0,3448.268131058776,1182.7565415904023,-3.528490650268964,3,2,2,1.764642720996444,5.219097536597081,0.9651064094197072,-0.1591966047058985,-1.4346159321607146,1,normal
3.7041561556648888,1437.7291730134075,337.0594630711382,9,3,768.2126189001749,1750.4783250035164,-1.447318714982894,0,1,3,-1.6957278698448095,-0.8966415752938575,1.1829754621932052,-2.374933571633616,-3.539672093906653,1,normal
9.411102097276922,392.2855667714738,298.1659225311172,9,0,1754.6077401377456,10.556615165943,1.27393151811754,1,1,2,-1.4472340810703304,-1.0683827558131862,1.5161767076945774,-1.2890180945571517,0.5199112750976815,0,backdoor
10.18695343378534,807.8003601121235,889.4521916692375,3,0,1463.9502333592372,1473.5589684645336,2.419327951051466,1,0,4,0.1237484859460062,-0.0033628632959539,4.627737709119533,1.1980978967932847,1.7796350685726974,1,normal
10.834312167102286,291.4165364714179,355.7463789777952,6,0,1211.153489072793,44.0140424225757,-0.2207557730116428,0,1,1,-4.393195982703713,0.570652249494424,-1.314575700660898,-0.3654391523858087,1.737209676961827,1,normal
0.9818017725240988,311.40997843210994,385.16187396815263,0,9,188.9542243038337,182.2611100534624,-1.3183888601484033,0,2,3,-3.054752507774789,1.2708901069579677,1.0448464633364605,0.7810461091341281,0.4993447462995929,1,normal
13.428262700684511,341.3718514929797,256.12407313138027,0,12,2080.791717348283,752.1504605817445,2.0737969404730325,0,1,4,-3.224366024254241,1.108950582595999,-0.3310403788255042,0.0331898021427963,0.7913913767060429,1,normal
0.0336280829541931,443.01407103209385,324.76971115461185,12,9,3020.2798791993887,825.1362044573319,2.6570204091878464,1,0,5,1.8715693698452724,0.5529535840149509,2.1348716832963834,-1.0745789522380862,0.2340042662870013,0,password
0.4481136477085601,786.7718790442261,973.1169189971756,3,0,1672.006778627167,201.89620542934009,1.3813969629344096,1,0,1,2.01093771784459,2.356045847477997,1.4957866103566348,0.702815768174287,-0.5539459260017099,1,normal
2.570877522219209,658.3366313675195,279.24727393988724,9,0,655.0804010914065,1628.25108584966,-0.9472156647547216,0,0,1,-4.759681445254312,0.3102361079448571,-0.254051934937014,-3.33877069143277,-0.3822240300334483,1,normal
1.5194111976561162,1501.538940617195,68.06294072192364,0,6,2032.088776221883,993.6106792849968,-1.6825851521176796,0,2,3,-2.1144717410569323,0.3261931759306504,1.7559680606267745,-0.216604696440253,-0.385084313801792,0,ddos
11.455755355847892,949.354249474546,505.2821024224546,0,18,201.8781625135324,1381.2438600338755,-2.106847762891192,1,2,1,-4.79828970425406,-0.7087170707212151,3.1598469455082405,1.1880716643919438,1.188030100472986,1,normal
3.6556720161031375,2229.2935271148585,50.84136738074396,0,6,922.4719389805268,1912.684508296176,-3.243767669362673,1,0,4,-2.95257916156934,-1.7326479682854232,6.606801029048353,-1.072994326250054,-0.6533743648364823,1,normal
3.3199938291137387,861.7530221752752,1190.7553422587027,3,3,959.88513786668,932.4544734971204,-1.1562513483090868,0,2,0,-2.257072357087878,2.987148169938409,3.0802102673895413,-1.1102626843718095,0.3244163037582976,1,normal
3.254775505465957,89.73247228081883,601.8587020183261,0,12,1226.0408123053976,901.270757901889,-1.0635233528967227,1,0,4,0.3446345991740203,1.1794115683618491,0.1538664097561037,-0.7112097693439197,0.5296009227834318,0,backdoor
0.7348653092683086,369.15407129967184,850.7137079355026,0,12,763.304947195667,1543.8889645581894,2.8960525093872924,1,0,0,-4.240304138288149,-1.2974403785931268,-2.0528450936954163,-0.5224902250682514,0.6805814076883046,1,normal
4.592548467485268,135.23173964337187,119.9268163957072,0,3,1197.73521710861,1141.257447769368,-3.719583265183735,1,0,4,-0.6955312126183976,-2.003794385304833,3.056650491351662,-2.661489240127806,-0.7944700284025746,0,dos
0.9474959575127248,1757.6863885505177,55.82312786329539,0,3,1490.933457830671,109.41686984835944,-2.215208974146668,0,1,4,1.0269496798327604,0.8490570267440352,0.2041341815511155,0.1936562085618547,0.2794843186218311,0,xss
0.4637705068677109,118.70123760263864,227.14506856002853,12,0,1975.363254529015,524.2529860939042,-0.9576026961157412,0,1,2,-1.3705437298287826,1.2238263997655752,1.8435537775318869,-3.189050817603035,1.089341411211238,0,xss
4.83678813882675,8.988666952237878,12.595315326579748,6,0,29.663653985717843,2509.1032956032745,2.547036052643904,3,1,5,-0.0215921444563043,0.8080861157227106,-2.432970205191761,3.131592312847789,-1.2642662936868403,0,backdoor
3.862319107019692,1341.7958217232865,116.75392573270672,6,6,686.8802504834528,942.6465865924378,0.1873719688077315,4,0,2,1.1168062985097995,-2.597980945248076,-2.742761165382581,-1.6007797284835936,-0.9966941845975974,0,password
5.749950725518476,1262.1668696361862,369.9615090019163,12,0,762.2362343540087,768.2709045877796,-1.625433277554022,0,0,2,-0.766453829397141,0.0248361339418832,0.2465160510334482,-1.30205867703448,0.5558993729412656,1,normal
2.434187949517858,709.0124222731771,611.4202662089489,3,6,3178.36970682852,1337.297608550556,-2.06669908805703,1,2,3,-1.3903236399511798,2.867211071451453,-0.7422787575773471,0.1730058549544413,0.0083918631242321,0,backdoor
6.358423562476313,250.39151488454613,999.8952442409354,9,6,1509.0682659685656,277.4914717345227,0.4406550895609724,2,0,4,-3.3017395081792538,1.3078547579618276,0.3591585354369198,1.1715846744470295,-1.6478008611961783,1,normal
5.894251608912043,264.3980341727813,488.7324898392978,6,0,2403.819491086824,570.6869865276317,-0.6773114537887721,1,0,4,0.9801354430495028,1.4993204034450929,0.7982381714672346,-4.406423750564204,1.828856311213936,0,injection
3.8032145677447495,329.3976503848108,622.9321077231695,9,3,1193.118148379335,1156.055839589209,-0.5245118609757748,1,0,5,0.4784198729612435,4.908709054431284,0.2647069137920426,0.7288794596994921,-0.3315813814243739,1,normal
2.879058605269579,446.0627540728043,110.7953761491247,3,3,1861.653161840292,785.9141017966455,-0.4532027543319606,2,0,0,2.039183697199001,1.4293132793962602,1.8761669971597152,-3.187080864161727,-0.6425294089911374,1,normal
1.8793138235356928,859.069358551658,579.4152984960708,6,12,1821.90006672765,1628.3548070121224,-1.7979645339094843,0,1,4,-2.6346009135721413,0.8776545174589612,1.3960202006424436,-1.1766213381745394,-0.5468432383036763,0,xss
0.4458482212854149,1143.1964392270863,986.9972467211502,3,0,1738.6969650823637,525.0260574269216,-1.046820143927604,2,0,1,-3.3287084902203663,-3.779337443004332,1.180540627470541,-0.2534990550134577,1.0160862501080676,0,xss
1.0093440890500929,198.4075218319493,117.23460407005092,3,0,1356.25429220894,934.5955153268684,-2.5184523542469432,3,2,6,1.1381877330867882,2.583073479339164,-0.0437841365602789,-0.099808354173684,0.4917312661833603,1,normal
6.952001273654661,1595.836645114042,172.0917695329097,6,3,591.5155149882698,903.2683222488698,-2.092235232231426,0,0,0,-3.246379964946698,1.5129668236525309,3.87856500218868,-0.6438501535882482,-0.7439720596758801,1,normal
3.840421236969556,1336.6591141764718,238.8393970768685,0,0,1071.5919918173493,783.4909367911222,-1.376630428928152,3,0,0,-2.085822162084793,-1.3394048987574865,3.747883988621188,-3.050108379035773,0.3752705874836622,0,xss
2.3430816976141475,685.1716571133586,859.3488895711881,3,9,739.7209756946352,1579.6222599839746,0.2627047586512718,0,1,0,-1.6962028446836666,2.553465217524964,-0.427395581911381,-0.8292596528808828,-0.753241527964244,0,injection
10.35088874215884,736.0015401484987,651.592926171503,3,9,1072.0856838131738,590.9119803305942,-0.5510181090890585,2,0,1,-1.063388520360616,-1.6354398672696668,3.1571913227330937,2.490821963821725,-0.7537672463428374,1,normal
5.7591010410432455,296.1357485331017,873.1357018812924,3,0,381.674764396515,625.6689964830929,1.8694505173857623,0,1,0,0.3943917209728631,-0.8792385789008805,-2.891063384700332,-2.1281240436426816,0.8567022972794914,0,injection
8.11745329038239,623.3406950766123,323.7446702485739,9,0,558.6533774264594,464.27123894874313,0.2223924467006999,1,0,1,1.5928605001822782,-1.4745034623432267,-0.7043060795800072,0.2768326917885735,0.9290905431963096,0,xss
9.2838592707447,1183.7842434509112,172.64009117620935,9,3,759.7347965821823,1195.2738288051148,0.4690378282920665,3,1,0,-0.6126305153907359,-1.7683640119434436,4.000982212477781,1.0263393670641956,0.6749502883685423,0,dos
0.8266685891022931,697.3369665955122,771.7746300297235,6,12,1107.3744280611877,712.2856158690525,3.0835006428449248,0,1,0,-1.992139277182985,0.067614708778898,1.5551480869901202,2.593544376377712,0.5423915008415238,0,xss
3.265627025556037,1075.822555433052,673.208478567128,0,3,1267.123095014035,855.3033098393804,-2.1609375870866177,2,0,0,0.2933648270926345,-0.6625412346938475,1.6365475303286092,-1.759698839358428,-1.3025019585337811,1,normal
2.456576556539855,89.07962442077478,983.073019935609,0,9,75.64911859661133,766.4179464442649,-3.2438526036896373,2,1,6,-0.2651134764555152,1.550584530068137,0.1789693261275622,1.878877190198137,0.4932805025082246,1,normal
10.722789567354685,88.7154528718852,400.4255771552233,3,3,4290.179751910813,214.4573739499058,3.748772085219033,1,0,1,-2.2677471736502577,2.620762568688126,0.6390842525995488,-1.5952093924416098,0.6479641495539727,0,scanning
1.7057729123915113,130.70227015529406,332.72118671905326,0,3,636.2152216091152,448.6457304096487,0.7787835106180603,1,1,1,-1.8247433732537115,1.7153680730436336,-0.6722936770158012,-2.027848983835298,1.4854401182019368,1,normal
2.7099961276041102,1053.8049534597803,573.4053983775498,6,0,887.892706519376,921.2539478987518,-1.084797686741437,4,1,3,-0.2292176385630561,0.6453693499608821,-1.9192975962775696,2.0268368334217484,-0.6317465935860394,1,normal
2.3396480189581954,1584.6000169828114,616.7336520840503,9,9,2222.5424495726047,37.28936605155264,-2.564957801750324,1,1,6,-1.845805199746935,1.8353134725835525,1.9605052257477047,-1.9363973181406755,0.3626591712184955,0,scanning
1.6204310405153306,183.6500955108208,135.79132521334623,0,6,1636.4079334737603,807.6279444573904,-0.3669122705993126,0,1,3,-2.887730451371399,2.4761135831565246,1.9383434637531447,-0.948652717803242,-2.0951985582286348,1,normal
0.5411404473293149,2093.554570564093,240.3132282055971,12,6,2374.5935989068835,234.3556457588656,-1.3017617768282868,1,0,4,0.6310634269341826,-2.018725067494569,-2.341223465965575,-2.6186276218956017,-0.4448977236066932,0,scanning
6.377431424266609,1760.0047215429372,768.8500409569929,3,0,1515.8846666571617,942.1615657524668,3.651081959374359,2,1,3,0.2847770691622253,-2.4929653257891897,1.146860747205119,2.437402248468025,0.2151242317412552,0,injection
9.260048971448562,927.8468498747146,71.38369214987145,0,0,1809.6684354557976,716.9567935986215,-0.7024484695128385,1,0,1,-1.1098382095573374,3.4475721181733183,-0.587689185460598,0.5281627019667978,-0.0197133433738478,1,normal
2.0876870767295426,1409.1601762406824,40.28776696084628,6,3,3943.8172831237794,544.7903103190395,0.3132869462311468,0,2,3,0.5539414626467037,4.304171158082402,3.23601094361668,-1.112006876345096,0.2578681489911914,1,normal
0.3862714795077301,2037.0599063726213,64.40068112529997,6,0,2509.838884924267,2487.732493579702,-1.3169899807887755,0,1,2,0.3619660924217096,3.469241338861877,-0.2245212635044589,5.573070351182524,0.5067512749417006,1,normal
6.813221751542132,1465.6151866670618,1103.4797923107274,6,6,1875.485357122897,1498.972049479513,-2.5780629719885564,1,0,4,1.1474176774842866,1.546895562718157,0.02315704836957,3.9264795633675966,-0.4498745893545228,1,normal
3.492688082994021,997.2596816222364,348.2843501792527,9,3,1288.4317313836357,118.48222195722168,-0.9986741503354052,0,0,2,-0.0782660159733394,-1.205281602828548,4.378385891707359,-0.8097147739343475,0.0422305795656163,0,xss
6.438575346555991,1025.8653220195415,436.7655127944738,0,12,2111.380467948783,535.9821118513375,-3.490682143989826,1,0,0,-0.9319978184544302,-4.571720221507534,0.2683748005843149,3.0163385472154305,0.713249432803031,1,normal
4.811047408673297,1163.8486704471995,156.43519954451824,0,6,1817.086823059779,1381.3520149823592,-0.1815153115535344,2,2,1,-0.6060953493076868,2.64305114073709,-1.7293268122375511,-1.447382265794927,0.9428890637768388,0,backdoor
2.7143875226067067,1314.9805810469647,640.2278897101012,18,0,81.786630669955,1078.372235586132,1.1478921452431,0,1,0,-3.647900145152251,4.11676953234174,0.6279905478589094,4.784857647299712,-0.0555004720748199,1,normal
1.7681507418010634,483.4488745827258,487.39874623974765,0,0,2492.387692870055,988.7323932384916,2.5083668232132545,2,1,2,-1.0787389852927138,4.233596825869745,-1.453526827869579,-4.209783815165194,-2.300943351888676,1,normal
3.8627322199886462,1836.574436525853,114.09811148999776,6,3,4093.6226323213737,2457.3997371414284,0.0119357478742674,0,1,2,-1.2936542227491334,-0.5196363090447111,-4.789840866434087,2.191986622081404,2.7822792870590414,1,normal
4.583759171252966,729.7737852600007,34.284147455252764,3,0,761.7136183513061,993.5727149373072,-0.2688104837548898,1,1,0,-0.7495013438911966,1.47057054368748,1.658317833552704,-2.171054807398733,0.4454486810931439,1,normal
1.952048955169086,56.58856438942694,235.7702114050788,6,6,1740.013379240262,339.5580510396402,-1.3365677292496636,2,0,5,0.0283541451536333,-0.7539194279507617,2.914463399322134,-0.3820451650582179,-0.0281174204325851,1,normal
1.965410676299492,1309.3073124260982,394.922269696688,6,0,1115.751416561562,478.8910175728757,1.5531280282958462,0,1,4,4.311853943885731,1.9792417075051567,-3.932886569095977,-0.4822849965225839,0.8688594078081578,1,normal
3.563267355666425,1757.923494574634,603.0349993717891,6,3,1242.460138301966,76.59279291011431,0.4762639265230336,0,0,1,-2.0920065462990696,-1.4869882238371164,1.5869105474830674,1.8344094245236933,0.3014363937194745,1,normal
2.7897133541326333,552.8886767103496,287.7022475611184,3,0,2277.07351864138,1320.894968421301,-2.982409515688931,2,0,2,0.0456931750756781,1.1438344072609503,-1.4171910728609654,-0.6969863939189789,-1.7698194713886777,1,normal
1.2656401519212563,1481.2353013986192,73.76349614781881,6,9,427.4931859333075,2176.845408971021,1.2661938694706618,1,1,0,-3.2377654480418103,3.116500248889836,1.5812289595911653,0.4735743638938967,-1.5369284294565897,0,injection
2.6287798295041687,583.2389775062222,187.2797233498277,0,0,679.393497289665,498.200907420057,-1.1691131223678,1,2,1,-0.3733597312854613,2.0979461465385363,0.5795044659248405,0.1529392329008883,-1.6732427324458523,0,injection
0.1650753747649622,503.1216648069642,214.72307393824167,3,0,2897.6465827753445,1477.5899691952973,-2.384453200277222,3,0,0,-3.6855249431051096,1.7313474918505594,-3.034945230909081,-0.605222646090533,-0.4620825637123853,1,normal
6.410303790142553,863.6274532647085,157.62101602032172,0,15,2608.861243492501,3194.5788726569444,3.447833887294883,5,2,7,-0.5325458826599452,-3.626432476809512,-1.8106642668711672,1.0900042128397622,-0.1326991251315434,1,normal
2.412728177542546,1757.957598307887,509.9879496414529,3,3,2841.725356635465,572.4809841389776,0.2635369118547432,1,0,0,0.0507189588918848,-2.697753269271526,-4.194887622177852,0.8814758984622137,0.6767605409991276,0,xss
8.359471041241537,1322.1270233081607,651.0837658472318,0,3,450.355252557594,789.3909591807419,1.4049696069999755,1,1,3,-3.4477224322171223,-0.6827283674933319,2.044472844142605,0.7675595177211911,1.140170953385243,0,xss
12.8662513053416,131.8541815144193,554.0633489157273,0,6,51.87886208820286,387.4403241080768,-0.9076689781217376,0,0,3,-1.47908872420842,-0.0405586549945264,-1.032082375161106,-0.877445213344519,0.2263445970870924,1,normal
2.135239242343836,273.70845095816287,446.1152978083871,3,0,834.3621362026643,245.78564059139856,1.0330912188204495,0,0,0,-3.231281887561063,0.2377605882185167,-2.90359460613752,0.0112499600357043,-0.1166183004809913,1,normal
5.505950195084712,1021.3664391531148,429.43031509254456,0,3,2061.6679053135776,1650.3396335809182,-1.439011965192395,1,0,3,-0.9566550696024468,-0.146374678653552,-1.9740483055917049,2.402099173281144,0.0590653530855106,1,normal
9.567592329061233,58.21334913794318,444.37627555533504,0,12,892.9031614117421,552.4284032926249,-1.076409452986799,1,0,4,-5.092412054339535,1.471050851859273,-0.4933405974652567,-0.398785852563345,0.5318641671492459,1,normal
1.7479771898464624,390.59158353289376,957.2404078358932,3,0,1709.941377540457,860.7753746258352,-0.1762350319844701,0,0,1,-1.5015221564810173,2.098661427260517,2.444963643835813,-1.5121367429382535,-0.1899176385795944,1,normal
7.494173089411412,2014.434757374533,461.2927386537664,3,12,899.0268259100424,842.2184283389921,-0.3634863530556569,2,2,4,-1.7870257501490932,-1.5820990655442595,1.069281349255334,-1.398731522465866,0.6495448430398577,0,scanning
1.2916091311647278,1693.6193153589004,20.800267752380734,3,6,1037.8907449159162,1153.8923695931996,3.58004414737082,1,1,3,-2.211524628368917,-2.2450204025858813,6.034152122719803,3.008498634871529,0.0272725711009275,0,xss
7.95148555335566,408.7162335557657,362.6435080727021,0,6,350.4795060219741,2318.564169849175,1.9096276873425864,1,1,3,0.1165301654296557,-2.734311422466289,1.4859508965477417,-0.6786855351142096,-0.1757032162878138,0,dos
0.9811663616043038,745.8980728911415,274.3183825623643,0,3,138.8989409299828,736.7859509493618,-3.6687593039846975,1,0,4,-1.8820099256242504,3.074971779668044,2.0803159392252564,0.4021765982448728,0.8852857914427058,1,normal
11.049529786840926,410.4828361474482,292.2940767835387,3,6,1492.6477437991614,841.1070957050833,3.773031165148733,1,1,0,0.9902455821378064,0.6783146308401271,2.57314698223513,2.2860284518969727,-1.0228415151236712,0,backdoor
9.69441585930191,137.80555004772177,301.1952250982871,3,9,2609.4334921801783,1479.8113563571692,-1.9771388187201453,0,0,2,-0.5046337186666763,1.4979903243756358,-1.463900072129346,-1.5616793754891145,1.4250543520776078,0,injection
7.600701068449661,762.4941582645663,416.2080002494761,3,12,759.7299094713386,1165.7881898535943,1.7829791419604402,0,0,2,-1.5567704945572765,0.9834171064117838,0.1286720352055501,0.3832404416161195,-0.8973014183428248,0,ddos
0.8159518599949389,1263.030746470221,708.5378296044642,6,0,2462.818435250934,1684.8065288098508,1.5182401374600876,0,1,1,-2.674537163949939,1.40120646837262,-2.002496833214338,4.344129061954442,-0.938864692487627,1,normal
4.272929923339401,347.7026265887434,662.2148668098961,0,0,736.2054900663549,140.490770491542,-2.058092561527209,0,0,1,0.3912211774159846,2.2075149520581023,1.94513879685516,-1.2579923023830126,1.6133874462352185,0,password
5.7117956328946216,776.1114686940689,33.02111978619952,0,3,979.978573565206,282.640039488113,-2.051315368541464,1,0,2,-1.0466725222848745,0.6100768385389581,1.710074736970232,-2.0173946780483725,0.7967128556163859,0,scanning
1.990254522721648,1233.6121193195172,114.82709423797768,12,6,4590.131566110425,2327.2329096006274,2.318840072386254,2,1,0,2.611535167700751,5.163676968284422,1.5200792620664774,0.8975346929790651,-0.5782244390839779,0,password
5.9056234288555975,1195.0164284524997,649.8802993841858,0,6,1678.0118751211105,1558.5733067266897,-2.1148778239925528,2,0,5,-1.390369076349569,0.9932532952631778,-2.224085445166818,1.3890197972900131,-0.3520874082576078,1,normal
7.358155160751687,1200.0708389748872,171.1172115084801,6,3,2465.7420139663354,1330.342724319191,-1.5327814321720692,0,0,1,0.92394358715896,-0.3517480362266836,-0.6735238310986444,4.549237913396327,0.2117478555532065,1,normal
4.417206490012879,833.7388051062369,595.9405889810259,6,3,1776.465947473051,710.9044518563986,-0.1545008782092034,3,0,0,0.0764888220486075,-1.2495200169475795,5.248666708804644,3.711079030509749,0.3826561760219358,1,normal
6.744124518363551,688.6930441938321,577.4367133608331,0,6,2629.302573467676,1627.008712249571,3.051923013990889,1,2,3,-3.2129300021694203,4.29433474498292,-1.703447164973005,-3.685029442692716,-1.249548333159426,1,normal
3.3108213237607536,1034.124346998316,7.133051002324766,0,3,976.5222800583958,445.0473428006445,1.6712759065585,1,2,0,-0.0314911287746113,0.4737958003580365,-0.640374991698555,-1.3094052023634524,0.158388314779416,0,dos
5.171356729464191,659.5136795281438,186.0420251616586,0,0,838.593464768973,374.4003528176614,0.4811660586364075,3,0,4,0.5721759736957721,1.5848584281137783,-2.631104166864436,-1.4119036061125083,-1.2913131586370925,1,normal
0.2166920355119937,172.78658447754057,554.4925142453219,3,0,3578.333844467172,1342.4698392106825,1.2208473740638617,3,1,2,-0.1739336240091531,-0.5695926368165083,2.3899920417277523,-3.999015285388959,0.2600389884871166,0,ddos
5.678385584037534,444.6794698235724,807.836752623993,3,3,1392.4508030744598,583.8588656619265,-1.2041156120741523,0,0,1,-1.7528142083556228,2.101208402965796,2.4475195519288144,-0.7571298015867721,0.5264768230283747,1,normal
2.9185158209375577,574.4252797069034,73.42308636988568,0,0,1408.0878049411583,2342.293706736164,-3.5175095954549853,4,1,2,0.6131097012385238,5.721983740762047,-0.6366631276983974,0.2666146560851534,0.9922074780233724,1,normal
6.044396085429307,273.5226927250215,587.080846862502,0,3,201.4514510318126,807.7402940903988,0.1413679352648431,2,2,0,-0.3011201053336926,-0.3752087492913742,0.4224860907165658,-1.866358547205193,2.361498109256561,1,normal
5.94641710086151,1421.6479761337878,349.10192813454483,6,6,1081.2203721755748,1120.6841863264813,-0.0897549111700695,0,2,2,0.9745216564739612,-0.3468937808147471,-0.1844466291746571,1.287674345135484,1.856453699060009,0,password
0.1980192915948417,2239.1493398443563,181.1569352464988,12,6,4874.049294877926,2425.703656954904,-1.622074051254582,0,0,4,-2.2647637276568764,2.510934750338762,-1.869261671225464,4.222025016051917,-0.8247651046368054,1,normal
2.250683125897723,1066.5558410476924,517.4165556211154,3,0,308.8132238996615,139.2667079433184,-0.0429886345169627,0,0,0,1.9341008824164048,-1.7489161314796209,-0.3175000588587171,2.4602230630965627,-0.8778155181831772,1,normal
0.4670811262216495,453.25718914611537,156.31870322602597,3,0,1436.4609788925222,853.9237673392968,3.044559078804954,0,0,2,0.7778349902667872,-1.6061800030404,3.41469723957092,1.7335485148055074,0.3701936806531838,0,backdoor
8.025727379578452,328.9889919891233,161.55197024539976,0,6,1217.440519354375,3263.845824202777,7.439632068761869,2,0,5,1.8920700271830195,-1.5715996005539348,-0.1835931425289869,0.3531450089249319,0.8008864504090786,1,normal
2.486682496921002,1010.3337110226618,224.1976789812793,9,3,765.2575331761242,578.8041722907284,-1.237937855890165,1,1,1,1.3163353298994906,-0.0142233115484859,2.3677183342518164,-0.9285350043680866,0.2166236386443786,1,normal
2.044534424342466,742.1132688061476,111.7770512038765,3,3,684.0759082353098,455.5837682022484,0.8711145185421894,1,2,3,-0.1596861464145755,0.0579478983825856,-0.5702948613612773,-2.204232361663649,-1.2625410713185532,1,normal
2.393147653966163,812.4239310112222,804.9321324271536,3,0,2890.014001834576,1116.336790208955,-1.056541239922069,0,0,1,-1.0049448534749883,1.0225497742655063,-1.7472319531812892,1.9354799655246304,-0.8314577979832691,1,normal
2.1312587663666664,72.34940566571902,823.8068174832068,6,0,661.4237800183246,1371.188810203685,-2.911461036480212,1,0,1,-1.5660925613354355,1.4621233072682809,2.401571154487888,1.4703242553665763,1.1553232461903975,0,dos
2.69087852724077,159.53708362806907,53.96326681588611,0,12,1207.5239603218558,882.3195885562136,1.1561022012730175,0,0,4,2.8057885308299824,-0.5189580163473955,0.9088977633179388,-3.474483659586606,-0.5337656213282057,0,password
5.356490832932737,869.2070010878992,246.15631869136504,0,0,172.3961367585018,800.7909041031514,-0.8225312531806774,0,1,1,-0.8397641727463456,0.2869981380715365,1.890571290366287,-1.5710571335962464,0.4510745035179661,0,backdoor
2.619119867074949,891.2124182765264,168.45589671038366,0,0,3161.153111909665,1236.7648157664823,0.3755998955294661,0,2,0,1.4383162019219264,-1.6847229705276503,-1.3388814742123625,5.176449435264456,0.0308939620975763,1,normal
8.157931609123267,99.19185935350296,395.0356151050592,6,12,1768.7540294120713,846.0244920107863,-2.9436671527115505,2,0,3,1.3585424748362755,-1.5483637305776112,0.3497669936887335,4.450129387872506,0.2321847628955894,1,normal
0.5586381774929773,1143.747541854656,488.7394792762046,0,6,2931.3503852883528,629.8385158310158,3.817943170653391,0,2,0,2.0118297778634364,1.8134531066835304,-1.344620601243897,-1.4276721833246466,0.0511660921429577,0,dos
0.7844301197677359,1735.931439853037,672.922739287007,3,0,2750.757597021743,2860.371909626964,-3.220748705853908,1,0,4,0.1358002480791167,5.548758192733609,-1.0783006628637086,3.243663036369369,2.084496702024706,1,normal
1.3865412235269092,243.21543356681363,26.451497458106395,3,9,1992.61650761666,333.9804181887976,-3.245675744557473,2,1,2,-0.7855054025964752,-2.3860032843035377,-2.601724285184561,-2.480856107974516,0.8093545259244042,1,normal
1.7348346571199138,1106.0099969856826,276.7000160287628,3,0,662.4559335550357,1731.2412460552607,3.210813491132294,3,2,3,1.572864860704464,-0.0663775616518262,-0.0599702644744579,-0.1568668926734584,0.2524133277778096,1,normal
1.8136257316016355,1131.2005999097637,25.57976410271848,12,0,4270.780288216978,355.93061039702377,2.368396948818096,0,0,4,0.3224554960839593,4.787518518595775,3.952306322254361,-0.1163476961034322,0.4347423418723632,1,normal
7.393896058934115,1224.8857604133975,138.44936783268355,9,9,1406.4340521701797,2818.913093028578,-1.521261891234481,2,0,2,-2.7106732255388883,-1.4511410840252916,4.661905313465283,-1.4843474309322822,-1.2492191048852683,1,normal
1.2927724107074652,706.8473474412152,364.9895260754181,0,0,1801.036655019568,254.61050535848423,-0.433239000615603,0,1,5,-2.895946118977453,-3.044553314800177,1.427597459786049,0.1325413842018068,0.7915447601644762,0,dos
1.3394597271217503,380.1329022995452,41.55053346855155,9,3,530.3635724231581,361.0428907148896,-0.1020422175486086,0,0,1,-1.8463754294479324,1.772806471164629,-0.820372663917696,-0.3160303441394669,-0.4083089770166861,1,normal
0.1287566153417406,802.5060727163268,554.77151437938,9,6,3274.1678021170765,2053.81225424906,-1.9579049433095863,2,2,2,0.9298106827686268,3.4075633464593995,5.108378131791364,4.34826407496399,0.8747078465466354,1,normal
10.015366791977122,2436.314675406254,520.1962564248144,9,0,3000.556715275924,1824.228385099208,-2.2365211138139136,1,2,0,-2.433667895375512,4.046607649114036,-0.553621319292994,2.2402658673004243,0.981475479196152,1,normal
9.462808207421164,218.3613114670247,161.06153656783084,9,12,563.6046557821688,669.2914704410172,0.8219142928374306,0,0,2,-0.0769039926819925,0.6924752654120927,1.6829641036877598,1.4274134591759249,1.125737870696194,0,xss
1.069309664382719,457.04777052042846,454.2380003385717,0,3,677.0359729269799,2011.9677714542488,-3.634980163413906,3,0,1,0.9904531579525296,3.280315410665944,0.718444146417984,1.641774145008142,0.1389864536851096,1,normal
8.931114348998365,915.287565921441,75.64779038538481,6,0,1870.1073101135585,178.39833565533456,-1.1161628076282064,1,1,1,-0.9356739072622328,1.1420070958540556,-0.7947857929076956,1.703955277105222,-0.7491215677044213,1,normal
13.347950520355038,1245.891639486208,42.412102920918,0,6,3221.10883165726,285.1449144974804,2.864986829454365,0,1,1,1.9068158370246988,0.999656402178849,0.2588409672133054,-0.2750411395300466,0.1380043152820723,0,injection
2.426210701251414,2350.388598892507,181.6884389494002,0,0,905.514090603434,80.65789758103922,0.1605922042552319,3,2,1,1.6743477237088915,-2.385502422825999,-2.3499064669750216,-2.731749447923104,-0.1543770958701952,0,injection
12.295649346908595,538.5830531213344,438.116670923426,3,0,1066.3893235115563,1122.8982594582983,-1.227139185088482,0,0,2,0.0185075447066398,1.781693822804228,-0.8027537378486261,2.2276279456947,-0.1574872894695305,1,normal
1.6647723725645809,479.6549284323119,747.390664973258,9,6,217.3533994768781,262.48108797080846,0.5283951102297149,2,1,1,0.6313036740575514,0.1166388412513703,-1.29525184022566,-0.4027507531723852,0.5662419268866484,0,xss
0.2847078760188082,1548.770908410446,486.9265854937773,0,0,107.1800648874626,2145.328817957337,0.9221159195022736,2,2,4,0.5067743368666429,-1.3584685522204978,0.1672916649978237,-0.9270552298474236,-0.4279490387946017,1,normal
7.284781921081734,1050.5488435852017,281.27661666061005,6,3,512.4254728647029,113.63601346445216,-4.351434862390363,0,0,2,-0.9805949477745436,1.781533463603299,4.58651222823466,0.5112580459780622,0.6127438802931182,1,normal
6.0485622591754336,857.4463730567832,163.99307927557953,0,9,984.808908186413,2483.449170821319,0.1925194216807448,0,0,2,-2.217094780892511,-0.6396553362683632,3.633040539453509,-2.665880677044716,0.8806303711197185,1,normal
3.929617255133002,771.6451981078815,354.647449853626,0,0,582.3328388422524,1075.3652244341529,-0.4269475685751694,0,0,0,-3.129176627187395,0.1459538958122401,-0.6334512016045019,-2.8227096033138404,0.0193547821180012,1,normal
7.943007782838356,1119.2705543311497,489.5439350347121,0,3,2269.059040302572,186.93287478052216,-1.9634837487077057,0,2,1,-1.6801287960042666,-1.981184417826272,-0.1093182643647632,-0.5091954109330034,-1.1601888334487145,1,normal
5.095552631797643,403.7964029281591,33.169512018848586,3,0,836.6422010292442,1400.7902252260662,-2.4065673753878185,1,0,1,0.5706881934754986,1.652850305673602,1.4366145610399177,1.7756503853660448,-1.2732660339122113,1,normal
6.058911193783281,80.19090359309456,1122.4982037998427,6,3,1281.412408366632,972.96284726155,1.5908574470288508,0,2,1,-0.0194674155573577,-0.4195239900877229,-1.7245629840814445,-2.6481794376622982,0.8239773630107351,0,password
10.43229788504949,830.0246488549899,381.7251141261808,3,18,1012.1283586730032,384.3895357007533,0.6019919555910719,0,1,5,1.7942189296551194,-0.0924578920086662,0.1099144219154628,-3.5050977550803664,-1.553339928975968,0,scanning
0.3772951512136623,44.596857122960685,199.3211223840264,6,6,2245.8193810370835,283.5676095652086,1.659243347508386,2,0,3,0.8235601037773693,4.110980378196734,2.040882301558999,0.4088948259790551,-1.32163352823743,1,normal
9.119580691322035,2080.455243605328,119.2931251610699,3,3,2869.6523230677367,1779.6283880359215,-0.5666179294833649,0,1,7,-4.6634895230414575,-4.794632699253778,2.740877900975478,-0.607416864598026,1.2358656242497623,0,ddos
6.513471732943916,719.4583383376729,690.7437464239887,3,12,732.3964690432955,471.0953167897162,2.177408508367824,0,2,3,1.728499072823115,-0.2383668302785884,0.5564607971526565,-1.95063309458942,-1.23707247802315,0,xss
3.617462466587238,378.5504150587871,693.3360451529439,3,3,1106.4623747057508,1962.3470202106507,4.783840281701113,0,1,6,3.3283816196182814,1.5203288353978963,2.186985355342678,0.1791763132523312,-1.543104014267488,1,normal
9.05270264762004,1348.8486621470051,276.2180952503029,0,3,146.46228451932356,593.5322062343007,2.350940719923701,2,1,1,-1.5895488098269248,-3.1075714000124828,0.6723088071151144,2.394883149202496,0.1203142192774796,0,dos
1.1446605382129025,899.5912307433927,1.9377309346528409,9,0,245.8979247173432,66.39428968055738,0.6356185085117617,0,2,0,1.5779955715943668,-0.9449149839188018,-2.110773412182338,0.5857005142639033,2.990757301071292,0,backdoor
7.454878137533713,434.30229894395615,65.47112208725048,3,3,71.81207367406634,273.2798946061908,-1.306504749660027,0,0,2,-1.501719351512457,2.388090401211221,-0.1200176170600348,0.0763740930633321,0.0431904839763185,1,normal
2.435616048826,1348.1701246667951,415.5287868503895,6,6,2891.617052880342,1631.1462382548686,-3.095066249792884,0,0,1,-5.000387217275463,4.246385321025866,-1.867804330658985,-1.4791610797452746,0.4921413427724628,1,normal
4.160965053373793,625.6224676779023,171.21706912193483,3,3,6.130654508878005,1352.4151371985536,-0.4164769067926219,0,0,3,-0.6666574144915121,0.6493188271800756,2.054621376768892,3.810638629553762,0.4733112083443495,1,normal
3.834772485651056,967.093257244172,366.98162975499145,6,6,2545.726430428721,89.07928653893266,1.276154576872577,0,2,4,-0.5949826351346073,3.3527637663992813,3.8780825379104105,2.4926219510819534,-0.8713912163217863,1,normal
2.411204631757127,1246.5665564282103,1031.0815112610906,0,15,2218.51218759961,1445.9497283537207,-2.0615021212132403,5,1,1,-1.2267989929998568,-2.199212747707861,-1.6044524735819283,-3.106947003073284,0.1267180452988962,1,normal
1.4362281727579231,501.442196800529,376.50549070226185,15,6,1845.0741182973293,436.60581000760914,0.6659394448180063,2,1,4,-1.4790251259493743,1.369175943671951,1.4059302115446763,4.084915077067026,0.6710592301777717,0,password
4.261486843059573,1881.2409029393948,165.56322533541316,12,0,2092.449723251865,1087.315280682478,-1.5620788152800738,0,1,0,-1.4521230880094802,2.1553459633091,0.7531566931221629,4.078533668860588,-1.2960345890633518,1,normal
8.093158466702484,359.7388499980828,156.20268224253493,3,12,49.03460436762532,1054.5295076927578,0.8488075967737444,1,0,1,0.7276286127277547,-1.7931384529509893,-1.3405652763789295,-2.401477335830268,0.4683984512086248,0,ddos
1.145537977620891,2399.538156584852,1186.9127922300622,0,12,270.53864587913034,320.99974016177225,5.231152708757034,1,1,3,-1.8449010854259624,-1.8458877561556,-2.4441304993914,1.468678034720006,-0.0165137708829935,0,injection
1.4955564578830662,812.4471655872546,501.9076702115951,0,0,773.3292073484643,605.6774652545434,-0.5379671509796056,1,0,0,-0.3464888635375839,-1.646724776421911,0.4866313087851913,1.3203413593128557,-1.1148118582100903,0,scanning
11.078525859510112,1106.8702071457844,173.7261339363048,6,6,3496.0863872840177,463.8653490428296,1.814349857168752,1,1,7,1.293312205975861,0.3345776679504105,0.3854400951872239,1.4234246221947031,-0.1278328050435785,1,normal
2.0245500108704984,569.4696125645398,618.0331093287331,6,3,609.9997050738424,597.9312446966738,-0.7501225755567842,2,1,4,-0.7635163533110512,-0.1896111888339562,-3.02978410878132,-1.2198965459687627,-0.6564573026576467,1,normal
5.763690491806277,1030.1381355611763,585.6637842325531,12,6,1087.7378192936476,3371.7997623126857,0.0089906135532036,0,0,2,-2.978189262613787,2.6608940667117613,-0.4371428563190311,1.427577550924384,1.3150303939704542,0,injection
0.9024847700397866,371.1128155906518,464.3400419896016,0,0,332.6844117385795,1300.5694620798258,-0.1152193386461113,1,2,6,-0.2504962739911799,-4.982011676421989,6.912453559294847,2.813330917650328,0.3712802353364826,0,dos
2.0222422560911126,1234.8761519991208,630.8947495570186,6,0,2588.5063272933858,1028.33187202725,0.1917266443693766,1,2,5,-0.0133530082248529,1.1969702011393302,2.6810332053798898,2.4301460259306085,-0.6668561689037474,1,normal
3.247380922920718,378.17780625804033,850.8776533087608,6,9,939.1035444302836,4.315637934173336,-4.283775231299518,0,0,6,0.7067355713637098,1.4192965732765117,3.0740607241992937,-1.008580268342523,-1.3641612579124067,0,injection
7.292312090282795,1603.3486988625928,21.6594860499034,3,0,1697.0384361815118,227.23856202427632,-1.7680685973003971,0,1,2,-2.603445654099365,-0.0734471111456929,1.7295816466988114,0.727165467745444,0.11575270309497,1,normal
2.067840273098164,745.5488688592656,173.54395496433014,12,9,217.53286502823133,337.2377371747393,0.1083624168477623,5,0,1,-0.6337638900038736,-0.53514074988833,-1.6377326090860491,0.1931578964481868,0.2770119954488487,1,normal
5.928326296264182,615.4479135015831,473.029505589388,3,0,88.62222700891739,971.7743203713758,0.4452628035077577,0,2,1,-3.5195062512145334,2.338064057395494,0.075158048778692,-2.156139706312413,-0.1916554276862777,1,normal
6.475910656690336,1755.599513567037,319.759180660783,6,3,635.2860321529799,1143.0879336323717,-1.868825891021066,1,0,3,-3.713701254931349,-0.1808757943177468,2.8838014822623363,-0.5999121227903864,-0.4892828904969404,1,normal
2.4424091461591653,254.88221119649623,980.3163549050704,0,6,678.9529168756549,778.427602663839,0.5841496185254955,1,0,5,-0.2864831940508574,2.09701722246614,-0.5250193582686097,2.4104416784324183,2.169774348542997,1,normal
3.7274062624054896,264.5457627803976,327.0142857252115,0,12,977.96972855285,134.75442202226418,-2.3917969509462846,1,0,3,-2.282301315765504,0.278143917571748,0.527599649667947,0.4022521096497857,-0.326745705970924,1,normal
7.636103999737918,495.9438499259022,50.46023555964231,0,6,2034.76168055512,662.8492963640957,0.3510933792873365,1,0,4,-1.485319583286483,2.2791352109834544,-0.1254867256644678,-1.150287066111653,1.3151013059165444,1,normal
3.846933427859332,440.5964510398617,389.4377251681345,0,3,2811.7457910390995,36.38999483697653,-1.4530182106249796,0,1,1,0.2378910341335307,-2.826407458213615,-2.0588107825725435,1.14227853560798,-0.3125880627140884,1,normal
3.852948899274677,417.8164250709228,1024.068795901721,3,9,438.6742911132546,437.9110790332097,-2.0065687122362337,0,0,2,-3.14620140461456,1.756173257968012,1.4097367670417815,-0.0772818514784388,-0.1429506981705524,1,normal
2.772457854000141,163.46465547599686,76.29526330973802,9,6,775.2647547130999,626.5431786702277,0.3927511405674236,5,0,1,1.0085161934608142,1.6126694007102342,-0.3044959122629933,0.363003852086616,0.3495998137723626,1,normal
2.09454469890044,587.0808726675331,265.07014171352927,12,0,1089.8775283368511,837.3841366448368,-1.0695917814681308,1,0,0,-0.4487802469785963,3.329566495893852,0.27197705243932,-2.503235632965544,-1.3537846869508388,1,normal
2.071123075766796,775.0346554848425,1088.4917496054536,3,0,1596.4381792659497,2415.146446282364,-0.2206423016532178,0,2,3,-0.8545385677865807,4.813392664795883,-1.928933468602232,1.7401519304370647,0.7346491747265615,1,normal
8.342753222426706,576.8721444098277,1003.9991661131396,6,3,535.0626059008649,1292.0216141354963,0.384117641098975,1,1,0,-1.6685219186238194,0.8838012450049262,0.3547614030527282,0.161579219304472,-2.026221713195964,0,ddos
4.093004958047485,278.48004185016623,646.606192646609,12,0,702.9152173664548,378.2830128727922,-1.5462094366182697,2,1,1,-1.8191166130423269,2.231848073358536,0.2743040233742657,2.1990548926368336,1.059230791749019,1,normal
1.1095695487695918,473.1634676594014,234.2468402770731,6,3,1825.3745435593264,227.94475958616687,-3.055909313278369,0,1,5,-2.2963867233596664,4.985835981304196,2.260800744966458,-0.1303146144038056,-1.0376609395073284,1,normal
4.170781671817103,2749.482033785565,813.2844308707438,3,3,4224.73488534783,3210.540255231598,0.6761771925218443,3,2,0,-2.927207774252388,4.1053983446256135,-3.85601058533406,2.593118153235062,-1.1708282147655067,1,normal
3.4053314954851728,1245.994423731002,251.4116142287088,3,3,1615.431925526144,1295.2773585360997,1.5958883963925277,0,0,1,3.057356402363261,0.9709857452237942,-0.1935936522631338,0.4388026726613683,-0.7284367133975771,1,normal
5.156950725643062,413.5879896344737,548.5995895920448,3,3,624.5818156279295,1384.9840827096057,1.449308583323507,0,0,5,4.012550721235514,2.851313051129895,-0.8017790170250818,2.953698697108693,1.167408547431534,1,normal
3.5958674085631683,67.32076866398118,944.9041403114531,3,6,34.21760178964722,357.75346265068987,-1.7921851654331262,1,0,4,-1.151856765175955,0.420200175724582,-0.9815639445817188,0.3679139378626688,0.1684985189654508,1,normal
5.109019577276123,1507.9278372114743,388.5487810579862,6,0,307.8821695364083,307.3311375976114,-2.326372252803641,2,2,0,-0.3162213314164901,1.5188387770099112,2.8473654136514703,-0.5176733581075804,-0.2290069275993413,0,scanning
0.7909594875376637,1833.361114499601,291.1846471693514,6,6,2223.5594098042297,2954.749547269415,3.572906921937814,1,0,6,1.0625416311615488,3.61070911978495,-0.4937749812728933,-4.326776492282298,-0.3344440996629993,1,normal
2.1277880250867955,1662.9891714150986,938.6583233919162,3,0,656.4114632765273,1549.0967294979102,-1.1557273484921755,0,0,2,-1.790624153325746,1.820007671755241,1.992223948679639,1.4652293692142224,0.12029438477162,0,ddos
2.116804908126113,1030.2521938134923,102.13168984882286,0,3,2869.6845240860343,2211.577956724823,-0.6004788035680211,0,0,0,-2.0402570272937925,3.181102572104055,-2.5054520712577366,1.10230907572656,-0.305343445365849,1,normal
1.264329846392637,605.6700239264815,443.3174165674854,6,3,629.5581271566738,76.94309002413215,2.7493888630485563,2,0,0,2.673394988678359,1.851316247498081,-0.3672059731048633,2.0036249762552782,-1.13987974451665,1,normal
5.473469149996207,1601.0945304503873,19.01794655875636,0,6,1309.5680516810876,1514.0727640508828,-1.8265353407762723,0,1,4,-1.045793450443664,-4.192224339997152,3.552663950738201,-0.3187335982391527,-0.1519524780582296,1,normal
5.266645663467028,286.0532135620036,721.2269851094028,0,3,1291.3449225612344,1055.232321634306,0.6077713479654231,1,1,0,-0.3509557497537933,-0.0184775488644941,0.5449114886002852,-1.5452161273609435,-1.036238189611926,0,injection
1.22612599494773,593.9549068945748,315.7904760804305,3,6,1549.8596609342271,341.2082166457756,-1.293635674035864,1,0,3,-1.3657973183154923,-0.9149701154746126,-2.257567730432018,1.1402371678690213,0.0282139263374779,1,normal
0.5635233606572636,573.3162955236943,529.8953961210016,6,12,683.6207026312422,274.79272498219564,-1.2763411534450224,0,0,5,1.56712886029059,-1.12539615599076,0.4284395109947099,2.977125274253701,0.4010540088717561,1,normal
2.6448981770373186,500.6377996924315,245.1816945415117,0,0,1321.963583441143,443.2330271837991,3.171844111961504,0,1,1,3.9455902694205554,1.712052947331562,0.1833874904370744,1.4673625580538263,0.512715139546648,1,normal
9.273367572117518,1407.7123797608608,367.8057177461348,0,3,748.2180253506187,1058.7730639311185,-1.99271311546013,0,0,1,-1.5754297895799902,2.601520427843875,2.3451935355127373,-0.0060814496611252,0.1061525888568774,0,scanning
3.356288848737407,1325.166700742276,466.6639800760388,6,3,393.33616265092047,1244.051843486772,-2.1419058221963247,0,1,1,-2.483739718764875,0.6277444029066825,2.7687205101365646,-0.8009538953849544,-0.9300865897328628,1,normal
0.4819094595576631,1036.6461643263835,154.9833665176163,3,0,3063.423101300169,914.1187065311062,6.377605787850964,0,2,1,1.5547174656727327,2.4849274896385247,2.345835489881717,1.0634080603785143,0.2563394045575466,1,normal
0.3932667709219101,1215.5767147494942,611.2346489592987,3,0,1373.9434290676909,1035.2340254158016,-0.4008866473895471,0,1,0,1.3497233037013463,2.5899931530889697,0.6598041033224884,-1.1572504571768547,-0.0249054363504128,1,normal
1.685708241689383,735.6891642836039,296.0236101262089,0,0,1447.3660212051986,1357.603757369514,1.2548396450698458,2,0,0,-2.898227777626836,-2.575618135321599,0.5758553508113154,3.9075214378561656,-0.5821948785346718,0,backdoor
4.773349313461695,1214.4781630178293,48.9357694920177,0,0,2939.7232967499426,1338.7650517720083,3.976433415267678,0,0,0,0.0620044736900908,0.4216253270616186,1.1191031805429088,-0.017148610985388,-0.1334452995460295,0,xss
2.1402375585357865,817.5945167801045,188.81822703527928,6,0,1505.5905253108797,181.6294714393472,2.364030827188831,1,1,0,1.2864385447435107,1.66635512441363,0.9341955826955616,0.1593726445452434,1.2610549939913922,1,normal
2.3927267766643707,777.767331989749,202.850632999014,0,6,88.50193542111788,467.170083681374,-1.8780862689935824,0,1,1,-3.4452242100298225,1.2603587830190446,1.2839084476413176,-0.9134693089534692,0.6230145508174865,1,normal
1.8112859638626864,845.5916478066888,1193.742108255328,6,9,800.0428174720744,90.8056734999076,0.7856170074517004,2,0,6,-1.0184188111395636,0.3037898418352415,-2.294366817405192,-0.8282539033158474,-0.588433246753095,1,normal
1.7471183641538943,300.3836783514886,312.0676767732337,15,3,2340.807575844431,1564.592856482563,2.2863855731021614,0,1,6,0.3518744543006533,1.5691215578488888,3.2228451004870866,3.812839363739191,-1.5475827965995022,1,normal
1.6773600880189934,199.1448020443915,473.1671178589671,0,0,732.6542391883348,766.2305493192035,0.6765445680347462,0,0,2,0.7943382040737057,-1.0900588741985844,2.648062999873094,-0.2289740639849318,1.186809831299333,0,dos
0.8094742892314473,1183.2579829173762,88.93886182830019,3,3,104.44052610509966,787.0831230291585,0.7559575397143504,0,0,0,0.9942413455596302,0.664378275646037,-0.8309456520816829,-0.6377229004768086,-1.2719567268361829,0,password
1.348252765082477,1199.8597907565245,707.7270055158348,6,0,241.34219952246224,363.4141815403098,-2.976974302112107,0,0,1,-2.1016612289536907,1.618895071867536,3.355553655358235,0.5804550699657642,-1.4077410819692893,1,normal
4.55962937940918,1192.1155232413466,279.9675084202823,6,3,232.1793220837841,421.8330291704468,-2.8937159197787325,1,0,0,-0.3598557612676302,1.007760359159372,3.780840736745674,0.0876293711160327,-0.0229059057728085,1,normal
10.406902705461611,204.63057898846847,423.5765311416652,3,3,1953.1449933745696,1754.7141564288856,2.1578252879298088,0,0,0,1.7631159649954422,-0.7274349464973755,0.5029983814412391,-0.5877556216660883,-1.361819579507744,0,xss
3.1303047394964816,471.1171551935079,156.92019115363863,0,3,1691.9751659408148,1594.487263114838,-2.005368881481121,1,0,7,0.7296050138003947,1.1864454334796988,3.820305839261616,4.048726727841552,0.7198861482219366,1,normal
7.746994643211467,646.3944265597335,749.5874475237791,6,12,567.0894943936029,1930.6521746387525,1.7790228645263215,3,0,2,1.7453649523145591,-2.598455279875875,-5.188359646344681,-2.3170898292970894,-1.3350021494667226,0,ddos
0.4697563692919572,673.3562661991964,144.38308268822925,0,0,927.7790874393862,1874.915016701776,2.155382335707489,0,1,1,-1.9671882287493143,3.408695177564474,-1.5405844992831916,3.9172585668420608,0.0028608171145578,1,normal
2.9534739296534336,223.9129883781685,23.05888344324753,3,3,1209.0440474836794,715.1905594592297,3.258215770345656,0,1,0,-1.7911035777515238,2.074884137826952,0.1396786278033273,1.986271689357199,-0.3873810970666867,0,dos
3.240525553220196,693.6075750154669,215.49497631999148,9,0,3556.500296030131,2164.8133202214817,2.19295409367655,2,0,0,3.622025083546827,5.853446135706378,2.7616604960811344,2.998050852347597,1.7075638928815624,1,normal
7.071461029417767,736.3256777896361,415.474157634856,0,6,1101.585690849534,378.1781306849368,-2.9605816884553544,1,1,2,-3.216607795258466,3.002091203828865,1.3904488377147433,0.1255818852949641,0.4793745434733114,1,normal
0.8242259940230348,1075.7932948867342,147.8901961590458,6,9,1355.4168952185482,2856.577439822589,-0.6600893976026158,0,0,0,-3.19245279311098,1.2182254501997778,1.2945671515809447,1.797108755855538,-1.983177843769768,0,ddos
3.6950584446974144,268.246417229298,613.7606483450749,0,3,1087.2207270285817,134.2055453697228,-0.0994269353985266,0,1,0,-1.003827657512049,-0.3843845763063434,-2.908619239764588,-0.9820609926168602,0.7752651050462303,1,normal
4.392799960694359,590.2592903269198,145.90354762061668,0,0,346.3087397415319,516.5365977705337,0.4371787861342432,0,2,0,2.794773406283973,2.536610893170871,0.4302432430813275,0.5571628966612083,-0.6168037995049857,1,normal
6.904674114636094,723.9091106516482,192.20863018599192,6,3,1411.7786276475906,2096.7858442775428,-1.2387139419075506,0,1,1,-2.0051225506583945,4.932629985495801,-1.2848631672378883,1.743772323019722,0.9408365739038702,1,normal
3.0992655294760647,2143.222877402313,111.75005998760244,6,3,1200.018255228565,176.84391639809743,-5.051959760660944,1,1,2,-3.2252499211023027,0.5730307127253319,5.767248131742851,0.8400273907402152,-0.9564969957577202,1,normal
6.355793526207826,1108.157885958026,207.63121184756835,6,0,1679.029422109429,1517.427234426413,-1.275840397431223,1,0,2,-2.390325239108935,1.5285585625922025,-1.7899109246235132,2.0576359489136844,-1.806477731087228,1,normal
4.446225562615803,682.0344866471496,346.90007358303217,3,0,904.5611037046912,1449.0682568798384,0.2472816421061205,3,1,5,0.2228184161275048,0.5857456609045106,-1.2913361336848952,0.3508065826100028,-0.295578473864756,0,xss
4.485211843826504,499.5932885268636,651.4343470267291,9,3,1182.374197542226,247.39595400125825,-2.085202443856091,4,2,6,-2.7496010574922845,5.256023690184936,0.2239397160530716,-0.3986570909577374,0.8336947664159424,1,normal
6.685818242275769,1165.034635477741,184.35725459702303,9,3,1220.1732433639193,2142.428053491112,-0.454877447403755,0,2,1,-2.196193898783612,2.5428782889513024,2.4624185777448853,-3.201107502267232,-0.6504517575875134,1,normal
1.0561316133171303,760.8446164846739,164.1369290568644,6,6,2143.482622072152,1623.4920926106429,-4.033680645281485,0,2,0,0.0510162276252093,1.4788071845597908,-0.5042498467324865,-0.6921503565264574,1.3061593051733156,0,backdoor
1.8783131475567336,289.3962716994768,236.38964477047057,0,6,1861.4889684075752,975.5924357507548,1.0325639572610217,2,2,4,-1.490599604881598,2.9626418893656417,0.0088888003072644,-2.222898445415511,-0.1113770630221916,1,normal
3.805043345084997,1235.8783663355398,340.66016414870705,12,0,1375.5589270584337,585.3427020462,-5.390818554556486,2,0,3,1.0753865883142193,4.358853126773563,3.8495969144105215,-2.511558778766106,0.6322154065795018,1,normal
1.9085086684802712,1399.8101106554054,750.4699149408266,6,0,1005.3328597225864,368.0976451313186,1.126370530965524,0,0,1,-1.4380788928133996,-0.0465640737402113,1.6992929034189108,0.2485599218140638,-0.6496879996650204,0,scanning
8.038608144078388,1179.108084531768,339.76298761081586,3,0,1070.0748933470811,427.6152374931988,2.862729842721148,0,2,1,2.762871945849592,2.0214178480618665,-1.0215939504611484,0.8010906144007492,0.2047137910841011,1,normal
4.013735321642168,72.91953630422377,468.5659911834565,0,12,460.9101473428135,1124.396332559209,0.8841580902099195,0,2,2,-4.798048312734531,1.511658614611976,-1.3326854969047357,-0.620243309299422,0.7278551550096072,1,normal
0.3068388463484326,545.4717356810789,401.1820782622456,3,6,941.5500630283328,583.5249527942361,0.7753901887260568,4,2,2,-1.186168825591572,-0.533342325152516,0.3294648212367489,-0.3209455001667307,-0.8577456561673431,0,xss
3.445303578806433,258.45560005295755,659.5243516851941,3,3,1750.9163543020718,124.92791650789144,2.022901636076521,0,1,1,0.0527754732270726,2.2265264978512143,2.828417985580137,1.790430399505186,-0.8441012901709489,1,normal
0.8837573294981129,570.3812739964535,38.54398218139468,3,0,211.74900182108587,216.1580938029757,-1.3610121305417526,2,2,1,0.0503120014727389,3.0746834359299062,0.7901451232285068,-1.8596381782526648,-0.3970854296875076,1,normal
0.3336308058494647,950.268911282664,69.49752461429794,0,6,1351.514217337714,765.5843411472828,-2.101056353834504,0,0,3,-0.8926846506111299,0.9760746332931296,-1.8403790956532584,-0.2003933511483084,1.388075487968075,1,normal
2.633219218485072,541.8916754679396,213.32933383729545,0,3,1711.1756257853103,245.7480678690125,0.0456168065039013,2,1,1,-2.787230467883046,-3.658197313207405,0.1319978000347328,1.678198767787277,-1.313398591097669,0,xss
0.8610542261671889,1512.1774555475229,108.91990306100028,3,0,3024.3387776910963,470.874271521786,-3.515603791391237,0,0,5,-2.1988159383448496,2.372222717033231,3.736172939286722,-0.2361189813067712,0.1765197691346581,1,normal
9.340840746993166,1606.526372744342,780.7428219969961,0,3,1148.9793830457943,76.65109845628427,1.1245560600338813,0,1,1,4.528911791163766,3.8185416578514575,-1.7331679433224485,-0.8198191274934794,0.6765503235124268,1,normal
2.912047415460761,518.590342710106,341.6876187868105,3,9,1507.6492558453017,818.4237582761195,2.104956524740538,3,1,0,3.8427455463494073,1.867610695507001,-2.558957030602369,1.7178949886704296,-0.1339508702514945,1,normal
3.232735323794653,1558.729289464019,296.5473740736816,3,9,3913.967152027359,709.0063776699961,3.949443843836303,0,0,0,-0.952708009077816,2.66783294407408,-0.5245530099048711,-2.2815921425402603,-0.4207778723404478,0,ddos
1.9266519341202584,132.37308497535116,479.31416418677753,6,9,465.85093214757416,303.1181433495889,1.0402570851121198,0,2,3,1.415240920634898,-1.6874229583954747,-1.357687775821323,0.2889523418603839,1.2393067363608732,0,injection
1.468275018473752,470.8931281921589,689.8312098540969,0,6,230.2781828918237,1255.0964389688522,-2.916865384297747,0,0,5,-3.609420916834532,1.4387157253918883,1.7549754459343787,2.5059254662443697,-0.2519087064616669,1,normal
3.847345880722712,1002.9948955366928,379.1760411011538,0,0,4314.203593859012,692.0864457950694,1.2924191842255806,0,0,3,2.5646655356461414,3.692048198407503,1.758531026633443,-2.083983238158273,-0.914999845793942,1,normal
1.3553966164311904,798.3931422179287,575.1496735922451,9,9,966.6532365746784,88.85485515358185,1.804866207087252,2,1,5,2.995297508834492,3.952747621545387,-3.2401813434776487,-0.0412064083346399,0.8714155273712543,1,normal
1.1270155592559297,1308.8227822387698,164.68865032755087,6,6,1849.463786230407,992.1657745134648,0.899033677675114,3,0,2,0.4397349304787203,1.0903629734085825,0.5594752230078188,-0.1349275996189316,-0.0990474615380113,1,normal
3.8338265489521457,681.446465483603,401.5778915582917,3,0,1052.4262561991134,1999.5440713001688,1.8385826653579749,0,1,1,-2.207579281595917,3.404461098000711,-2.11209224008073,2.2022026230527594,-0.7403436185229347,1,normal
2.702280663569761,568.083490596197,698.9889668194941,3,6,934.9840060523034,221.46695287366663,-0.8179756927862302,0,1,1,-3.153154595905102,0.1276546463860597,-0.3990372358942731,0.8729953259059695,-0.0129594246783102,1,normal
4.972476785360207,19.19565656658517,44.56785808931621,0,0,64.3884583965044,797.574288161592,1.4816350483542504,3,1,0,1.3034591564939575,-1.4701628851352166,-1.95202097487462,-2.9158166727712302,-0.2358171146469995,1,normal
4.578029904824613,1676.057159346561,502.4091660839613,6,0,1159.014529848694,1007.6161721101588,3.1293646594654145,0,0,0,-4.4699083648463525,-1.641743227191606,2.5581546538949125,1.5772207010379755,-0.8137070354125877,0,xss
4.342024734152326,1044.8985199439958,90.25921651908834,3,0,3593.3261670530364,1264.5535826012615,2.923415307641571,2,1,5,-0.8540493035616689,6.483621792926527,-3.015564662132704,-5.138221569065232,-1.592262711213262,1,normal
1.8147068482113424,152.42815643292195,882.7950163072073,0,9,1095.6467537371616,359.6173953165777,-0.4786798132846164,0,1,3,1.9579351680255104,0.9672062634500757,4.277150446473429,3.9312297078808767,1.876442640734477,1,normal
1.9959003035445664,2577.428892070356,236.89773986444465,0,0,2208.410734528344,139.07143453671213,1.307576772253613,3,1,4,-1.1711191043812998,2.5080247481612234,-1.5665116580824254,-1.0985224574793626,-0.1235326414835705,1,normal
3.222303779384332,482.6694856647418,424.6162320738706,3,0,1060.1567201271666,574.5993961656501,-3.673526294831378,2,2,3,-2.264544398674416,2.40845358311596,-0.5137329332115073,-1.3144569271022208,-0.0915779048672728,1,normal
5.9352548827543705,914.9549668124946,140.3598272798677,3,3,650.7111526779385,914.636296649567,-0.296452692173248,0,1,3,-2.034972228193477,1.2560296901565535,-2.6859902725340863,0.94615476962624,-0.0005822575875521,1,normal
11.50165252713223,1564.2791917871289,228.38171003946468,6,0,1081.8330697026718,151.99417116428822,-2.472728762411621,0,0,2,-1.111875836659625,0.1997273940111177,2.763739429912921,0.1583078491584686,0.2241327626904629,1,normal
9.707046395669146,1811.336127801998,39.733235690949584,3,6,343.0302718350485,1757.1311225918496,-0.3320651264279262,0,0,5,2.82390274028261,-1.797053857219978,-0.3294846033491034,-5.783970578633344,0.3378523244155117,0,backdoor
0.2675589807634746,919.4183984427932,352.6941630525418,6,0,348.3983547613937,415.62015775877927,-2.0577926309358485,3,0,0,0.0639618138839295,-3.424943210343356,6.851196535575824,2.08098432092024,1.1249732414739528,0,xss
0.9513966633085472,1003.7690065986164,12.306168878874804,3,0,1645.1177988542345,710.9973093742275,3.043822623257282,1,1,0,2.2790925463388443,2.496213928289968,0.163297370892794,-0.1334639750776529,-0.1122314669565641,1,normal
6.659476659669834,728.5234143359139,230.2010023013385,9,0,1224.6390132235072,914.7885894159448,-0.4334354990623413,1,0,0,-0.3172888136381893,1.8620655782621724,1.6818564449680575,-1.6695339052988114,-1.2074292995688998,1,normal
1.972381043269665,456.7871808334978,36.326093964771374,3,0,1558.7578590918386,262.19799544119525,-1.1133125428675068,1,1,4,1.893413467508112,1.199183767653306,1.3658054323984172,-0.0310722905525531,0.3824234237320567,0,ddos
0.5699893904698986,1288.968592212782,375.23863028691926,0,6,1131.2985357671237,235.00835902956769,-2.190915452732135,0,2,0,0.7032535190340928,-0.7799074194278275,5.045299147281788,4.930215420421932,-0.4009823892067133,1,normal
2.801919458545468,1255.350845627777,821.9984959840467,3,3,587.0328286630947,1353.109194435966,1.6520035589058866,2,2,1,0.1518571770450478,-0.0751403112290451,-0.0020397975131012,-0.1949253420445202,1.5927304399748137,1,normal
3.001947900839877,136.66587611843107,52.37451844876392,12,0,636.2699301429125,403.7902047108464,-1.5276171021045908,2,1,0,-1.460518135215885,1.4547527137795058,0.8214075349948018,2.631066534361886,0.9070349651182212,1,normal
5.672619385357027,22.35250172793968,125.53590673290648,6,9,2132.28744466374,731.2960226753503,-3.373175352668878,1,1,6,-0.3078739734992934,2.316752056172397,2.474186356101259,-0.4802039398939641,0.5106065417199138,1,normal
4.716881510190534,1891.834163889099,80.62642053668918,3,6,3588.623597563181,2970.6635541139512,0.5134561045037023,1,2,2,-3.2569744274510866,3.831315434853892,-2.2248460158686445,3.572579102435986,-0.5426569377055163,1,normal
4.809815814097757,1554.310725996329,14.74116598891754,0,6,168.97686468219294,718.947497000554,-1.2055977464894816,1,0,1,-3.491992246427831,1.2253715097995634,2.655130320014293,-2.432442829020969,0.9117641655477344,0,backdoor
2.599177000515766,381.5091917520095,873.2903844565709,0,0,1102.7209600693593,192.75676342058432,1.6784486985650413,1,1,0,-0.1924213304057132,-1.8862656124737067,-1.5277813362278163,1.994269075400548,-1.3147196634292246,0,xss
5.043167980221535,508.9807938171532,640.8770682148233,6,0,582.6848077796201,1653.866199725066,1.984194747213732,1,2,2,-0.3294690174695875,3.065151006788109,1.904630168349413,3.706360844372029,-1.5414871370780625,0,dos
3.829272278592992,845.66963425583,617.32618691376,9,3,454.6390371591969,865.3349422971164,-1.1065208448011623,1,0,2,0.1771757593911622,1.7110623602507369,1.6062513767722384,4.186327034572445,1.1229364481778137,1,normal
1.972393076856128,1906.881620877122,814.2841811683239,3,0,2115.103803101198,1132.443627694233,-1.143162614908315,0,0,5,-1.4481862331572877,-1.6043139273144231,1.642998719628906,-1.6062093984032006,0.1745686269852284,1,normal
7.314051187293452,529.8981405888441,19.40959152845521,3,0,156.02543573240257,145.2425119966309,3.191356523010845,0,0,0,1.6837666855839624,-1.4347275008536091,-2.3212696881724875,0.4549832836959671,-0.1269177081361036,0,xss
2.57590265272572,782.0610856141826,129.43971004306033,0,3,260.6930001901413,1558.9584640445037,3.300308696304696,2,0,2,3.024751141480692,0.658354155926409,-0.5603930021957342,0.7940395057496117,0.5344978051118944,1,normal
11.73672538485702,1709.7817102986407,392.8629550817568,0,0,1716.5238045707297,924.3899470746212,-0.268232543705184,3,2,5,2.3702919964414724,0.7617550550559433,-0.4852676628759549,1.5380565523144072,-0.7584517205855152,1,normal
2.450764307532197,1531.657086161051,135.4435354350454,9,0,2415.655102627246,136.51369566118797,0.1218734843780404,1,0,1,4.901491686461259,-5.5321409894033975,-1.99311500890576,-1.5858265817094668,-0.3024060212313728,0,ddos
4.66743177771062,112.7131423057902,207.4645282806304,15,3,816.9575160970005,483.342048508933,2.4143606488894847,3,0,1,0.7534085457115902,3.810323865650026,1.3720080773111896,1.533443066489401,-1.7284667975476864,1,normal
6.743347994559522,1024.412898118153,444.7024119930271,6,15,2468.3024804636225,363.40171779433217,3.2544447266539667,1,0,3,1.4680261550330616,0.518835432877599,1.1551358679340928,-1.7033943288801905,0.0765921823691466,0,backdoor
4.982638753092693,497.12620978744303,39.69539880956843,15,6,2351.034176128987,1672.8363663978794,1.2495501388239645,1,1,7,-0.0109461572398259,3.783750458651549,2.618784709754388,3.014269898425188,-3.350803487706684,1,normal
1.631594125812947,679.4038855994339,70.69668361135919,6,6,1370.9609551139938,477.9290267356225,-0.1627196452261297,3,0,3,-1.8999675064339288,0.6152638181200402,0.5836082875400459,0.5371013339745612,-0.4055557180074506,1,normal
0.8354037660984276,1033.1529346300026,246.90290845544067,0,15,3095.446580062831,713.0593135728509,0.2311872521188136,0,1,2,-6.207490129368123,5.564157787912626,0.2631120300827958,2.401355042060583,0.063799833826132,1,normal
1.996592636237532,548.2633047665486,48.228953438148544,9,0,922.487912506565,757.1937893873967,0.7591468069314664,0,0,2,-2.2913329056405143,-1.6008064706587466,0.2082110990051701,-0.4921901820098169,-0.115147642567172,0,scanning
0.2857611874828061,103.63131545233944,921.808318853246,9,6,158.38182275380538,154.2699293386528,0.8970728596842145,3,2,4,-0.3961519054988536,-1.3447528348609052,-4.258679543332843,0.606841910762214,-1.3283778417375425,0,backdoor
0.1576249016992554,139.220600315483,298.12815903142763,0,0,1023.8624013960418,529.9243698871118,-0.603631333308611,1,2,3,-3.387261059051504,-4.091346080997021,3.519372308533549,1.7916569521284722,2.072999667214694,0,password
10.116423911928472,440.4343655442803,670.7587150657929,6,0,630.3765471154883,2317.2527449046106,2.154982597047514,1,1,7,1.9085877953636423,-0.6630913128215945,0.0243121368967462,-0.8713168004434413,1.0912404077283742,1,normal
4.060673209451289,928.6461633304466,87.76614444156498,0,6,238.30560743012552,1.0085459710205098,1.600737123313979,0,0,4,-2.0331269230630915,-1.7225755878266966,1.7391384699271812,-0.0668545387569305,-0.3208868476611887,1,normal
0.6611048627075657,150.66682003685034,1158.9656766033902,0,0,1686.217420430257,981.9282690972352,-3.3424006812409592,4,1,0,-1.1523142437371687,-4.57945160856998,4.101876954839183,3.359903988197092,-0.2859300114511287,0,password
1.1701349797798242,429.6197724395701,96.92444363745028,0,0,1539.7158163647337,943.7156714744516,2.0280155098128767,0,1,1,0.9641735666718836,-0.1554911104216272,3.114140092747504,1.6995242934714243,-1.4777234730982851,1,normal
0.4293919747785591,598.5208708391262,569.5019103317732,0,0,1514.847726230381,1250.925833004526,-0.0248927753682683,0,0,3,5.102927789939743,-3.982899837240788,-1.2103393903122068,-1.758718271246849,1.2351077422747163,0,ddos
4.428621685798246,842.878051752439,191.16735124926765,0,9,2602.962409214032,249.17031677369664,3.534469718836231,2,0,1,1.6415759073912597,2.129193250289041,0.2037999427816921,-2.867873237121118,1.9730329312802304,0,backdoor
4.652711838850524,1898.0743897701425,491.7536628681278,6,0,4058.176604233942,1106.5533744599834,-2.192027306688112,0,1,1,-3.551583027363688,-6.400723708282992,3.911868281328129,1.5326399216653943,1.131545814095357,0,password
5.212229184488796,181.76931196314536,227.1720920975989,9,6,1655.0890121648677,209.589366029783,1.9234929896511128,2,0,2,-0.1877145064826828,0.5918788417686818,1.3155754929815946,1.2754326413529342,-0.0922861678937154,1,normal
1.097953976444088,1093.5273848466372,87.08923684866419,0,6,462.8623161084424,38.988136326767545,0.3914459042133662,1,1,1,-2.7925533514615406,-0.4997884417827449,-1.1651399318387732,0.8080917012076549,-0.5846305062251069,1,normal
0.2422088319112111,306.50152785279346,670.9421444129957,0,12,28.20432805963545,239.51549572803432,1.4013341830499255,1,0,3,2.001588303569297,-0.8558753230664227,-2.0105514095963013,-4.2806662966501925,0.6717748960966592,0,ddos
10.331176051098442,277.29958943259714,587.9057594399934,3,0,1533.6838239849783,1143.0644358854115,-0.1800902615132436,0,0,2,-0.1273786305164281,2.932546669523257,3.831866091025483,1.9664942755568564,-1.1937041343446502,1,normal
2.5102737801128177,1081.061654505321,6.4712798840907375,0,6,633.4370607188497,2088.606194901686,0.9883722732612044,3,0,6,-1.1088747856890455,-2.349305821198076,5.270686612327845,1.9610992999843184,0.3199000725536146,1,normal
1.7706248683470591,242.5823620814661,7.011385051659367,0,3,837.6640250137696,379.4653057659909,0.3589579623379968,2,0,1,-0.4065361874129485,-0.8726490286073771,1.2670693893050458,-0.1471441032464464,-0.3439889250795943,0,xss
2.67496815372287,370.25123426300456,612.6708795003731,0,0,23.76890101341925,82.53159168111594,-0.3477286064171104,2,0,1,-0.0256459123663135,1.292950924206769,-1.144214732842556,-1.811853340411923,-0.640503176314806,1,normal
1.362686597567329,1144.5009437867104,308.23121933363444,0,3,1819.7929430467475,1152.4867602416443,2.208504709260169,0,1,1,2.5884799144052426,2.248803747377667,1.2807769090043402,-0.3442949171295297,-0.3341087897016513,1,normal
5.337470164902294,1448.2565424379509,506.3205896774601,6,0,2263.8097893893773,1242.8342805881236,-1.18540904204456,1,1,5,2.4917081531075604,-4.461919142398056,0.9916901872643816,-0.560813361069276,0.789175215116833,1,normal
8.10981478168897,611.8838472423702,440.89505515138194,3,3,323.6451048407856,1466.124059228907,1.0854214664327315,0,0,5,1.3244784643083067,-2.0105411119811234,0.3163562213989936,-2.191549197649709,1.4635270579601716,0,xss
2.2887589706300817,346.5770335863675,223.89811734551984,3,3,1109.3950577601577,491.0004665941704,-0.5723742790529017,3,0,0,-1.7339069204766284,-0.0634450815528786,1.93426181653128,-3.925763257431446,0.8060228828560675,0,xss
7.508238014217175,41.67949110764491,407.3917911450934,0,0,1487.7524706672743,1506.448348399509,1.4105684242510783,0,1,0,-1.5657738308839184,1.4804529905906296,-0.0007890328912272,-3.7019315859976754,0.3647533018058794,1,normal
0.2468793094507965,1021.8910597917152,542.0225848222884,0,0,418.02594117047767,1094.0051314402915,0.2822546722424783,0,0,3,0.7433800242366257,-1.211925464901107,1.936054413831068,1.6373775420707808,1.308249969306141,1,normal
1.893243259087324,2264.1398946109907,732.1144067899966,0,0,3708.441690331984,1536.876650446969,-0.1170495496478971,3,1,2,-1.8748175007108905,1.1833539362726515,-2.4226980721453373,2.102473030271592,1.242560817958139,1,normal
2.554693109129901,1043.0017806698063,333.4335776815348,0,3,532.5163084677259,511.0113318089768,2.0810877506980745,0,0,2,1.525333529111876,-0.3762923265762224,0.3087618465769703,-1.0809823369912193,0.6040924405435241,0,dos
3.6224128592611615,122.64317654313224,779.6742077656105,0,0,967.9767285985548,2258.917485030743,-0.8164675312163192,3,1,4,0.5156499361668319,3.175963639259483,-0.9481702256134326,3.4995600291528595,-0.3483983324479652,1,normal
6.915593572666635,1616.0600553481247,971.0207576967914,3,0,1560.0809127655289,919.3668952098412,2.2440840998102827,2,0,2,-2.959196732244361,0.649041664188412,-0.6581510547245079,3.80449962855038,1.2319563783010736,1,normal
2.025402493117952,628.7908480635805,246.77098845512205,3,0,229.52014971917967,825.4760115925747,-2.216220131547809,2,0,0,2.0127197100404635,-0.4846886187577983,1.408734072353751,-2.245370280724796,-0.0821606833263757,1,normal
7.528596020195419,632.9689530329866,183.69454251517263,9,6,3427.3327876122407,1939.7126171628404,-1.668362060797782,1,0,2,-1.067519438271339,2.611385283684068,-0.8357638688196936,3.575524666289458,-1.6432535587606405,1,normal
5.745342504355271,353.87209153457445,662.3384228093439,12,9,388.91023957936096,303.8536288679624,0.2248437409525246,3,0,2,0.7067886973853099,-0.5168787817585754,0.9593864030489304,2.848176412543367,0.9472184189060904,1,normal
1.0882683615226334,2514.6746090112147,222.66006436245368,9,3,3844.1137946777344,2822.4476852794355,-2.101183671586992,0,1,0,-1.4884444427872734,4.203943892581813,-0.9787315771084544,4.671652534359431,-1.8782321896154803,1,normal
0.3744482211249995,385.44951575510487,605.0594813740857,0,6,293.31002818779507,813.194505221259,-2.308239784944665,1,2,4,-2.948487094062255,4.14355460870987,0.0628589243830854,0.2241295734437278,1.0415576269098632,1,normal
9.402446495858165,883.5062732952262,563.7209532643045,3,3,912.9865502384458,660.9020449479652,1.988156158739062,2,0,2,2.710451734976544,3.786307784798359,0.4277848698128466,-0.8506666832700025,-0.2797651694745217,1,normal
8.518177139388388,1058.3099597138994,56.93461778209298,6,3,992.144364232718,2855.691571351311,2.8027845141112344,1,2,6,3.729013482126949,-1.896823961829125,-0.433446972844242,0.8094516664505416,-0.9326079510392092,1,normal
0.1877042866554572,24.16204788580023,37.50383374128047,9,3,1532.951605230693,583.8467903818431,3.1383748870044523,1,0,3,-2.158904181865044,0.215957122527248,0.8110141376642972,1.629398753412266,1.1342991684105477,0,dos
0.5856995693306961,900.6565838763456,670.2320324280838,9,6,851.5652506890541,1832.813539853444,-0.5602457307766437,2,0,0,1.7514111044523526,-3.213527819651568,-1.8240708186836152,-1.8227840338094303,1.1120206985735424,0,scanning
4.740941646967563,901.8774310942184,217.6671090991024,6,0,1645.6034948930865,1556.4013363363215,-1.4764547411782103,0,1,4,0.0817363813973302,4.5957396840530205,3.6458308677056266,1.894744434032452,-1.3660858527236748,1,normal
10.004813639821805,316.3778317219007,18.73175781056283,3,3,835.5904811844889,429.9696890992289,-3.9341239435085926,2,0,2,2.2121306043310787,1.179046077501206,0.907909888163305,-0.1556682081919318,0.8200094183514307,1,normal
0.5058800673114925,1375.5696102700842,411.78532708278186,0,0,510.0747730169256,296.0976391831127,-3.129006638898452,0,0,0,-2.200394339542238,1.571685877708321,4.525334684262807,-1.9428810687179725,-0.463560128338836,0,injection
2.419177928332444,20.3812120268545,445.5711477759415,0,6,351.44966803659264,1739.4067913508404,0.8899999565431915,1,2,0,-0.5795840536364439,-0.4747355290013988,-0.9717136208639764,-3.246516279089742,-0.6634379308164496,1,normal
0.0603396028990604,804.1066521755048,137.1393857105313,0,3,277.10983613432285,1332.2352298452097,-0.693905253105738,1,0,4,-0.8785700560416013,2.9487061746746352,-0.5126576026957673,2.096279153710598,0.9257582232448384,1,normal
8.108429759658414,2302.367739479721,205.9684292927005,6,3,493.0009932336943,2266.811332782083,-1.471464673282186,1,0,0,-4.825727858330396,3.984553750585856,2.795380431566424,0.0162009676897791,-0.2017555667041817,0,backdoor
1.9431807470427152,239.12454189623668,557.7361761530929,3,6,1382.548256286753,775.2333989978225,2.033271462529206,0,0,0,-0.535588654360823,0.6156975615099372,-0.1501358419382004,1.239647305123069,0.6099329656232064,0,ddos
1.404360776864087,810.117139378429,56.23133229270048,3,3,1095.821224655532,2231.398431132739,1.5922995089670178,0,2,3,1.668744623563936,-1.075206102961208,2.7939174062946224,1.0024229916149765,-0.1622966885951712,1,normal
0.3670066436616346,723.5255217850679,350.0780167818494,3,9,4108.391114801399,1019.8160470169652,-2.7417358258691253,2,2,4,-1.966604081174041,6.739900116163012,2.995993839688266,1.5608579125241178,-0.7313885012818289,1,normal
1.0978058358375655,861.7897959412803,237.0882897784905,0,0,520.0376068735269,1398.1189631768996,-2.543760542301424,3,1,1,-0.7485537169076184,-0.7376988212982909,2.927799204296689,-4.8005494537619855,1.0971114520133425,0,xss
9.19016098745974,1832.1098622071024,487.47254024988734,3,0,2847.216001670726,2560.2097112341726,-1.309433042655901,0,1,3,0.172246207809374,2.904618053421672,-1.961001838941908,3.0651396764945416,1.2509535003981127,1,normal
5.760943229834975,600.8625244164141,239.54569480177648,3,3,878.4587545389577,1335.8350838232554,-1.801182457599416,1,1,4,-0.4279361143363693,4.008953991042463,-1.2259284537933508,1.2799683552809389,1.7500016796916509,1,normal
5.800530301054371,1404.382832380473,32.110807440217414,9,12,999.9087101087316,278.7165491978636,3.1199360598626726,2,0,6,0.5193112609533654,1.3031348969665226,-1.067181366977365,0.5142652804792216,1.142319000419027,0,backdoor
7.963717864420409,1354.689172974326,235.9472363435112,3,0,1348.3368452703178,1450.3848291805773,1.4103056334047042,0,1,1,1.3007727326161105,0.4383466925708768,0.826058966876648,-0.2833336929369079,1.0619486517774492,1,normal
0.0531953206468678,387.55919136679074,196.14395706502407,0,3,1443.3523518172751,2170.3092423897265,-0.4570077526718955,1,2,2,-2.4611337861002944,4.909013370704186,-2.163724545187524,1.1398053182435568,-1.0249734149392478,1,normal
1.6050331845412156,1036.4563251397012,6.311145182770757,9,0,562.9787092996701,927.6273224335054,-1.751374234791502,1,1,2,-1.821445492190247,3.59421525785583,1.0265145952524557,1.8962108306466936,-0.1739401346846494,1,normal
4.437854500960577,80.13917944553172,709.2817412864629,0,3,457.23757343189993,98.28325964740826,-0.9137243169716084,1,0,1,0.7844351631838377,-1.3011515333165231,0.7408654958962184,2.3183183906505547,1.315924413226877,1,normal
0.0686561069526468,489.10652622843867,1058.471549332244,0,9,472.3363017029984,979.791609542126,-0.6678752536482793,1,0,0,1.957395047117532,-1.7602298333124409,3.5537362868932982,4.375158614538189,1.814607110285664,1,normal
3.097408641037936,65.03569772508943,584.2310610501736,0,0,645.2793689338095,2398.0140393396928,6.154739556189013,2,1,5,3.850371015101162,0.659673361751312,-0.5226669193822147,0.217468470184255,-0.8245558900459692,1,normal
4.272423488174151,115.5905127488468,532.7635226698303,0,0,2446.45073315864,139.32987652537915,-2.962446251386832,1,2,0,-0.0696282285063321,-1.0359289505349956,-2.3619378205057684,-1.5953882053910615,-0.635109838209993,1,normal
4.679919128946104,469.2622392007935,17.346179687024083,0,3,2231.822430733943,177.3235409656697,-1.2331344050632296,0,0,0,-2.7495840395197284,0.873872273091721,-2.3883593045414013,-1.2108146023063904,1.4758896262797154,0,password
4.200458965237513,41.68030607373918,504.8088922560689,0,3,1652.6746267615,1400.5328748234165,-0.2930141758712238,3,0,1,1.9853371623831964,-0.6640238914796384,1.9038592410786863,-3.00057175915939,-0.2114872300488781,1,normal
0.616776198896173,1140.0254052213868,340.6788803994121,3,0,1514.9778518038806,236.48162578834496,2.664384113931124,0,2,0,1.2038613896176282,1.912740383563149,1.67314439239667,1.0408052916216743,-1.115763217255306,1,normal
5.307887262318186,548.3989366901378,306.978040132243,9,3,863.9638405593549,1396.066356285874,-0.4311192427195,2,0,1,2.658086289649312,-0.257009632559116,-0.0935257811339611,-3.597585766091038,0.7359434872509858,1,normal
4.090890543078627,1106.5506926302844,163.38128848136645,6,0,2352.1039944780955,48.550874906035496,2.248558515108716,2,1,2,-1.936364960959944,0.5951578874965254,1.3391790352423096,-3.013769146300264,0.0881701095982401,0,scanning
1.0529812121707351,1340.423374952723,439.2252775409247,6,6,1144.2456425587811,39.28673347681087,-1.3341295575919838,1,0,1,-0.7169250844926087,0.5266830288538903,-0.4452853645889514,1.8176306694355733,-0.2934377369501824,1,normal
1.8270986722723144,788.8123559144185,581.5016530363915,9,6,1469.947622737523,1096.4525987776412,-1.6231157457589307,1,2,6,-1.026667078626767,0.4823333829559459,1.935271788324615,2.2107754174418783,-0.0123819323125744,1,normal
3.225665747580711,591.1240122017036,441.7766098083967,3,3,734.6855055763793,292.6931180632021,1.8477045903101383,0,2,0,-0.3815137029808564,0.9559001217879366,-2.1762279711363,-0.90851260426717,0.2545455941016773,0,backdoor
7.30033766062604,974.532329085091,532.773970364489,0,9,159.98171599624038,1811.1819254284392,0.0007047992871012,3,2,0,2.822207764491805,0.4730941368838454,-1.2607562010073512,-0.0133406649270939,-1.7883557603611522,1,normal
0.0874560233797499,1398.9800260458308,702.5909384595516,9,0,284.99763461883254,572.1270714153094,-2.100161439726504,0,1,2,-1.743938226657244,0.735209754604746,3.1416123337924406,-0.4018167178844609,-0.3676700078734668,1,normal
6.147914999868092,114.54555922348064,18.50157848578017,3,3,637.0966033345841,815.2028628198245,3.5222543100332606,0,0,2,1.727208549945028,0.0363447538025727,3.65484225489454,3.163880508846922,-1.035256698902189,1,normal
7.141852425411209,309.28205548685804,354.7446803653401,0,0,1308.995826395936,786.260621629852,2.811028897053624,0,0,3,-3.658605140773414,-0.6518091117026417,-2.635160707209546,-1.6473475353150904,0.9235373745892748,1,normal
2.6805108632061145,2339.4966717105976,70.37040593821716,3,9,6114.897278337913,1324.1909990204588,-2.313881160351116,2,1,5,5.531506841786799,-6.229334885958656,-3.923392503043109,-1.2267613786959553,-1.6303732016196315,0,xss
4.581761451995781,1813.471897303312,911.6009369465852,6,12,2016.0346390388845,52.94343280039001,0.6542856135327069,4,0,7,-1.241905997998208,-0.0204954987983989,2.801629783532875,0.2950089529234956,0.3281927790222324,0,password
9.06782237093535,936.2840398681813,461.4990971925898,0,3,1303.736875330936,1316.8906618670208,0.2799724715882044,0,0,3,-2.072948519666843,-1.0561692374299982,-0.1004696332528163,-2.117945013292895,1.073653254170172,1,normal
7.687349682671503,531.67770594658,345.5968199750096,9,3,1515.0195250983695,1728.9311896765191,1.2017942675632003,1,1,2,1.9369867020889768,-0.9098019560982884,0.4806862496625779,-1.9951483573032511,-0.6030505118454699,0,ddos
3.855721440836191,1638.168078739215,533.1573549573304,6,3,1833.4903111708984,2482.302466600316,1.6073987654490554,0,1,3,-0.5594548293004706,-1.250418435288868,2.1051950166512583,-0.2175420610408396,0.6598703031521873,1,normal
2.1938058978134327,174.1954602934292,33.080188422081534,15,15,350.06111882371897,531.9215488809992,0.8964647122135725,4,2,5,1.8007908862311914,1.0214489387504513,-0.1315679606023323,3.928027045350146,-0.3277628898522862,1,normal
3.982345323527064,359.9456046577632,24.48069983716459,6,12,5.458524955494848,280.25585651664096,1.767333606984419,3,1,2,0.2719218709919746,0.8319496283886689,-0.6448319861001075,1.923659870338384,2.2150840854685128,1,normal
1.958463105063856,1713.337290793929,69.98497610849446,6,0,1607.175296712055,1241.0554322984772,-0.824631334021791,0,2,5,-1.521498046131471,-1.6711795150735098,1.6964662304915692,-1.7405966353220768,-0.256543581388615,1,normal
3.672685501079851,768.347087566012,122.39342776205751,0,0,778.2053856928844,78.12315335620329,-4.559942438170388,0,2,1,0.958526344635745,0.1755952955786777,1.698049829891738,-0.4960967421899737,0.8933721137605932,0,password
2.941259096384019,38.122637684299576,957.9677906848482,3,12,1453.2444603879633,340.12277046663127,-0.6743100186619854,5,0,2,4.562092801247057,3.535846228887096,-0.9237738700963344,-4.729917194868643,-1.0621634507036064,1,normal
0.5879226797895947,218.29342475731733,312.4471556405933,9,0,238.27494265730712,94.8610821887975,0.2202751727774647,0,0,0,-3.852457128388997,2.519382856779456,0.3151168276135112,0.7948716505542867,-1.085684138082549,1,normal
2.36429529482618,1691.0897418161644,181.0557917703617,9,6,7.1274082767211615,245.43141439762653,1.065382989967189,1,0,0,-2.380810676501142,-4.8670330002881945,4.9955276762720935,1.9159084612164703,-1.5038926102604642,0,password
1.30209997319933,1136.4857926733816,302.3870866293604,0,0,1004.9036206578332,400.2727667183076,-3.057142732070984,1,1,0,-0.3792568809808987,0.6474284166216273,2.064738785572932,-0.7170396097988291,1.7713322559099387,1,normal
4.432469811111309,2682.6904497988307,200.67950179932944,0,6,2871.1653074482874,2086.5927298209654,-1.2839776187344611,2,1,3,-1.242689218264032,1.2450316174179887,-3.0156501824093582,2.4009279412140097,1.2582054642725404,1,normal
3.625465998210177,727.6557694947331,260.00836246384176,6,0,1194.198726968957,1475.5138307718105,1.6868928848618157,0,0,2,1.067452824943909,1.998859544262172,2.043901317601371,0.6393223386283803,-1.0983084430804344,1,normal
2.060571051504188,732.4321245683681,888.6787592157538,0,6,92.29562246814572,130.45506139890682,1.593898256290556,0,0,3,0.7632266307537352,-1.276769514099099,-0.0050210111812452,-2.053310055356759,-0.0811080032953092,0,injection
5.290601811212277,1187.2302492069773,43.23209948421899,0,0,196.1423379852648,349.36019370805167,2.060790674758948,0,0,3,-4.029248123472108,-3.002671085684553,2.095211903453021,0.9214549014039458,0.0689711287571077,0,injection
3.1063178948494468,2311.14913859747,149.80275993976318,3,9,1737.9287999345618,2140.417171907065,-3.503457262310788,3,1,1,-2.5811337028469508,5.561594718062175,1.6950772694122924,-1.6639445500425911,-0.3560397449909528,0,backdoor
1.5236706956371928,425.3106214974738,463.0632827159143,9,0,3084.1428238613576,554.6522267524134,1.986844140602971,1,1,5,0.4173673817357396,4.14978446540026,1.5182734632192023,0.1645159577214483,0.082747663711359,1,normal
11.427218383807862,3125.377178529945,55.24001311517771,3,6,1276.93664414647,223.9922002491029,3.566853258827008,0,2,1,-2.2110011766640225,-0.2971490195641046,-0.5981846918189124,0.3770382342504798,0.5623202868666999,0,password
0.9742022824796346,226.66861880348372,93.12436321296173,3,0,433.7002401935304,534.6709789003354,-0.2641571696481681,2,0,1,-2.516423902491685,0.1833204310927709,-1.1900859207753625,1.008452673745886,-1.0545370923485404,1,normal
6.015502349740096,714.1799647970058,661.8247150340059,6,0,2581.36328751969,737.5503440429961,0.2544190537625472,1,2,3,-2.7583167821119474,1.5494142783101597,-2.261294350165912,1.5999598147373997,-0.9208361716205968,1,normal
9.414102462320676,2187.2228207110984,1064.904447213366,3,0,1404.5708486834128,1006.0325538454672,2.215033483350376,1,1,1,-0.2054957775624653,-0.2905169045040898,-3.3806178065919177,1.3680478998833812,0.8841876201353907,0,injection
0.4057775877444616,1193.0532295971448,98.38514838374272,0,0,2182.935574573497,1395.0706186914638,2.304877533840352,0,1,0,3.3769353425583084,2.022766247616397,0.911967223090434,-0.5032425542380812,0.1548676904576639,1,normal
2.8530912173038963,1727.6154330503082,678.2763526918011,3,6,426.4610564581615,752.7918568110589,-0.0785168184985218,1,1,4,-0.7907675606500761,2.972793547887401,1.1881658130710846,2.8863777179820262,1.0903853820174152,1,normal
1.098052981370865,339.3986428378946,367.6043672393205,3,0,386.2162427310532,11.27890361941886,-0.1202278928342952,1,0,1,-0.6319593955147078,-0.8620460532573107,-0.5459108323079089,-1.1251362439316868,0.5957827121387919,1,normal
6.204813903311138,1969.6933310378208,663.683585150542,0,3,1244.7110772637095,306.09178480911595,0.2027283281923684,1,1,3,0.4482259365121318,0.6984641843038278,-2.7723308099890955,-0.7398382921915043,0.6568037431046533,1,normal
6.847908858880772,396.2391271802312,1220.5301013939036,3,15,3554.3684501971848,2562.452886295004,-1.984886023479992,1,2,5,-1.8326206021648823,1.4843833757075813,-0.6792477232116338,0.5387627347349355,-1.2766300199822056,0,ddos
4.940324541958533,392.2940565078283,283.23769458704203,3,3,2250.6302145808363,49.612013768718896,2.417329031821281,0,0,5,-0.5786747839746664,-1.1060058405912,0.335298750425562,-0.8102318819082538,1.863460954143941,0,xss
0.0212353751730444,342.43301131006075,531.2071662003364,0,3,1605.736374822121,701.2314188252229,-1.5783994182829126,2,0,3,0.6646654302374755,1.1570014269254896,-1.9598424600465336,0.2680491947606572,2.269669902357266,1,normal
4.276106854580817,1820.8537706120767,792.0062948555434,6,9,2281.278571604744,1661.4988753205516,-5.128151869226846,4,1,0,2.6470622808449686,1.401177263518525,1.7082905836602809,-0.8207885337349101,-0.8457089674389997,1,normal
4.494097314587128,1088.0512530911565,445.7434833030568,9,9,1333.6633358525278,2590.61462226156,0.927165980343479,0,1,4,3.11068553174987,-3.256093928123015,0.2660796552893401,2.6516502713016346,0.1837984093546593,1,normal
1.2799327432216276,855.3342334049512,369.4089951877826,3,6,326.85810737051446,1398.610650279449,3.9245375343209714,1,1,1,2.3500610448644794,-3.475341231190684,0.2965746382314639,2.863411743748609,-0.9606500951048218,1,normal
8.838027746606144,1551.389030328765,390.1556375686744,0,6,3940.979816128925,1299.830228753004,3.484447742180847,2,0,6,-1.1443296368936355,4.351011401457476,-3.206038345160345,-4.533688322222175,0.1616574010235159,1,normal
2.3436661733678843,1548.5351948625157,556.4019186875504,0,9,955.4272438660008,2550.086401312022,0.0233709573963256,3,1,6,-2.772571749807134,-3.5923263283976823,1.7811785108080267,0.7833580701724191,-1.411556166225974,1,normal
0.3096335721603214,782.9075562320076,62.16914551136784,0,3,968.394521318415,884.8348360642641,-0.7945820909437236,2,0,0,-2.071809639174137,2.2874053124913,0.3729270338207544,-1.1065329387520162,0.4671269589681353,0,injection
6.255513994793754,691.4698154194075,162.92242966947668,9,0,1556.18406942645,298.02171481749696,1.0901245332494558,2,2,2,0.7614246533505329,4.526694068469843,1.2305871668981947,-0.1326761626812644,0.7666231273166332,1,normal
2.3483713317694823,1457.640348835229,104.82316782877416,3,0,864.8430040524559,2114.338417337632,-0.2776307659682108,0,0,5,-1.2094068260977326,-3.608767783130165,1.3726053278962442,-2.564346684431988,0.1981926244332023,1,normal
2.16597291796762,1145.6898484953726,680.8714457882886,0,0,1459.7956924786326,1626.9817286724858,0.641725136439917,0,0,1,-2.2746536612026493,1.6809596998795566,-1.7326889279016713,2.2619535630915486,0.3068816444763574,1,normal
5.8105103731976335,638.125202153935,11.064552026646714,0,3,3261.4430769498367,3423.5805386995253,-0.8952842084609396,0,2,3,-2.380352689161881,0.1512335582118491,-3.48365647087751,2.673633652693314,0.5343317824799108,0,ddos
5.15197906804047,454.4158947785135,707.4794337772515,6,6,179.25281948977155,478.1140932437944,-1.8194693170636096,2,0,4,-2.3595037656100297,1.1957405617022066,-0.4209161475874221,0.937946262097774,-2.019435442516333,1,normal
2.3914081372766085,81.28147487334626,118.11018164495532,0,0,2333.077228134793,914.0517214102298,-0.6355409621663113,1,0,0,-3.685044707971525,1.6127436090259974,-3.5043631251089664,-1.6542667718270676,-0.2948339974716999,1,normal
1.699246011776378,796.2492588334869,265.7239249342139,3,3,249.3433021404049,210.2288303533991,2.2810105699421768,1,1,0,1.3638708171141798,-1.4896851355093368,-2.2921555620865828,-2.0339596790146115,-0.3696987170969341,0,injection
13.17218986016231,273.5009990578381,486.9841429591361,0,0,492.5601538066619,472.5652653529857,-1.0457765381718425,3,0,2,1.2449150784233247,0.5936190685312118,1.1565698182977615,-0.6732975871255305,0.1114449470577553,1,normal
6.197177478003439,2394.2476334225507,92.89001039033184,0,6,775.6644806761254,2102.204521901317,0.7798786446415379,2,2,2,-1.240056711097808,-1.4812446271498814,0.9155109960263133,0.1565846191239224,-0.0556386354574793,1,normal
4.721927791808916,202.19774680556856,244.78694240203112,3,3,1178.6117623279313,126.87860696290088,2.725208213323256,1,0,1,2.267978029426194,2.144527213753319,0.6787591460064972,1.7009405223615766,0.562700323164226,1,normal
14.201802913401284,528.4620697456206,367.864031547264,6,0,342.072346880807,276.9770542266294,-1.1061666311203702,1,0,0,-0.7235088293175362,2.135852394795968,-1.4642236708171186,-1.5693620409957931,-0.9169486936822848,1,normal
6.609686721771988,2062.3435484069337,503.60357599742736,3,3,1631.010663801906,1137.4682221649086,-0.9590712108209992,1,0,0,-1.2809121937289354,3.732634837025356,0.4383989592073735,-0.2185600933348628,-0.5372988561181024,0,scanning
0.0120135543036571,1071.9082592470077,129.76646523200077,0,0,377.4728471964912,322.73677578700244,-3.21139449811498,1,0,1,-0.1180507385820999,0.4160124694354553,4.280783785250275,0.3493778806257728,0.0009390977088358,1,normal
2.232799666560275,142.09443396589438,380.5062433601914,6,9,335.79901107831705,566.9169309014251,-1.0313178324078616,2,0,3,-0.1925633939666031,1.331814541491396,0.0210905600542969,1.98909624029372,0.9484299045589912,1,normal
2.727377983527134,787.912447766916,851.0911822038039,0,0,440.2616555386397,104.0770743042019,-3.2645418953739584,3,1,2,1.681458764906722,1.5595348049376576,3.0436216485722785,-2.204861749264824,0.3208175538801247,1,normal
3.998127116132186,541.1090903278596,1035.4047313619328,6,0,777.1386218524246,1082.4061162892815,1.4036465335622033,2,1,0,0.6497328729309854,-1.2025458701609348,-2.2034547531921023,-2.576241394968068,0.2006601271685533,0,password
4.442154132625453,811.194769096778,137.1097424225385,9,3,59.295755477309065,801.2437359597866,0.4672158760764189,0,0,3,-1.7040537317510456,0.9914285596720068,-1.1579690134129506,-2.58041936397324,-0.0718474769982011,1,normal
1.0022562180145662,586.2703714395622,88.212199978261,0,3,3311.3110698233654,2386.933849650248,-1.7145387857826937,2,0,1,0.064261843816314,1.680593322255379,-1.9902997574358188,2.922411605614076,0.3161372760564845,1,normal
0.9578285107293056,1418.5176699204674,817.6635857002511,6,0,2302.4263997236694,1113.7438868365612,-0.6919639782557028,2,2,3,2.3832156526326163,-3.308645838905723,-0.926320612552328,-1.3040032874204197,-0.9716711566920532,0,xss
19.349783213467028,1152.0981981489356,692.1363553369615,0,9,4485.767071427067,1016.4040989871012,3.6084003649455534,0,1,0,2.25324667720447,2.6275234201147235,-0.337547950728835,-4.752064185787922,0.4892234468504162,0,ddos
0.1402827083156808,201.39503434765624,106.8676827624451,0,6,842.0331164172286,187.9521186634881,-0.5314875247264707,1,0,4,-2.121846559730782,1.8978718242130808,-0.2687672466077637,-0.4440023355656305,-0.8280324342636456,1,normal
8.771094893142955,1385.5851934403545,441.4775803699259,9,0,2106.450753313474,1399.299113933394,2.115457191295465,0,1,0,-3.5385374033795225,-1.7326445476740469,-2.3680459085950023,5.460028918900568,0.0331596058504186,1,normal
6.32074988687655,275.2806864916061,13.786678315789498,3,21,92.67445605575834,366.87772465646987,-1.157066314459842,2,0,5,-7.426515322622004,2.0783682390256786,2.0390393008707,2.634351811527667,0.3388711130400948,1,normal
1.1084851865235648,231.45329925340909,30.906010159968407,3,3,2237.479547389332,790.5844486762246,4.158076307171886,2,1,1,1.7882506072706703,4.78733325256912,0.1675126448107051,-1.837400053280157,0.619360719833274,1,normal
8.24152179456186,565.6680495210662,358.0494584792831,3,0,452.1371674322212,144.44827572708598,-2.210605170457586,1,0,2,0.1377725797376405,0.953366315599897,1.896950302663912,-0.0137204614969996,-1.8087204047290164,1,normal
0.0466899351271769,2327.76145553333,537.7192669778815,6,0,2468.395571306532,1167.5007124181843,-4.224845150282148,1,2,4,1.1421655594883442,-2.758734218164971,3.9236891799400295,-1.0044281186045845,0.7472943672122628,1,normal
3.666640789731906,2430.127074516978,104.00617234057069,3,15,183.60586557562024,549.4054774572166,4.449103890606471,0,1,2,-3.5415852939233927,-0.1825748795981614,-0.9856213129308264,1.1984004192693174,-0.407907662315823,0,password
4.399793832768925,867.8000955408902,799.1130484624982,3,12,1432.510540588735,913.2405461556816,1.734107589229461,1,0,3,1.6420769060304157,0.3484941639672605,0.418132467992894,2.331442464170636,-0.7209389924671191,1,normal
1.115939180844365,950.3299875096754,378.2584243873226,0,6,1108.875010686144,2202.214215676695,-3.8377368049948553,4,1,5,-0.374277335553591,7.671358263325774,-1.3907062792094218,0.4871194680725306,-1.2741474522506782,1,normal
7.0208420626718615,1133.841657217744,132.30038493602763,3,9,3070.566443316998,1130.3034214247418,1.9364566540147443,3,0,7,-1.727341211701738,4.461247776664448,-0.6205889171313057,-2.820407103605028,1.1844742626346114,1,normal
3.72390665018576,53.66505116758391,357.0722910891783,0,0,757.7671928527108,797.5809373157966,1.8325315807087248,0,0,3,2.701592283543887,-3.265126370010579,0.2891684276581163,2.137601019154421,-1.4170685679259225,1,normal
11.797698312382057,1837.3956259370025,306.57301128927605,12,0,2.1744947839793287,433.5871560645579,-5.258139578922672,0,0,0,-0.196159036700324,2.0311619593312744,4.876201358128311,-0.8573023702806248,-1.3057060024858942,1,normal
2.636415198636064,1156.0738926954032,15.267967908888313,0,9,140.66039887161256,216.33972282024047,0.6115877424088999,1,1,2,1.779224350223255,-1.4019361798243195,-0.9844707084346755,-4.233591810190569,1.8777363952684791,0,scanning
1.2835831455422773,601.7441808597916,100.17822731703828,12,3,1844.0449191251168,57.400336893893545,-3.928050332163318,3,1,1,-2.871769720954002,-0.6255751053763068,-0.5960730088397344,-0.0565284474653691,-0.2152862725519124,1,normal
1.7746401817413762,1273.2889417953209,521.8249863980576,0,0,24.28614811760252,177.34102360901474,-2.65425653631099,3,2,2,-0.6870851917672929,1.1410857089044155,1.9938291244424475,-2.635370104976052,-0.0661213891700531,0,scanning
9.144195749952068,723.9178224283665,340.2580885069336,3,0,935.5428112917416,1234.2341559792849,1.804248960639205,1,1,0,1.6784900180319855,1.6723965813562138,-0.0381104440128039,-0.0643598464218841,-0.3871633667539673,1,normal
0.8863919855799424,890.6224159765554,111.88099976554666,0,6,1656.082380997948,1706.7558558727171,-0.122062607798987,1,2,4,1.0249284004188015,2.339080947733862,-1.495853364755989,3.991114702468972,1.0517656167462086,1,normal
1.0547090970773794,179.62875853551435,1087.2701968395245,6,3,2693.2912319335333,662.5388851194011,-1.9744815567508227,4,0,3,3.411621536796789,3.090647013614279,2.382667774867962,-4.099919570390688,0.1085622066015401,1,normal
0.4918828181887248,1607.3255393470022,551.0755142372664,9,0,535.8008298079133,69.04522768583897,-2.705187972881636,0,1,1,-1.723446108857269,3.3757874019364884,2.344424212010636,-0.8149517672232847,-1.2793892792386783,1,normal
3.266685488254029,1374.446046023306,17.64079195865005,0,0,2254.15440573398,486.7495705798809,-0.0172927838499976,3,1,2,-1.654978454604936,0.6350412549547958,-1.3773778334166038,0.1172796589826667,1.2801807051221905,1,normal
8.390575928408735,2038.9431086922373,306.81212809333283,3,15,2266.189251882432,245.1809149316559,1.9989990532453912,4,2,2,-3.440634527975276,-2.926139101620921,1.51727695284138,4.671626136873626,0.2478863796750998,0,ddos
3.993448300109344,298.16917528667204,441.99040411768334,6,0,1996.747922075436,95.2169787358312,0.6487332778434169,1,1,0,-3.079613656522831,-0.9898278052969232,3.096198543177054,-2.3673325013984545,0.034819707042716,0,password
4.371250861945188,1128.2309190933408,418.9876323229199,6,0,166.1350629832268,25.18152299742076,-2.710777256211584,5,1,3,-2.748518478388071,0.1585390733897054,-1.3690803449527056,-1.6687634812496135,0.7158652987280053,1,normal
0.1108980900172027,299.88055125725214,456.2519129696174,9,0,351.6727931634552,834.5300686252664,2.926869031638466,2,2,2,4.225411337627543,5.161970182320435,-2.5905848145352586,0.2205141003667484,-1.6330361144091097,1,normal
4.83794986508206,1912.860928543236,396.7961582584575,0,6,1069.8419374343136,924.5565491321156,0.3610799436901837,1,2,2,-3.458862660242609,-4.564407959537149,4.057589012024314,1.3150943355733535,-0.243903533219443,0,ddos
0.2692480903086193,777.7919151523236,185.86727573199303,9,0,2279.839940342442,1665.1573950080508,0.8208410280777894,1,2,1,-1.5777874569331831,2.466809418799114,-4.65916543259773,-0.2971394099810611,1.2448297706358171,1,normal
3.088250151392473,1088.7844283462748,18.78916358347245,3,6,1533.2302286086249,366.06038368816496,-3.270760690037216,0,0,3,-0.3631681856527112,-0.0560846907832275,-1.610350092664072,-1.749685241667095,0.1671952135157016,1,normal
0.6690207090668889,1019.595483861822,136.43342597691014,12,3,1844.4491116453164,1863.256142819788,-2.129254333187098,0,1,0,-0.3408304599504413,0.783425692961691,3.486398252473257,-2.4197286545291368,0.8108631856459179,1,normal
9.938774809976255,710.0557655414252,72.06462674973832,0,0,213.29905577532364,567.6687089677499,-1.6092615531814891,1,0,0,0.8442696861500278,-2.098136174829869,3.2404701837782888,-0.2314356890187521,-1.431155641217823,1,normal
1.2832936138509696,109.21751121661028,632.9389819639921,6,0,228.4096091265612,713.1364452394196,1.599832878749054,0,1,0,1.2234316116605255,0.6519521091779008,1.729899116818534,3.015173361918243,0.8827143172261234,1,normal
3.844077065447471,65.65902227824705,134.85481085929803,3,0,2036.836836798251,1184.9967918691664,2.613504215761631,0,0,5,4.653199985084387,5.432792159631266,-1.5760623607011068,0.7653457730967334,0.9172318256184128,1,normal
6.798369852551003,827.2260421328372,111.13117491373964,3,6,669.2560291638499,847.8643318573749,-0.6629536376471546,0,1,4,-0.9110895531991348,1.7901319067066646,-1.031085631989694,0.8539748278942824,0.3255717957980011,1,normal
6.254517651093783,1720.7734058871297,172.43749642950175,3,3,5106.725090858827,1184.661952313215,5.161992630408369,0,1,1,-0.5000561626153106,2.7385273538894364,-0.2292639751295496,-1.712745446606028,-0.8679968272940912,0,password
2.3850178925638743,1615.408628145385,209.5193386116841,6,3,1417.844922905446,273.0681705012336,1.2521817214492807,3,0,4,-1.366716249928217,0.0193407917709786,-1.036339538471779,2.048816555103283,0.6507671396287485,1,normal
5.447281627117697,403.2575916763056,636.3289631419291,6,6,1291.6798118016793,1956.4896158498832,-0.9954441979374736,1,2,0,-1.2478549962612036,0.7645936425754958,1.83332809083744,2.614330586280804,0.2545659032593683,0,ddos
2.151257656785816,244.03133920545685,415.666814397901,6,3,79.4034106619512,198.63122350047863,2.0867586782664724,2,1,0,2.231738600410924,3.5182905193451965,-0.0266282607832875,1.569320897381932,1.374800860378783,1,normal
0.8108329922128394,700.5901876378905,440.84789995870807,6,9,379.8721038151003,1653.0724046020769,2.062939750247597,4,2,2,-1.0486532193862848,-1.338501438187086,1.079011264376096,0.9845935622840504,-0.4356212867561846,1,normal
4.446865419723128,1440.8820844093657,564.2743048151588,6,3,400.16581870146,2053.961831270502,0.0792587625180545,0,0,1,-3.0800773661139647,2.58421667692348,0.8517960742080561,-0.0617831795035233,0.4528714809233059,0,backdoor
2.779911474177294,618.4958853395764,7.891982968289406,0,3,3928.824267233555,1225.0360545345789,3.701291656050212,0,0,2,0.5788089199664262,2.922926053185834,4.0298300169887815,1.2925858050568282,0.8360181161027459,1,normal
2.684349277650829,1679.1010764543662,411.6654493894906,0,0,4164.248437494918,3297.9745105262195,-2.7479615299472027,1,2,4,1.279571166148379,3.161702887266831,-3.136099040097881,4.2230620513772745,-1.3530420443954592,1,normal
1.0341529376020084,496.4572428647794,145.62083261818546,12,12,387.42437488512417,883.3632735710568,0.5950562474649925,4,0,0,-2.155847625810112,-2.7207584634472486,3.0998146872505394,2.59528291679498,0.3427461200070296,1,normal
4.5238318999790685,924.6256539237712,60.55942949574271,12,0,665.9664307625536,402.1348258422378,-0.2180176423416426,3,0,0,-2.3431132691587573,1.3213881746149143,1.7684921011364907,0.4117608050091954,-0.3699674509757756,1,normal
1.1338099787812908,995.1543101882286,352.25670648959,3,0,42.53232125703026,452.011039741225,-1.5039669088482557,1,1,0,-1.4199557799932918,1.5194712629228395,0.9174519340485476,-2.107035341527233,-1.715185122170525,1,normal
1.9896177856868515,408.5811492373145,176.86280829657136,3,9,432.9185129921269,1423.176681390967,-0.6772984574437106,1,1,4,3.2388601964228654,-2.252515511798002,0.3081948687214872,-4.635694118453539,-0.8450278748514775,0,backdoor
3.1974750476876075,287.58442499199646,891.8635251709361,9,0,3871.003547150696,176.69789177969562,-3.8806245524110414,4,1,0,3.855803435567764,3.958651515954178,3.384102733351248,-0.9518119980531364,-1.1014912840857376,1,normal
0.8879493347358207,741.0485607007303,47.58278287689034,3,6,2424.9211116041747,214.76495039786928,-2.2776479215355216,1,0,0,-0.8301666326563826,-2.46591457382718,0.8851200229900092,0.9681235938666216,1.1960165263110327,1,normal
10.560226104845889,1726.1847890761142,869.5377085470592,6,0,66.1509695685294,1103.6441260190352,-2.2800702920705147,0,0,2,-0.8945693102241942,1.912032180101661,2.3830315371600106,-0.937795926867123,-0.2614450949391844,0,ddos
3.6742296503931744,757.6809279050143,540.1838055630177,12,0,1474.5466081788695,820.7141739346326,4.533044069370042,4,2,0,4.843360807943041,4.58086549589945,-2.610942818978324,-2.5292357535592647,0.5471486691683596,1,normal
8.016262288886717,447.97892723283456,25.351244275109018,0,0,1605.8278108911604,460.44456879544936,-1.249595124554574,0,2,0,-1.1117058063156942,1.3276401779926614,-0.6894075298061804,0.1112701649881173,-0.1333843843477898,1,normal
6.016649792328618,1735.0846412512424,572.6313998593413,0,3,2961.4325501816315,1312.298510159523,-1.3434358252165424,1,1,0,0.2229988140529815,1.1679255243697917,-1.6974676447565729,2.53284184935947,-2.407980364688453,1,normal
8.97646522321952,2060.959793694386,244.7368683200461,3,3,2152.9795958679165,1488.1633873516355,0.1066512610737009,0,0,2,0.0902241868747832,-0.3148047099969724,1.781675965799545,-1.6048059482707788,-0.3852053602286882,1,normal
0.7987642524289608,475.9465817044572,65.16490599065312,3,3,804.6185576155042,717.0787850049347,-3.5533053511217947,1,0,4,2.0785491962501075,3.8248794757097473,1.2242744366524445,1.4581021187084218,0.2557282772473064,1,normal
0.6190471397571592,868.3583658250965,1001.4234308952908,6,0,2208.9026171569944,498.9214413121048,3.1847722104388314,5,1,3,-1.029296939408508,0.0058374609305884,0.2128470690530147,-2.144801247257964,1.576250985590422,0,scanning
3.703923238961889,1746.195984692816,209.07613488184444,0,0,1640.924066026361,65.60831882090174,-0.7290959606387881,3,0,0,2.880873078122532,-2.8291077987982947,-1.3552969443794731,-1.0020020508456546,2.301863464846097,0,scanning
1.6684705355139515,873.6574151791145,774.7348319853348,0,0,1689.4806293275433,443.3069057791904,-2.840673776793263,2,0,1,-0.1469574950618715,0.2798203037682917,0.7590598851516561,-0.635564109359697,0.7685984233106907,0,ddos
5.926840155844283,717.7335573654201,275.8433626138931,6,9,433.4475153426556,159.39482369184128,-4.427974859060628,3,2,4,0.1613868698123648,1.4456580559615346,4.633367772171813,-0.4544410826530083,0.5814420772942621,1,normal
2.6688808121134384,266.984311039964,560.1432060090423,3,6,16.56355657359059,26.26795849244682,0.3135025408419244,2,0,2,1.4745474584273546,0.7726476588729254,-0.5677763258912527,1.5131488078985704,-0.1116808720587775,1,normal
3.69121148970541,2080.413025928127,375.40326381267016,9,3,416.1116381991928,1663.0867190667964,-1.6047423687271594,0,0,6,0.1943172297989306,-2.40287213314849,4.475645978667695,-1.7949434712644337,-0.7444064316634776,1,normal
1.858851033342079,917.5400021690658,1065.976675527565,12,6,820.0050926122256,1916.7677784592504,0.08099995973236,2,1,3,-1.6092217709149246,1.1469450686540896,0.3547879584800862,-2.51787889861382,-0.1089105378887673,0,password
6.418687202001544,479.1981526900102,730.4169152450023,0,3,1362.0022298852116,366.6174594649873,-0.8742079012592872,0,1,0,-2.450679946775403,-0.2210137078717646,5.971642621164937,2.944165940375921,0.1930385774100189,1,normal
2.630025743710634,495.1865425164879,397.256719100302,6,12,690.8907831030807,138.82612146226262,-1.2591979467247187,3,0,3,0.6556278073696217,-0.728593085109901,-0.8278047205713592,2.345821744591584,0.7129732002426471,1,normal
2.972266595368995,669.9693497290597,216.2047507718896,0,12,1006.6649482881344,598.6746628312352,0.285884161551462,1,2,5,-2.543217991752872,-0.5325965818739149,0.5080987972456235,-0.8526068285807025,-0.5061937386088843,0,ddos
6.090608614943007,504.8678888390831,1111.362229102128,3,3,643.1524951669512,227.025496257161,-1.6164144128138374,3,1,1,0.782842990474077,2.8198512729068934,0.4726975311539368,-3.3376533071430803,-0.4709714634294145,1,normal
3.61692471921161,458.5143657978379,76.956530195169,6,3,505.3618352070338,1820.9970485013216,0.6246504763083305,2,1,2,-1.0413725827771283,2.0713379101377805,-1.469504492038302,-0.6001805902557004,0.9012468965021184,0,password
2.9163637545999546,62.109999845081695,129.25361325570793,6,12,880.7211498356288,206.59553928516053,-1.156419474219081,5,0,0,5.266347318453571,2.286377139266621,-1.4938811738013833,-5.53631722932626,1.5181491030067236,1,normal
11.735762518849617,1063.499615099985,703.2194930289552,0,3,2505.922104423035,1809.0146193823973,-0.1250886942678408,0,0,2,-0.1561385660570553,0.9352415202123898,-3.213053741333749,3.2646115332289583,0.075265782112768,1,normal
0.3968861202953177,857.4406303225604,179.29451295371555,0,6,969.6367133284924,1618.0017824885838,-6.212003486985882,1,1,5,-1.2401824107590538,1.7816445225138091,3.8864112345533215,2.606834075810412,-0.3850143925275908,1,normal
3.1013055579477817,1227.2965063615336,531.1866020211555,0,6,1210.2305685640388,274.9456363710358,2.7663603907756484,0,2,0,-4.395559353708982,1.1205433450915112,-2.305276163541976,0.4802394442109892,0.9711991915545448,0,password
9.260984303399306,148.1854603452726,65.50625436116002,6,3,662.6302698811136,390.3889142454978,-0.0440735236403395,1,0,0,-0.4463116103979342,-3.6674871337855217,4.583639251158596,2.1143366229699496,-0.1745999630104958,0,scanning
2.369045378091865,474.940966809006,124.55095506206516,3,0,182.8613533088809,360.9314760640976,-2.609054637821317,1,1,2,0.3764296892882326,0.4291627875800892,1.3025081516307768,-0.1099381434203856,0.7838160799157012,1,normal
8.378375539621178,1639.6147856468017,214.6837892897614,0,3,1048.1372906725835,199.651975176908,0.1568460314339053,0,1,2,2.951318774681785,-2.9031125320180724,-0.4859002742614382,-2.032053804256993,-0.3157496835859351,0,backdoor
7.566197840716333,1965.6646540822608,356.06336069563173,0,3,645.6102911159514,1802.454603095481,2.283170529450373,1,0,2,0.9098008778564076,0.5885656442492871,-0.3835046781387801,0.0430051592280376,0.3094941955352249,1,normal
4.902446673594552,451.619171416595,465.2259787283765,9,3,2621.010683354948,860.1313792288279,0.4071460182223634,2,1,2,-2.1101021658320542,-1.637491027120144,3.507525396837493,-3.1249558879083805,-0.0152482305231152,0,backdoor
7.16660503053593,1483.3426811576362,145.3731351942224,0,9,1417.4903864546725,1565.0656175263273,-1.3135172658179668,1,1,3,-4.081857083898152,-1.0542608518082004,3.2021278487057376,-0.1137844851615927,-1.3847690418174812,1,normal
4.362318187236808,97.63201811570887,674.6625226227366,6,0,2168.6770649182345,565.1686755520103,0.2151877364785812,1,0,2,-0.984385521621178,3.881809634272513,0.6112494617562013,-2.562244193707146,-1.108288286792269,1,normal
4.074970588218562,950.3181570625673,1170.8076590011112,3,0,52.2600218014822,484.41111801992565,-3.1127626198133456,2,2,0,1.2922058508418637,1.839260851548104,2.306858012048594,-2.7158778791509084,0.7828681452911848,1,normal
3.0266438396523254,831.0167978982023,668.2006385049467,12,0,2659.6297437299013,745.4845907587815,2.418205560706947,1,0,3,2.510383275125082,4.484644650619722,1.3854676095994791,0.2717960712847287,-0.1257520438036114,1,normal
2.0356604664645603,1364.1672837927472,486.278562898725,0,0,1482.7825917477708,1108.5286827823809,2.99248233190139,2,0,0,3.194246058409416,1.915678654509397,-2.1660388010050404,-0.7834613958978767,0.4068693307493242,1,normal
0.9279960272932164,1558.5974956105877,28.751347638397224,0,6,270.9125685404078,1894.356886681391,-1.2807953575385067,0,0,7,0.2153033630911951,4.568142661789522,-0.698077010603839,2.757983109822182,-1.4009053055051657,1,normal
3.1134111592189413,1227.960812626203,475.4482162732173,6,0,135.45887998520948,1780.7554827786105,0.6419830810253366,0,1,4,-0.2798648288017766,-0.2062753278925126,1.0760918163707731,-3.6539065135964064,0.5628413808123173,1,normal
5.986139905544208,305.2263838933735,16.910590811810675,3,6,997.62658525001,480.91798639465975,-0.5593639206637615,0,0,0,1.2261762259755802,-1.2473239063165902,0.1482616908549376,2.359027725801946,-0.0951971365684785,1,normal
1.536305891849704,845.4249676971601,1031.7313861600271,0,6,1634.6388524453382,442.9567479740184,-0.6854645244641477,0,0,1,-0.440273533734369,-0.3503677274538237,-1.3160962421824898,1.572973607802835,0.3180240766007124,1,normal
2.122528838231325,489.6228672543252,451.1798648217604,3,0,1528.8070708423998,36.51982493347408,-1.9544213017250416,1,0,2,-1.1898691451382932,3.249613405899794,2.3112113251921973,-1.5675144687732856,-1.2013969717052893,1,normal
1.5817686997386282,17.272553199427776,9.805138331776773,9,0,1815.594363042032,2130.8734393487803,-0.0834199053590054,1,0,3,-0.7380383645923313,2.752116605606321,-3.517236578091758,-0.1912512643379862,1.2258132602670635,1,normal
5.562101173023301,23.770573564522167,811.8087796736139,3,3,421.5788788708512,83.89781579418487,0.1065631520223548,1,2,1,1.5851294749219742,0.6858329454233061,1.6924566735332085,0.4733944885372729,0.0889103720602699,0,backdoor
5.188894676287118,1016.490463125137,478.14252395772695,9,0,1187.568821839904,94.06889736498104,-0.3700925897361522,2,0,0,2.7470889875931497,-1.878867787547325,-1.3110362390581227,0.217626172953915,-2.752807868133735,0,ddos
4.53269598314756,1667.7708800766345,235.41173196305945,0,9,2147.377527364672,765.7125354656782,0.5860058061980564,3,0,5,0.5347881129424907,1.9153930579246148,1.2977906074681522,-2.847049000979827,-1.3572020549642578,0,dos
4.344498301183444,532.5343300833493,96.25163504067278,0,0,561.8140242554937,520.9875905176922,3.472093391542325,0,0,3,4.80848739627387,2.2228772019225223,-4.269591610257995,1.0852829463708602,1.4174999903908736,1,normal
5.520094948085851,968.9104481984162,436.9003767372864,3,3,75.287909252768,1312.7771946996993,1.2697173909498882,0,2,1,0.6349448598096927,0.6407816202251613,-0.4827547739475655,-3.1994846326288213,0.421020889187662,0,dos
8.21062669908372,944.3768340108484,313.0819425616561,9,3,2810.224154737675,892.8950271089269,-0.3914189066363399,0,2,3,0.5978093862735039,-1.3428076077412223,2.3963180192692324,-1.9366650555011715,0.7119592319413073,0,scanning
3.651563551791212,3.1739197224018856,538.1199725410148,3,6,909.0141293971848,1305.0862926789514,2.226547268537409,3,0,2,3.179015179725952,-1.2365618862905798,0.4164778672472391,2.2472669573583737,0.2808865062228151,1,normal
6.1194676491896205,1507.5611469823357,255.99649422633885,0,6,2436.594508243553,221.5808857059847,-1.137190695311898,3,2,5,3.1589993847024864,-4.394353608042029,1.512252276962822,-1.5336739147406848,-1.4776687065057994,0,dos
8.6161465193834,272.7789829525839,310.72440457524146,0,0,1720.986025774944,2065.3305232152784,0.1298681041556064,2,1,3,0.536739672829833,1.1562047781474885,-2.236789219655938,4.154348396273715,-1.7777802959953837,1,normal
3.690009154179374,251.58379317915137,858.7497672042658,6,3,572.5276821771488,664.2556153551055,-1.4413743617313286,1,0,1,-2.7749312329539606,0.7539297570380463,0.2032939343880968,-1.1165177029949775,0.152847368134571,1,normal
2.81006651175829,770.8181071537214,657.0425352601975,3,3,1620.5193481791398,17.703236211969664,-1.874000000724103,1,0,0,-0.4895517820814371,-1.2143291036555837,1.0815580680083687,-0.64707847045979,-0.055447242663893,1,normal
4.6641146760359256,1009.239269641431,494.6877669369021,6,0,1122.699277003473,312.555792383435,-1.3382140205024584,2,0,0,-0.1568945494681572,-2.4571469258744383,2.1933875307126742,-1.967121361363276,0.8163110376628668,0,scanning
1.3787584323925368,480.8653159580499,223.31129862031,6,15,435.05390526676433,961.7280666568672,3.115822684842586,0,1,4,-0.8788213668093412,0.1057790697012301,-0.1482818707018789,-1.8421270708773088,-0.2191268990965142,0,scanning
2.358694804156313,498.8879790875219,360.9780246106312,0,3,1002.3593735445224,1039.871513362771,-0.968665664618798,2,1,1,-0.6198487687866493,-1.118069885044307,4.568480267059887,3.386257529621808,1.3506301409498134,0,injection
3.283656580430448,314.88134963016194,209.7546518308121,0,0,2321.231994128991,1924.3090940761488,2.083071034731328,4,1,0,-2.971388628716803,-3.800242621212428,-0.7739194934592419,5.778815271102241,-1.1847815032805795,0,injection
8.261460827071499,1646.330435382325,216.1481020822872,15,15,4487.513436446172,2980.4790442530752,4.742781221352517,0,2,6,1.0668835178526654,3.165730675050515,-3.763193202430125,-0.9707112478054184,0.8957276027059053,0,injection
3.02416049144312,1099.1993068189583,849.7532488894467,0,0,2635.072014795761,227.2293244366771,-0.025675030381228,0,1,4,-1.8901031251296048,-3.622746913236893,-1.2340989169471015,-0.1885715104622327,0.0301666802023782,1,normal
5.319647954139095,1264.369807758246,303.59615490064186,0,6,2812.764644523201,462.9147858502263,1.2016359633723117,2,1,3,4.082233706668585,5.488412422525768,2.2612302108977147,0.575975028571444,0.0833660781307804,1,normal
3.806955549573943,1669.575226637939,8.900750491523203,0,0,448.7038390771372,2122.847059325572,2.6908481784012706,2,2,4,-0.4846022108133008,0.069925038617862,-1.7049111942522133,-1.753539448513166,-1.702409343712975,1,normal
6.465486954309649,519.1277994460598,258.38497633781685,3,12,89.14346443522227,490.8976002352597,0.2869467000259325,1,0,4,-1.85495397359674,-1.4751137218614,1.384233341806289,-1.633404448504471,-1.452097115992442,0,password
5.419303734844496,31.267569700943465,764.1912898724288,3,0,3748.650773247437,1988.1332910091344,1.3268473943505212,4,1,1,-1.2697106036885624,-1.5798138580659848,3.290702203331548,-5.217326159206963,-1.6158435169151624,0,dos
1.4790889002994654,777.8318248043178,71.48603659062543,0,12,3332.426110377512,1386.994440618623,-2.2665393075190385,0,2,4,-5.050323109210237,6.801774808497492,1.8989307794211536,2.697081278975223,1.240337064646556,1,normal
1.5649188525784996,785.7874995300322,159.42990446802096,12,12,473.2957503786516,259.2600612575405,0.8204697920242623,2,0,2,0.5697405886514811,-2.5220355138509456,2.51291775077149,4.191951618338206,-0.6513347253838927,1,normal
3.522760304178994,1060.1232459425005,391.29574431053777,0,6,712.5251064849793,618.9666233777908,3.126185215977034,1,2,2,-4.4164375440992885,-0.3171114965156888,0.1851152846365173,1.578452637943036,1.030228098480659,0,injection
8.482447773710549,518.9699037501515,745.6086386992458,0,3,2590.934368887831,1002.0256042838204,0.6026988188925642,1,1,3,-0.6219809260540758,0.0535560710324556,-1.8979184491454428,2.251192489898525,1.468724948123852,1,normal
5.280786492139074,357.831767373086,581.8012720316185,0,0,831.4792459852813,299.468674656855,-0.6657594417300712,1,1,2,-0.7022031923056171,-1.1407953261572044,1.5824375070428536,1.5233656246624163,-0.6000199321502536,1,normal
5.712750183701818,609.6922767029602,26.634489486222463,3,6,2246.256098762058,451.7384945231325,-1.0162389980940127,0,1,0,-2.7831007758295843,-0.1712918354364134,-0.4552144371124393,0.59384486841306,-0.3958849956558099,1,normal
8.29451242227497,84.89720949281309,625.9825051554768,3,3,25.251361625797035,764.7900888472925,0.7267747850614062,2,2,2,-0.8488200329278387,0.4294484266489713,1.7717694970182631,2.803234867270791,-2.5280706688080263,0,ddos
4.91005854183559,416.50036699341297,273.81378794409056,3,0,1487.2241279887226,130.5163763756161,0.2921809848257304,2,0,0,3.2939185039657577,-3.078007757774441,-2.6357637060767507,2.208058071125776,0.1874884627551851,0,dos
10.98962859821041,795.3333974386899,939.7960928014156,0,0,592.2412171005824,327.5295191461465,-1.015272555381537,2,0,0,0.071158881192278,-2.1201439346231385,0.8177773427196995,2.0765288906391834,-0.0917570007493084,0,backdoor
0.8795481101876992,1402.6064297288797,30.226808421138127,12,6,443.09078406743583,1517.2061338757485,0.836869386043788,1,2,0,0.1340874403651504,-0.5751617293899661,-2.1130327326687266,-1.823549439128988,0.6795324207818312,0,injection
3.721882547634401,640.6951628006829,157.30065695489964,3,9,960.1671963123192,1044.1427304015451,0.226656891743138,3,0,3,1.6497828415664526,-2.984610226503372,-4.020520831904351,-1.6785909573965148,-0.346501449648303,0,scanning
13.758966959733105,848.0756974646627,792.2159852384232,3,3,638.0086651881242,767.2162183006806,-0.9068476230165964,0,0,2,-2.5490065680058787,1.9586975025355264,-1.4113604603704413,0.562581887011351,0.6849245978720665,1,normal
3.2779040360586698,241.9533586203363,151.87990445939022,3,0,353.5584840621353,808.9268519090579,4.548616136191673,1,2,5,2.710924519093762,0.9102701363859168,1.2813006191625531,1.7755217276453532,1.3073331314188967,1,normal
7.169105605969918,1055.4977333279978,728.6145051509027,6,6,1984.25539904536,275.4465948568648,-3.026554409608673,1,0,2,-2.056394679650654,-1.192483029476515,-1.7247948368907031,0.102370121067628,2.328727354678424,1,normal
1.4624881151365854,1410.3155342991372,792.7065341620681,3,3,447.6578996918821,1904.7605163173391,-1.8147351725685168,0,2,3,-1.3920197401972585,-1.4918562852894046,3.4670030160252647,-1.5642253114415177,-1.1668208950333974,1,normal
6.189777479692528,2025.0175167752625,386.8729992369831,0,0,3836.681514399033,1036.92091016014,-0.5776658630363698,4,1,0,0.3789504069634015,-3.3397996628872404,-4.513644425780064,-0.6131968593204666,0.2869148608960049,0,ddos
3.297397230732301,519.3357675901426,540.9794744585662,0,12,491.825267508156,148.66688552921786,-2.395215313764909,1,0,3,-2.682517536522665,1.4491350841670187,1.7328161443575336,0.4205223429325568,-0.7368293038901893,1,normal
0.2466909199525369,696.8527824388223,103.39628198145122,0,18,716.3107040120136,1263.6528386648165,0.4324606043142565,0,0,6,-3.089556382887792,0.9406891928690184,1.5701585703083023,-1.2147900196489452,-0.0797246718816265,0,scanning
3.2204763776538115,1483.8744233900827,632.5390499361918,6,3,3315.6994936489687,1763.015944732634,0.0368878000973147,1,1,3,-2.908118133606892,1.7124314831922596,-2.5687539787955007,2.4031157375580143,-1.1509591005964648,1,normal
0.7452590673604373,17.7437428010091,498.35833067766544,6,9,1739.002228490045,1987.912765978686,2.536425422436888,0,1,3,1.847722954588028,-3.4750025926617987,-0.9561995904494844,2.7892005418621624,1.986512789620561,1,normal
2.843751390130296,81.20268411417908,858.642006705375,0,0,540.4191278945759,1412.0502020137244,-2.710498174163794,3,0,6,-0.7386250989481291,3.939971089515175,-0.5829264792349003,-0.9237295660403636,-0.7861476349319422,1,normal
0.6561567538753494,1728.3367755833194,344.5597499743272,0,3,2419.525166434379,1008.6954258207932,-0.7578928336061765,3,0,0,3.8692222430552574,-3.268625116345958,-1.7020322111656137,-0.4931458247009821,-2.479697734995148,0,xss
0.369589182997969,482.4449551371255,716.3606951576538,0,3,577.2700236094719,668.7320816497003,-2.654798877211926,3,1,3,-0.3464426903869557,2.7506511188854894,1.5837451967651954,-0.2631430833087047,0.0892757997818692,1,normal
11.06704722198483,236.64288119415968,138.69734932225137,0,3,870.8784293656663,318.02829759386657,-2.3839086370775786,1,0,4,-1.3497879084359097,1.7223755530246567,2.091295621806577,0.1524609618007308,-0.0682012399895021,1,normal
0.8863577225733797,575.3114753446845,169.62268067106865,0,9,864.1224539192103,1148.3511845546604,2.6842339283092045,0,0,1,-2.447409803717301,0.6540812780353997,-0.8530652310570942,-0.2814664864493535,-1.199077749697055,0,dos
1.7421496423553804,1605.6254137781625,217.15248453436385,0,0,2534.202086864972,1417.8950438176116,1.938449974018429,0,2,1,-1.282754477568668,1.073850681596446,4.1052042652169565,0.4187241372052175,-1.8432621729276384,1,normal
0.1238151724759932,360.4022827737546,3.247934790726262,12,9,226.7647796292157,194.7852344745955,0.8034519399313755,1,0,3,-0.1415847509962924,-0.3239292677421772,0.6689070628996506,0.5723823858466056,-0.6436819732787579,0,password
1.8952935654446377,1453.356970464125,433.9177671469968,9,0,2533.627206232407,1216.985185774692,-2.613891548478602,1,1,0,-2.3175820205128392,1.4147893860992529,-0.4078051100162913,1.621918802124376,0.0977057227355756,1,normal
5.189293469900705,484.0328766215149,357.54286648820647,6,3,435.254595690601,552.5696003080056,1.725228096451202,0,0,2,-2.3847342525640336,2.095647767377021,-0.740362197175017,2.6922941971921786,0.8971289957345309,1,normal
3.688689262578016,78.09519597847381,255.94208026677504,6,12,1333.4250989626678,421.83152677225183,4.37974767632716,2,2,5,0.2043623426744936,0.4569723959260188,-0.7362398052318169,2.1179090091193973,-1.463345290363172,0,xss
1.377121859237381,1233.9033913739852,732.0627792945784,3,0,1031.7415525190308,1177.8592194737234,-3.195607951878573,3,0,4,-2.177067438553296,-2.3067474073627,4.0589622333865965,-2.844523783212352,-1.2642989294613316,0,injection
6.01689105901432,218.7517146228709,92.34627088197824,9,6,1615.4342900160589,2080.829103332817,1.008328289949691,0,0,1,2.114399226899083,2.869932047906229,-0.8368981064209817,2.8705825542919934,-0.0662880661905818,1,normal
5.449529688180697,210.36393550414653,1153.6392303514294,0,6,178.34239784318746,1499.3535407913064,3.617524571694405,3,1,1,4.102192752161091,3.2312879604490554,-2.2790131475787287,-0.5128796814295218,0.8959340736494713,1,normal
12.17220353271965,109.2731644601057,504.5329759846755,9,9,342.5963552986655,929.5152928962036,-1.3413664700723629,1,1,0,-2.052515602844738,0.776687631384208,0.1876396501676485,-3.608296421304959,0.0320004835658551,0,xss
3.3080589233462887,17.456141082827337,539.7499859888495,0,3,1854.0923728689247,2870.135761569374,-1.2029185331033103,0,2,2,-0.3443482782905385,-5.437378458281536,4.00538327730429,-3.734102354936052,0.2606318190584323,0,ddos
8.267687047025005,529.2086819145645,467.3524560004325,3,3,699.0726280047131,480.11640369576696,-1.428405853889742,1,0,1,-0.1974471122580805,-0.4151196399448711,0.4072156260875669,2.230493490171164,-0.5145104913328925,1,normal
0.5185041961888683,1453.037712868459,243.1290121915912,6,6,981.9709945590448,742.4136446855139,-4.085346362941547,2,0,0,1.5808379708514757,-0.0557023166596664,2.673098850557181,-0.0608005391477677,1.3866807962177192,1,normal
3.8467657627843153,1119.1909215554258,348.46664247072295,6,9,220.70481358093213,1391.549302718449,-1.9320507770283195,3,0,3,-2.105185555067015,-1.7913654165213606,-1.8019036549177363,-2.388877811146471,1.2057847656319465,0,xss
8.536811027870625,2643.982017539145,185.75247298847103,0,0,4854.355429678639,281.3732399563107,-2.07628934971208,2,2,4,4.668664253093774,-6.24458885645005,-1.225616906787084,0.2644826168808005,-1.0601409262248096,0,dos
5.495744683900283,30.34130335506735,417.02481095061154,0,6,718.7017786814163,508.4478819269078,-2.047469595830014,3,1,7,-1.688854109169889,4.15560953575659,-0.7161807892193317,-0.8666152384923189,-0.1356533284904262,1,normal
0.244488478938859,188.9538962204863,10.74884897194382,3,6,71.99533090275253,499.9005626321717,-0.53305777469247,1,1,2,-2.5877807735195644,0.7802287061310013,-0.9825369739490044,-0.9098828524758302,-1.846518998862616,1,normal
5.4506017030755896,127.42370728718022,154.34161222990124,15,0,867.3377035400248,3090.811862085468,-2.6963443933123994,1,0,6,-1.391502774451628,3.8707353960565225,4.508996268540289,3.354217535772965,1.0230423966596212,1,normal
5.14738648329053,1576.4298512525947,169.4969740113813,3,6,177.10910278088093,575.9649681613831,2.7602109550288447,1,1,1,-3.6886421304951353,-2.1190744846254983,0.8293809589183809,2.11894564084057,0.6932576691010118,0,backdoor
0.0849677686301079,1301.749569987436,102.618145175598,3,3,1100.055462978038,863.4036112283196,-1.934865949662568,0,1,1,-0.2450674675749842,-0.6130929318672789,2.9678178073447903,1.6701472079088366,0.3540324330216395,1,normal
1.4979104241653465,684.659957315498,83.79973577089629,6,6,1039.0508179455085,289.1194791525692,-3.300591554887929,5,2,5,0.6995603011899747,0.2040057081492727,-1.5267684832003043,0.486933901998587,0.705581876327723,1,normal
6.055521517671124,293.4144384894888,146.3407654507419,3,9,87.9479459378576,638.0587466910727,0.8236992644218224,0,0,3,3.2343369075441144,-1.0276519673392075,-1.3847281953278725,-2.9491336776554764,0.1351490071974571,0,xss
0.6581464374726533,1525.542428938988,427.6994358803693,0,0,36.58873780726599,195.6468660046419,-1.745744696583268,1,1,0,-2.163780445959837,2.4177968349482675,2.4926558834832813,-1.3596380968287454,-0.1804102265033361,0,xss
3.434733158879058,546.9312903712016,491.9379926187723,0,3,1210.4114313122566,1155.0324192875337,0.8881226406582748,0,1,0,-3.6903416696611497,-1.1759796881350568,-2.1353132594006565,0.3073148784266711,-0.9530988309166428,0,ddos
7.346485129258166,1148.307567568202,98.86611176524389,3,0,558.4983220621141,684.1443204087371,-0.473615248042142,1,1,1,-1.4481680222934052,0.9525951637244504,3.2051645709076686,-1.034668882669132,0.037413560513902,0,dos
3.1769568407736286,1492.7262768380187,298.91963418524347,0,3,760.0441978302742,984.4669722707272,-0.8781925689989165,0,0,0,-2.4247957323230427,2.670349260157555,2.6883555514512683,-1.161436695874808,1.671860639751025,0,password
1.3845917506700611,1185.5246472648264,515.2324018799457,3,9,902.6082287816254,10.070260333791625,5.392326657439779,2,1,4,-1.956702221151084,-0.0490593807785986,-3.0769448393315537,2.189605178950454,0.0416049149144274,0,backdoor
5.276766628403719,2060.3652322544103,84.14127085462493,0,3,2470.0805585074727,2093.227054644492,-0.7899781850316658,3,0,0,-3.019419349551103,1.5031443334661925,0.2119967227506682,0.3759883285446452,1.1957534310595253,0,xss
1.1934004356908814,541.8948601391317,285.1688331187846,0,6,340.6112673178696,1044.7614589605423,1.3928559741456583,0,0,4,0.5426932553174835,0.5956306776836241,0.7222976241306514,4.775124658492574,-1.3860336061171583,1,normal
4.132027809761557,3.637770929381001,970.9874322400714,3,0,2070.1530683389115,428.4028225517753,1.897106599401087,1,0,2,2.631207453533851,2.0557553852103245,1.4612964305982084,1.483057946035509,-0.7021845527298888,1,normal
0.8503131456161208,192.0768031685114,580.0313668477128,0,6,871.3189469618894,1852.3416634059909,1.4250046489599522,2,0,2,-0.0628621938864251,-3.648564261214117,6.460064669436171,2.8764110014063826,-0.72569554185777,0,dos
2.005524505113971,3046.6149138476326,44.19584404294048,6,0,1278.4687998596355,2893.6203140116904,-2.2655649799440374,0,0,3,-2.234151018586317,5.305414834964852,1.3585879325166652,0.5614802544218656,-0.7145931637156145,0,password
0.070517174928116,70.3971444176127,316.3039572477699,0,0,102.68156309091808,858.1173200833663,1.5439554393366597,1,2,0,-2.196501352892968,1.4843726162341135,-2.9159277942351807,-2.69095519086063,-0.1869847742052342,1,normal
6.687990462307873,847.2038883187568,38.04940595305554,0,0,1430.9337960613304,1550.7527469452934,0.3988508472043148,0,0,2,-1.6382901455165344,1.8423236594469528,-2.1864834134466,2.736167585694795,1.81531093676194,1,normal
2.965638884599852,209.6396593164327,47.76338542981956,6,0,1875.938273091624,177.5289746365366,-1.9702749869040708,2,0,1,-1.2853806314101637,-3.000736099250089,-1.1042763263078097,0.6203756941092714,0.0323216138444848,1,normal
0.8678039488297091,457.3978676575027,318.61028229929804,6,3,1824.4088129764616,1263.12214519702,0.14798621865339,0,1,1,-2.488842739945599,3.731920856942182,1.7319954410373597,-2.2338191334965907,-0.427341611869759,1,normal
0.6242720002549351,553.926985680989,316.7723542252055,0,0,68.30970189317982,683.0013553103819,2.86366602357376,0,0,0,5.646874280501248,1.830073592498317,-1.428408568401417,1.679060231131268,0.0030871328850062,1,normal
7.2797541169197,293.45579811206306,1425.0995745145142,3,0,1537.281016783913,1043.1564576633934,0.793292704817963,0,1,1,0.4636105541036683,0.8420336255285424,-2.2804739396420675,1.6803604708439646,-1.2676604713613904,1,normal
7.762693552542485,293.68504001506665,512.7451423894836,0,3,902.6665086724043,1331.381112843684,1.748437095565124,0,2,0,-1.6450657751518978,1.0798524081543055,0.6727351011548742,-1.9355335142353312,0.0440780930767808,1,normal
5.75388432406171,660.5243401076951,571.2641351094533,12,0,1719.6291322395905,843.3887446700561,-2.236481733636549,2,1,0,-1.6336988022070429,1.567847011455907,-0.2745958696470186,2.2758945243705666,-0.6772720722402621,1,normal
2.0060260207743035,1258.9560014422595,1263.0185115132938,0,3,1120.5608729462465,1286.2895673911332,0.8237171285956655,0,0,5,-2.871639432506786,-5.804589729163546,2.2010196778226296,-0.2376326879194874,-0.8434864370771912,0,scanning
1.8959488937077904,1169.613457614807,842.2426887718451,9,3,1576.9901040755135,275.18230265007304,-2.4082640329601537,1,0,0,0.092850114672055,3.052023092945229,4.084116429379697,-1.386898293665234,-1.438740220306566,1,normal
5.2157529655655495,234.69086051073285,58.82376067521837,0,3,1564.927705386874,970.4990706016634,0.4593761749314434,3,1,4,0.4298856737027362,0.6932798396668052,0.6559307311272892,1.069588755499458,0.274468299820868,1,normal
8.650063022225345,683.5104044037231,364.4377364556819,9,3,652.5084225090164,843.9373413739379,-2.191966173254982,3,0,0,2.286517009939095,1.9244435794366788,0.5688275966304688,-3.634892461666953,0.7839632937615824,1,normal
1.2473636051251962,314.9904915973788,8.435106996082077,0,6,261.55997655417883,541.7272156516534,-0.5518358958084864,2,1,3,-0.3666109719384081,-1.5961426417518398,0.9402922539714827,-2.61986043282639,-0.0612864187183465,0,injection
3.3638878982028046,865.815925715961,352.89275482641807,6,0,2275.488984148867,170.7863380934636,0.3928491893471409,0,0,1,-1.0856138165025608,-0.0014662620113607,4.980736404684173,1.907036870394744,1.962952094164096,1,normal
2.285914505412383,1462.6750484853558,320.4438310172188,9,6,94.57382349088115,668.5885636224225,-2.944782325582482,0,0,5,-1.873580123066388,4.304636281848647,0.2382144231569045,0.7006257135313385,0.995654664782993,1,normal
2.690364540032784,910.2250850280024,191.00098439189944,0,12,14.08230691067952,1285.3125089496696,3.049837082754854,1,1,0,-3.477171601603815,-0.3210419397249706,-0.6874515175262568,0.5678052743116215,-1.1910398972034966,0,password
1.0491231397195604,606.5182340703242,46.86288424372356,0,9,445.82894392087695,1405.8426223161337,1.0934713943913656,0,0,2,-0.7620532399321525,1.6194163139260305,0.2837871441513911,0.9744876901691376,0.1269559557112198,0,xss
0.4930746132777773,110.008813397917,502.9829265083861,6,0,504.4015448413125,1572.6396356238545,-4.268747569180723,0,0,1,1.5153134813086993,1.513107385644194,2.053247865336865,-2.7845014277796105,-1.1377060285679097,0,password
1.930707418215477,497.38116750778624,1391.4279438809822,6,6,2689.072171844293,716.6991993982018,0.6949589404028809,1,0,4,-2.1143777109994657,4.491830247296812,-0.362159702861375,-1.759415840195405,0.1898749843557846,1,normal
6.046535527156247,761.5238529019076,89.9975991306811,3,12,200.151264096178,793.7507054587225,0.5298235633485283,3,2,0,-0.8617707281693618,0.7239407568614862,1.607778219736682,2.0082710026157864,-0.5119247406073377,1,normal
5.583800100209695,1229.891344609482,81.6273191984203,6,9,816.7835117502761,331.128755828034,2.9547825133521712,0,0,0,-1.895778342199708,1.759755605517854,-2.158403355622255,-0.6455226304164181,-0.8828321384764205,0,backdoor
8.411143510557551,788.7645832074411,212.84211840257967,6,3,2224.0914009008143,1414.5722996285986,-1.231497687249442,1,0,2,-0.3221320126523767,1.7415710239490547,-2.2052964070790297,0.1974868626457739,2.29077429376828,1,normal
13.467285566248488,634.2434502200073,330.3914152061585,9,0,2868.713976146641,126.86565956592408,1.6652507325524977,0,1,2,2.0528475893546663,-0.1924881388610511,3.2181293880402464,-0.0090882019856466,-1.2359532234081088,0,backdoor
3.113369541343676,1043.4477816430235,73.41055354685362,3,6,785.8027900824451,505.1524564048743,-2.7093530316038272,0,1,3,1.288247148011697,2.0325966502629123,0.9527152181769878,1.4891618154147026,0.1024053921091927,1,normal
0.7824472275384385,848.4451101413043,333.4362952625454,6,0,3496.5851357439283,1264.1740722537452,-3.943011019934468,3,1,0,-3.0428825224464813,2.130378418173322,-2.892786644678675,-0.7958881520005723,-0.8729527282170618,1,normal
0.5454981813131612,103.87412824253155,413.1357815001291,0,0,275.6126201615797,275.5384789644084,-1.1931018196794898,2,0,2,1.013690198284087,1.3032287687364967,0.1262293747027452,-1.1054940263360271,-0.6411237380538136,1,normal
1.9522572820849435,1056.473789639404,1339.1587869059651,3,3,494.45924091754927,1375.9886785569695,-0.5468146832311376,1,1,2,-3.352525380116658,-0.8586714785613607,1.0478747941120414,-1.5606306819270006,0.328656092059867,1,normal
3.190172802476266,156.5055731133913,431.80514746415,3,3,1124.217924799793,671.3379347405531,-2.7656495520762903,3,1,3,1.0732972455688314,0.4115806923851454,0.35221608886894,1.8329187512789928,-1.663695899930017,1,normal
1.5779773666910164,57.12853579740229,953.9465292483616,9,0,223.52670596045087,110.54884253805702,0.9320889320734532,0,0,0,-2.7501293577659567,1.4723402160222814,-1.154037383179061,1.4428035847572118,0.0805992896358193,1,normal
6.756813917547902,624.0717153567794,600.2199120709291,15,9,2246.6681333837523,139.71457763765784,3.3931513580787387,3,0,4,1.250093425283266,2.109939850426937,0.4792446746319406,1.6322635194771933,0.9881806123558636,1,normal
5.960911979929746,514.5876935450641,65.94115798130241,9,6,478.1281713511048,121.05220714532466,-3.412229441836573,5,1,6,-1.387371143727027,1.0439898526680478,-1.1980378318848035,0.0802154188175729,-1.9535847726857416,1,normal
4.202015327376942,2199.401891816511,583.6862051915779,3,6,2765.8410793813737,1815.3972051350795,-2.655212340548755,0,0,4,2.031025618266539,0.6695926956797895,-0.8551192982305191,4.79337032075841,-0.1588230986894372,1,normal
10.492558431797558,549.3947077196702,79.48556513367052,0,12,208.3597497001008,77.05450242096671,-3.654966126765614,1,0,5,-2.732948218386521,3.876190712295759,2.40361120143532,0.1147993568431531,-0.4522550002394092,1,normal
12.161339466075187,833.7066860675175,127.9745100818708,3,0,3330.141962858795,911.6373617072304,3.53177128137772,2,0,2,3.8075544861779225,5.6107450986112095,-0.6794443686327432,-1.8501014210175,0.9125730000221876,1,normal
0.3147223121346398,498.1202822646519,775.9693501232921,0,15,2020.34247836878,2415.776307894636,-0.0421684086265896,1,1,3,-1.8667000579818016,1.8048371568232355,-1.21955889019829,-0.1478164894701583,0.8464696587196381,0,scanning
7.235213872272887,1879.2355956333809,153.26531497707768,0,0,273.15401655623026,246.17250869215547,-2.2441594392988025,5,2,4,-0.8147234280608464,0.928231073292174,-1.612889562128339,-2.333437667010722,0.5833757850927634,1,normal
0.3095002618872874,1743.891689922902,496.89685435267353,0,6,2817.1842229177823,431.4968391514712,-2.5185857342104376,0,0,3,-3.0923819249143847,-2.6071481057302286,2.2264212201332727,0.9872743838880956,-0.5533983193376987,1,normal
1.9557279750596013,196.01203945434025,771.4606293267746,12,0,258.28231249913574,1434.5432906522128,-1.6742088157457349,4,1,3,-1.3147114073348585,-0.487518137060128,0.3580839486853169,-1.833410936682726,-1.0029127934198585,0,injection
5.0307409564129335,377.3557153064806,685.0718618688478,6,3,2165.64771526511,1505.5281924162318,3.26559799038136,1,1,1,-1.0198986915605388,0.4616275609344997,-0.4819638786215051,-1.3016275116939906,-0.0292077972105744,0,ddos
2.4779215562940555,1741.5849065962984,413.2532838890827,6,3,135.40050187990224,1006.4776596563534,-0.425313097715786,1,0,0,-1.7747296157325052,1.063247214064835,1.242457591536476,-2.660385111626431,0.1312984952708086,0,password
7.870351746438741,1217.6715319829525,167.27683558421757,0,3,791.1977403924732,658.5108009432464,0.0962138092542044,1,0,1,-0.7047122028382429,0.5771382341612337,-0.4872799712682895,1.686979453337874,-0.9696210656652112,1,normal
4.810066254864486,1535.8816842740114,598.0860828557298,0,12,2034.9820006397567,867.394171322916,-2.059385102202363,1,1,2,-4.243880811424725,-1.7753583462562406,3.617307993058124,1.2263821127698933,-0.0530282203353387,1,normal
10.405447623131852,1919.9684120399645,968.7569216285948,9,0,2649.4014499904074,304.30024029171926,-1.4305328168252225,2,1,1,1.2809336295740938,-3.449096723361005,-4.326133744691252,-3.1840475798504886,-2.1694227846867102,0,xss
2.349950970033325,1257.4549832313514,347.4383331246048,6,3,3018.671487221073,904.5037759120344,-0.2206861851540472,1,2,4,-2.491265117172288,0.4983434125188505,-0.724631563051443,2.526110806620556,-1.0641583791355906,1,normal
2.697308677550454,1524.1363192447284,301.2639167733385,15,3,1025.945532359947,542.5785275421947,0.3443482994129965,2,2,2,-2.434254617825691,-0.6578663331269032,-2.395949738515568,2.5643839718225303,0.8890858217793403,0,scanning
6.787312090611408,119.8260304801777,150.7418595527164,0,3,2405.131527244529,1841.315938034397,-1.7882526214576395,1,2,0,-1.052242945703613,0.7636246070847379,-2.049624671637392,1.4027920351047325,-0.3156405783972297,0,ddos
0.3952087825956342,383.29439629554565,50.229044822858846,3,0,784.9719130508635,1392.1416683362631,-1.0997458321192417,2,0,4,-0.3368723404450473,4.583700940897214,-0.3975806897637335,2.558778018400276,0.3726542738725676,1,normal
1.643529143016107,1134.6181846296054,149.41564770302853,6,6,411.2022069823872,2145.4749759212023,-0.4498991469378648,1,1,3,-1.0096811760295703,-2.4492055844058305,2.432153187805433,0.7081028395517681,-1.4407767442202786,1,normal
0.2493035377073358,741.3930308058649,588.3445832127715,6,9,1109.979801566002,456.3516748944647,-0.8340364659276547,1,1,2,2.703780573113806,-1.834110346716896,0.0392669708893247,0.1009185449862088,-0.9920122648158476,0,scanning
6.730514794535518,469.8295812104054,79.97273986358681,0,3,865.1623354205153,977.1488968629365,-2.3521795515944923,1,0,3,-1.364948993202857,-0.5274706884439715,0.6178101494993264,1.7177143775403192,-0.2304976241221947,1,normal
2.074754787639748,645.332671421729,975.5016290435908,0,0,1095.2924954058692,237.62230969910908,-3.746394544054008,0,2,0,-0.2429864112927756,1.2393030048389135,2.341810879510549,-0.4753241311700932,-0.7175799987412518,0,dos
4.613183979878294,325.6330479102347,344.95446977741625,0,6,704.3412074717015,82.09650961507442,0.0325933816974719,1,0,2,-1.1362961678760972,-2.0705508358670484,-2.1606255153479865,0.1712228727521667,-1.5167423720789182,1,normal
3.590788574744474,186.19257290091628,58.59533972870099,9,0,2120.5893117622745,423.8498450468484,-2.534830995781612,1,2,6,-0.9108000465097822,5.096862082217715,0.7711395360917427,-0.6188599305553006,0.4087982421806339,1,normal
1.1683755836569178,627.6166553948974,633.9390998727108,3,0,1151.3835744890723,326.8757319719425,1.087366844821565,1,1,1,-2.3253392495138434,-1.094007822086379,-0.5825654541962169,0.5950720210755961,0.0350254636097124,0,dos
2.832012228510164,561.4916962126447,224.3221908968113,3,12,1187.8374141210077,1679.6028633538426,3.595031661165538,1,2,1,-0.3808262653729108,0.8265183374310163,0.4359094931298042,2.0843012905294,1.4013325544945152,0,xss
4.38637843025747,89.62158846184454,166.8784680641606,3,6,336.6894805678908,276.5543541819595,1.9672539089322336,0,0,2,-1.77322734605454,-1.112089182241413,-1.351005298482429,2.195252449570414,0.3075215831357103,1,normal
0.8427636503436473,674.2730392015719,98.25401002789144,0,9,2216.710437097456,1397.4724111973626,-2.5277474046202606,0,0,2,-1.8218102068208044,1.1962833296230575,6.246749613250546,-0.0471285821520985,-1.021146393184255,1,normal
3.902320163524444,907.008305509481,55.98203869566849,3,3,1671.2487545973784,1620.1842935143527,2.291781058198837,2,0,2,-2.3978837801388657,1.3444406109783549,-1.0292259346428998,4.061242220645904,-0.2430178721042529,1,normal
3.847318836979132,1599.635674722249,443.2730470494813,0,0,2366.748316473688,1489.8429028637886,-1.3507781301338997,3,2,4,5.242242054955269,-5.280193358703422,0.2876034618200378,-3.25329056359678,-0.0203248656565477,0,ddos
3.518692475189446,365.2393559420291,97.51971954831885,0,0,282.59409948125614,1476.0848334577656,-0.5760407948998951,1,0,2,2.067721227902556,-2.420400112130423,1.4098473253164492,-1.533624721725121,0.0871132826017841,0,backdoor
3.447251073556422,320.18141832766446,327.8048707122813,3,3,1176.6402320732495,252.38055870754587,-4.278415683917644,0,2,2,-0.3557823961198118,-0.420894106514748,2.040956970275688,-2.751467591739342,-0.491142100724442,0,xss
2.060002433977429,2300.902053897968,938.7495775972696,3,3,4199.979174348184,3184.9315879596293,0.9963213871181746,2,1,2,-0.5547102386714073,1.6100689110963156,-1.9826042403928512,6.608961848513961,-1.4119095460198905,1,normal
7.668625417371114,612.2495677470145,81.84611417575505,0,3,4184.211419076417,2027.674063216808,3.1555489918005915,1,2,0,2.447135982006703,0.3113163581564619,1.3719822427683597,-4.931282803201147,0.3265656735720417,0,injection
1.9078805958123293,682.0791172530801,145.86350854220467,0,3,412.95237288545377,422.308453480698,-3.4332238884215656,3,2,4,-1.6643525094719889,2.075580384670016,-0.6973631819419323,-4.005857972585175,2.0116501608092183,1,normal
4.740939245819899,3487.431326737007,161.36427272839845,0,0,8918.01669633722,1091.2004667873166,-4.432782525518307,5,1,4,4.341958251447165,-9.426704124154018,-4.64759104390028,0.8440643214686283,1.5188008910988289,0,password
4.33349544602589,72.23997099093205,280.32774479518025,0,6,2385.354909208461,686.9030708318646,0.8527494304676988,1,2,5,-2.408290278735944,-0.470962876787601,-1.9174594540290584,0.6628796659133157,-1.04767735755573,1,normal
2.0399181917578235,1003.125533645994,849.8598986002522,3,3,490.8892759255178,1106.1582821804493,-3.566153952987449,2,0,1,0.0854315469869355,2.480464446341605,3.438841012207745,-2.8237959441023985,-0.2098474252274519,1,normal
2.878746732622504,60.63545636068912,789.18536994249,12,3,570.0302587314937,177.6672533142028,1.7896298592951858,3,0,1,-0.3354442955060606,-1.8012292372375518,3.049402328888012,2.0793731346406874,1.221981384519049,1,normal
7.097957481562536,108.62343235778684,343.32885533028264,12,6,89.97789983554921,579.0062043087441,-4.392951686392688,4,2,4,-2.040436411434879,2.821505795309047,0.5656307942216083,-1.8373878963693075,1.687016194566597,1,normal
1.9649962579587448,628.4067779809703,60.45459428708068,0,3,301.996254994866,840.010538534764,3.16060530941036,0,0,1,-0.7961957111231873,-1.9495453735725945,0.5759504552976682,1.3208235682847629,1.3454472472024923,0,backdoor
2.324279609441081,1342.1375185840805,342.16175391710715,3,0,1622.0799551770313,651.6837454924591,1.7760115431897048,2,1,1,3.659400544764917,1.561440580461779,0.5206310585080377,1.1547897037293824,-1.017841218867365,1,normal
5.164291200063016,1983.976447795491,782.0001903700866,6,0,2799.941971734808,1550.335931976056,-1.684780931071821,0,2,1,-1.1853180981214355,3.103234048406825,-1.2168071610689422,2.9385663577813887,-0.8133272356036874,1,normal
3.840299957395227,1374.7405486159755,8.130892805817869,0,3,1582.8117129196678,21.93527513609381,0.6938624343742665,0,1,1,3.5947795228774115,3.753671061209304,-0.3453576539944358,-0.859025429614318,-0.5481373776449506,1,normal
4.1062742712273455,868.5687296478642,310.1794857009789,0,6,1026.506100600272,593.0194625667349,-1.1309624372270632,0,2,0,-2.445676810702445,-1.2725330326136632,1.8690909087422545,0.824823600449011,0.7100631476924442,1,normal
3.0035970843188857,1686.593103177133,128.65945246029108,9,3,766.4460293239628,915.2218981847084,-0.6961501040601896,1,2,4,-0.7498805418091159,-3.071061037949123,7.180152283261506,0.5152676984381862,-0.674092534338456,0,backdoor
2.8751530560946192,1253.1108852989448,180.8047069038685,12,15,153.6843382081626,1148.9622145860333,-3.6491718431724127,3,2,0,3.077365028933252,2.5416683557664155,1.1819044347231535,-1.8755528628616027,0.0324301917259654,1,normal
10.13311089096895,2126.611260027896,537.9665814774309,3,3,2279.025592825126,1855.810596693163,-4.895794090294049,1,0,5,0.8842460127016147,2.520945620176129,-0.2839761800716522,2.148111946944422,0.7581245311905768,1,normal
1.137180229340865,66.21932070196391,86.9813436192551,0,3,2647.668752402942,321.8645332305241,-3.633504008217894,4,1,1,1.397752410902095,-1.377272121168304,-0.2592013036642822,-1.4366897303678503,0.8608767614200882,0,ddos
2.8234426009900035,104.78707865132714,92.1419562109694,9,3,374.2021732737857,788.8963600084536,2.1296306487785897,1,1,0,0.1202777366458327,-1.01720709339115,-2.817773311741811,-0.0106259794616798,0.3849621385668952,0,ddos
7.100940553963227,1002.3131111736774,604.8536093614563,6,3,682.3941072122731,875.1756115693888,-3.1417403086396094,2,0,4,-2.278918387592223,2.135817752148192,-0.2369221114309888,0.3592380931656351,-0.196641804245556,1,normal
17.513413294997548,26.9845515033752,691.5369226958024,3,3,737.093957306145,518.142576198697,1.7462611890666733,2,2,1,2.0367319885914035,-0.1377105946171477,-0.5480876197589191,1.909864577728548,-0.3854821085236189,1,normal
1.6533340243100314,152.31641796620045,425.6419434266671,0,3,2381.7595860171887,1805.300969057796,2.656976215196054,0,1,1,2.973518527641014,0.1627978213696435,-0.3857438636782037,-4.269834766299224,-0.0967422835428049,0,dos
1.713555314490137,1545.7808616035982,554.7619279097086,6,6,130.24073038657002,2096.4170898518823,2.4548192589971487,0,2,0,-1.7910679490189456,0.2807927224300227,1.4323546654673274,-3.855653815101818,-2.0643666268241065,1,normal
3.899729220738592,1730.7706462143155,385.0425260444768,0,3,445.3200539719676,262.487930632657,-2.979623533051387,0,1,1,-0.1714101836545725,2.4769513806530656,2.528117612339978,-3.166067888047277,0.8603625093611422,0,password
3.30357509627991,219.7255351072473,508.70078286899536,3,0,129.1447656002565,428.20481671110144,2.052583072318673,1,1,1,-1.5365423543149868,-2.257750491465341,3.0011486842215414,2.7288058831681323,0.2707340960145979,0,dos
3.3292289047221035,1030.7354506383747,238.37140542171647,6,6,1637.0102362609928,696.1864537969141,-3.893326574807229,2,0,4,1.5759540961821263,-0.7862711099473323,-0.1871799149840982,2.392486607484651,-0.2621663819158812,1,normal
6.809202475624994,145.26224143447553,201.44951977777703,12,3,863.8407533593906,957.6903697210138,0.0737432636539117,1,0,3,2.8231572994389054,0.720193279777313,2.559328923114966,2.643346641744928,0.5565985855640603,1,normal
2.2697664585338,2694.6206889466025,514.1289745019327,3,0,4639.17638883102,1590.9062757820095,-3.640015588953376,0,2,0,-1.9727669499626213,1.1349811886739625,-2.4608695805308667,0.9016986629007758,-1.5772837371077149,1,normal
0.196394985211238,293.7882813266765,861.7616401264858,9,9,923.8489306619308,373.2133114145376,3.477626925693894,0,1,5,-0.4423651954992406,0.1788617204647193,-3.818091666153628,-0.3247193829650321,0.784434899265804,0,scanning
2.503594152595387,1943.5981307796424,6.901881146353952,0,0,3621.334690782413,2209.192152618135,-3.401333687653784,1,1,1,-0.7485301449971256,2.317140342831648,-0.1144434919376908,1.8826097939364297,0.3302271035144243,0,password
1.858035023076563,126.98242458511294,255.25685606073017,3,0,397.8367261686958,180.8217557112426,3.750069503601906,0,2,0,4.0191760489063615,1.825409811557989,0.0151653318716404,2.4267480465335467,-0.5568814427612797,1,normal
1.250210139517751,1683.9491213603685,107.82779044205591,6,9,1229.7867980229582,1179.1650048599568,2.420181750482039,0,1,1,-3.055180352268692,-1.539622504479665,5.689689920740596,1.574299445485734,-0.0184576086378249,0,injection
0.7849417281134192,498.7121462267019,1061.1435985649025,0,9,171.83092370973068,1312.660204592545,2.343159823024064,1,2,3,-1.2620538086356925,0.808577909961772,1.058884561857319,2.4323392798332044,-1.5993307477209044,0,password
6.526192297763688,184.9321639870598,419.30565004300126,0,3,2123.0795549413,985.8294625757534,4.054703486114244,0,1,2,1.7961997581813551,0.2624194949891691,-2.077408688773935,-1.6320031432108375,-0.9963488514267724,0,scanning
0.5613440330638773,1210.6796200132353,1457.1117638218095,6,3,1228.4104073596047,1691.2954036138267,-0.4690231491319672,4,2,2,-1.8655778522937745,-1.5559016776996464,2.875675567286371,3.760711821260605,-1.613216065476272,0,password
0.0618097788591267,384.5594234617827,422.4425861303627,3,3,542.387980778875,227.34472108599752,-2.072107493240888,1,0,3,0.8782242570749301,1.2634345963749984,1.7507278677291374,1.4086529141974735,0.4842213090911895,1,normal
0.4234570710405691,2337.0563860475013,573.3831402222137,0,12,925.8489614164546,1126.6482481265082,6.5838266849760645,3,0,4,-3.535773343010873,0.9191235851410068,-1.949550844489045,5.779244622632475,-1.1816591591019463,0,injection
6.5370680427755765,79.21154335940616,599.7974736931644,12,0,1332.664507759339,1460.2929423263856,0.2063541812709959,2,1,4,1.4410890029290322,2.7171947137296684,1.018857208949026,1.2085903800356956,-1.1563442182541994,1,normal
5.299737434899333,524.6678647953383,114.96384818837998,0,9,44.401255464331086,1797.3655984414436,-0.8512794071372134,1,0,0,-0.6048603286216561,-1.022040328477708,2.273931623940632,-1.7168580065587498,-0.1778873049549943,1,normal
1.4827303816092685,1749.1740999654394,784.1246962883588,0,6,890.2340430065257,899.7032554515997,2.0588437097514607,3,1,4,-0.8891387912472142,4.965572489009119,0.0259618195879614,3.3855171130074657,-0.360549099334268,1,normal
4.624424848534005,89.78054707732585,606.263511563608,0,3,1631.465575767732,214.15280290565047,0.303491068689446,1,1,0,-2.1236234618910204,-2.6272444554314385,-3.1185521927563142,-0.4652091185373712,0.2183326799198189,0,injection
3.903860572995096,1886.1551051406743,754.888205459771,6,0,986.997000179162,1398.637770110845,-2.053213819637567,0,1,4,0.0878667717921342,-2.187426643894425,4.007706559622121,-0.515755432314218,1.492862207109634,1,normal
1.1141179861418689,555.596517405135,801.2096292969474,0,0,131.3096549488878,1231.4290527906578,-1.7303964527127969,1,0,5,-2.057603984283073,4.620141853050905,-1.1377713204926598,-0.8064073255741493,-1.0334281996051835,1,normal
5.353694194835028,849.5812363615532,394.0697273567552,6,0,1334.7513228947682,161.03581112987038,0.2699059926420066,2,1,1,-2.423481128015307,-1.494490948198431,-1.9382892717344773,1.4241718759746265,-1.8078581669781453,1,normal
2.086877128370044,474.0630446839866,50.00332673004504,3,15,231.967249487952,1011.3229640105476,0.7251233239714467,1,0,1,-5.667365324185831,-0.3241139525640728,1.4561334831399193,1.2523300194939664,2.1574336984265026,1,normal
4.661811348552173,1399.7990746956864,404.7742055463719,0,9,119.5292676126597,880.5760692859078,-0.2411205685385365,0,0,6,-0.7349043531584326,2.792053337917692,-0.3916655234294711,2.813565054348871,-1.4639262077647424,1,normal
2.079757391262952,1198.8834149669394,764.880045030247,18,12,210.6902067041113,1023.2476620800504,2.7981536931560145,2,1,3,-0.6926958931968548,-0.1923023971065778,3.8295791098123466,5.787535955579461,-0.4419915508694039,1,normal
3.660132368090247,218.3298759557366,298.46582943766765,9,15,2226.6322869250243,763.4933876801956,-2.5032427400786403,4,0,1,0.7016917404393048,-1.7174971427080925,2.725454880351405,-1.6841201106440733,-1.3336691815035338,0,xss
6.399768335654496,722.5199995967837,259.77956668892307,6,0,1333.4797875342838,677.5858380381464,-4.30099414624183,0,1,1,0.4146756071549755,2.418431561156099,2.1482496147536776,-1.2780139707720597,-0.516359324937072,0,dos
1.2473559789681137,788.7791288520647,561.7642175870925,3,0,1140.695285079372,2028.673381197337,-2.282462044607822,2,1,1,-0.5768664573233143,-0.7500113926242638,3.892311442521424,-4.424172153875074,1.031290697723839,0,backdoor
1.941350913287741,822.0286625709737,123.30708678996956,3,15,949.4454835633488,44.53313487329121,-1.649973133423931,3,1,5,-0.3093628199697666,-2.089222339055711,-3.7496839283307937,1.815189241491124,1.5770897556406762,1,normal
8.08300735222409,319.5485994499343,349.3042030626312,3,9,830.1313874273752,1489.0433785617497,2.893944542150669,2,0,4,-1.2805900783595112,-2.9632802845270314,2.625994329140723,3.376510620939608,-0.7468023907475626,1,normal
4.90739616395811,126.15056775389245,167.86056797484986,6,6,603.3731098506901,62.395528746848136,1.3691207544882713,2,0,2,0.7044056817234023,1.792038490071027,-0.4352799031896299,0.9499559178941324,-0.9248712814788942,1,normal
10.439381763039371,632.8505596953586,452.24729290826224,0,0,3071.9878923742963,851.7467123903602,-0.485089235484732,1,0,1,-1.8438241880414703,1.998453821885244,-3.690695793103586,0.0314861445316385,-1.2799438985837108,1,normal
8.670614991545065,304.2593847084632,65.24054464823176,3,3,1082.5136440103945,1505.598696339517,1.1250984696810418,0,0,0,-2.5625737631714545,0.2228200241599497,-0.3046453154197142,-1.9807464222309228,-0.1976848031806542,1,normal
8.567829097697192,608.6859132407703,250.669996756304,9,0,1316.9147606484137,320.2054256638364,-0.837184199269263,2,0,3,0.8482655357194229,0.1447959564982817,-0.1662609984657292,-3.186082575020187,0.0706209788378488,0,scanning
1.9385108962024595,173.20809565374523,373.8184244072578,0,3,950.4986541873878,263.164925153919,0.5175864360685789,1,0,3,-2.7133219785147977,-1.6550728094281548,0.0323740191315473,1.1797578858239683,0.425426522696665,0,xss
4.72372218230792,276.8297587173845,557.6272427072856,9,0,466.8784340543627,823.393865733105,0.6323442179431567,2,1,0,-3.380646781278039,1.887772941172282,-1.0848352919493078,2.15352808290333,-1.0762090052326674,1,normal
0.9027628319722684,44.20806675802535,357.0536919107136,0,3,681.9640567774431,928.7034558730046,-2.894058191356745,0,1,0,-1.109704363157714,2.2710174687054003,1.858584382311896,0.3431013737483925,0.3982828302073359,0,scanning
2.5338292799010698,1203.0995039100062,509.8961617324644,0,3,2534.46518396018,307.8530134112712,-0.5727299058287614,0,0,3,-0.0575393917620392,1.949982972317444,3.0688622810703823,0.6627167541088759,0.3979177412235512,1,normal
6.787118157037295,1243.9997089656763,96.49645702388524,6,0,74.47521265402767,1489.556348859921,0.8182308202923931,1,0,2,0.5149808090959321,-1.7830129211918309,-0.3843138859618903,-3.018425808267428,-1.3917166359210251,0,dos
2.028555103209527,789.0051654306086,897.0402892216134,3,15,1255.2836159617086,2301.3829108316804,3.380878977407062,2,0,3,1.8215079187585173,-1.3894781521357666,-3.6005473805431505,-0.7758665021071298,-0.3583466421644811,0,scanning
6.889310776015931,158.24644178565518,4.973563783009676,12,6,1034.7699526638214,215.6341932651229,1.0761687104585935,1,0,2,-0.6961581593098345,0.6829992415919948,-0.348646972614433,-0.1456721414833213,-1.3804821874046762,0,injection
1.237758154738171,674.2265292825301,81.60853578019992,0,3,1244.6329121812855,559.3274637485241,-2.307356045442193,1,1,2,-2.269064506080321,0.5522988430775352,0.1501787431025416,0.0415235092529802,-1.101082136671663,1,normal
1.4070099752158218,273.71088270545505,377.9389086393037,6,0,1397.643260856264,497.948358522596,0.3708948970332583,0,0,1,0.803146695312944,1.3643981033547008,3.932142902119282,2.3639367834747778,-1.0126262643302937,1,normal
1.7930159752027464,671.8637111713068,39.75467121832144,3,3,2751.470627130056,549.4734955885175,1.5259027328743473,0,1,1,-1.1697411058072176,0.4880352639771329,6.327958175344001,2.852798136865932,-0.8886486544018873,1,normal
8.16918302289906,98.37342780272483,579.4971148569682,0,9,414.93653402686175,683.503807483695,2.064649227413716,0,2,1,0.9377778115736756,0.3176870802348877,-1.4733258016573836,-0.9625429475496434,0.437166123745004,0,ddos
7.809315432848186,1871.8155394456724,201.15149315889863,0,6,413.76418275003937,1180.2771809068088,1.4904914458859968,1,0,2,-3.957339809859453,-2.4974119811931383,1.3984069779034265,-0.4798666352500411,-1.4058606034767749,0,ddos
0.6993128080035327,2041.4733608177849,215.5810188405732,3,3,2673.862275872152,2407.549596221196,-0.4381292431617091,1,2,3,0.1550603967313519,3.923429506769138,-1.822624629726751,3.4942028248086885,0.6563087439545798,1,normal
0.4404961350278306,453.1283424683388,121.7901872212243,3,9,399.61252059792656,483.4138437985698,-1.6621232800171692,0,2,3,-2.9176579629043893,2.78441653745642,0.8838805500701327,-0.3542851639342257,0.9545792935668784,1,normal
5.567412356513128,581.4584579314314,988.4242003407018,18,12,464.9672908668289,1040.1488874252668,1.548777841944917,2,0,5,1.903055106451369,-0.7014097374742609,0.7108025009717336,4.510785299319442,-1.1568422877230915,1,normal
11.813511232548,101.34756736226758,27.124575276078566,9,0,3551.855800806046,33.26019242048152,2.3398490396219,2,0,1,1.3020569583983808,5.59953225876697,4.172248177484061,-0.2369586003000792,-0.2801234473250316,1,normal
7.0592381376813504,0.7420215984824674,248.91374213497613,3,3,2350.99237325732,912.3101014254728,-0.2580101342957271,4,0,2,3.351430620022793,2.73300413185924,0.9361994754896764,-4.167724495358937,-1.0226561068342956,1,normal
3.899405976824613,3142.488185640294,427.6932585638765,9,6,3891.8054938731343,1964.9838585218863,-3.653987768046955,3,1,1,-4.421395011399595,-3.256935596596116,4.13313289506948,-0.5407484882600198,-2.7998211730680294,1,normal
7.776861910229515,1614.4441171433702,835.5511593361765,0,3,1957.625844874484,275.81354992686954,-2.726798402486488,0,0,1,-1.8957971471580048,-1.293841002046782,3.913772420427991,1.6327982728961656,0.7970883402372119,1,normal
5.4334911293548345,775.2022275189372,1144.997634460205,0,0,3292.826155514288,1668.2922890348304,-1.040176161042005,0,1,0,-1.690907113861066,-0.6449539023911304,-3.3802851812169257,0.9462968842497848,0.137437546253428,1,normal
6.314329097362617,14.97773201174124,173.1238134554278,0,3,559.1874461413978,220.6660973135174,2.5163516308969136,0,2,1,2.546731637738968,-1.6216762005908871,1.0262849536450616,3.885641944667646,-1.782343883955005,1,normal
2.2677799959204408,603.476934560415,442.5453599865599,3,0,1098.6898405558484,518.3677247137232,0.5383343092106723,2,2,0,1.4522971078177094,3.3983925917120352,2.4934754440462825,0.438969965965291,-0.2237858115404234,1,normal
8.304898657292103,956.3042367254,39.39651310664729,0,0,3562.901738651299,2131.889797486363,-3.2887451161529864,3,1,2,-1.828781679167996,2.343662578973269,-2.6626871102304053,0.1479647867872873,0.1786560864611611,1,normal
4.157342041796969,1688.3363052274642,1205.2051098408842,6,0,1510.9371247784875,112.03792634393704,-0.7185726839667346,1,0,2,-1.647422110629065,-1.6650445474166098,1.8581668343126527,-1.3469730022143651,1.143642920713989,0,injection
4.623499476103867,1049.8540028202754,58.05988600054047,9,9,332.2860354082937,945.5510709220616,0.424637907948844,1,0,3,0.6633207470092352,-0.8599958641220249,3.120316501170242,5.415723321878943,-0.6209643475149443,1,normal
1.5898823161671198,1851.6631739930624,631.3383042546621,3,0,1111.343927974693,1075.315815047877,-7.5969000543487395,1,0,2,0.8495712456694309,-0.435003181537724,7.124620037355126,2.6235350067344285,-0.9512115804142752,1,normal
2.358467945927564,231.16536477974904,987.8284762773292,6,3,793.125509024697,1667.6253574414293,0.3167020454963269,0,1,0,-0.9390743099345442,1.4976203585414711,-0.7502289804530544,-3.206026318310677,1.5737976177591169,1,normal
3.205356569948891,1040.3844785041958,223.23104892010463,0,0,1450.943556779846,1179.4273202665522,-4.167780212447224,2,0,2,0.1496303030560637,1.72996006143587,3.1589175900026323,1.2555114276493613,-0.5205254297633175,1,normal
2.0860728171565706,1036.904543957671,212.7960456438497,0,9,1080.2546824664112,85.05968922278184,1.1981562944955673,0,0,3,-2.414486744219505,1.805802790423456,1.6529386906386976,-3.650208753697608,-0.6088630960721542,0,injection
9.442762837008711,237.8721037130913,400.06163330871743,9,0,1533.095219013,1013.1764445544547,3.08187801786527,0,2,1,-1.0040744419119167,1.3058739029436974,-1.6418544826767407,-1.4983774463651347,0.3649795347837302,0,scanning
6.7760023607149735,186.8276586200688,946.6452310987336,0,0,296.83965038634085,553.3053882711874,2.0137920024707414,1,0,1,-2.037688844912056,2.7587738320749664,-2.6369501590566564,-3.5844986082710903,-0.8588203824168734,1,normal
7.404041978356258,349.6116252650567,534.6376055014856,9,3,2203.4735518192924,1109.573316227772,2.4606220518530373,0,2,1,0.9389128589078416,1.994206779153078,0.0664284170853828,-0.7673733018896219,0.6451577462165716,0,ddos
0.1398480902931554,1504.5134830171603,832.5336863378889,0,6,4391.807653481995,1286.048980072117,-3.756914678761397,0,0,2,2.3433950039272213,-0.2688975749531173,-2.7273545975729028,1.8438133304107016,-0.3096651282593319,1,normal
9.8351068221509,83.96675491559003,45.62696983761639,0,0,278.5171851318128,366.78861904653166,1.1388429867337346,0,0,0,-1.9672773899886908,0.6971627782187573,-0.7557240690197295,0.2342379028463639,-0.3492250653522433,0,xss
3.5153611563641323,275.5349753993246,473.0434952324399,6,9,762.4105177525905,313.7493995942596,-0.6357303972199346,1,0,4,-0.5086335958606765,1.4181623857935837,1.4963862920077498,2.08532978263784,0.8602323126782249,1,normal
6.952265391823539,401.2114217330864,45.77457622366442,9,6,608.8035872778936,1106.1774260997377,2.493590138269118,1,2,5,-2.1656777922761434,2.812204097901461,-0.5465730371123441,1.321173703087731,-0.5106408168610742,0,password
4.343739689499071,415.00000876866255,118.94440381522632,0,0,565.6168546536253,1772.0766817607182,2.6020704970472845,2,1,6,2.263002260321713,0.4129780084939792,-0.0970363878013269,-0.1287346001451006,1.1874810766310808,1,normal
8.859286758776088,629.6816573154516,252.0950181660392,9,3,1499.696195587367,1450.540232592191,1.78079860997617,1,1,3,-0.4294242663788936,0.052533386825029,0.2853969945106118,-0.6992904920869742,-0.1580615174876252,0,ddos
0.4700765890458775,1630.8172737671769,146.75283247105995,3,6,946.8438027951488,1649.9918241220123,-0.091778455539077,2,2,0,-2.057558222940858,3.090908593258536,-0.3208173791422544,-1.566782073108388,0.304434584836308,0,password
0.8519903422008295,273.1532231711594,324.00616084371615,0,3,276.21181808041786,126.75114414850448,0.2472254211797482,0,1,1,-3.733059658740154,2.5118346261257622,-2.575871000228929,-1.8999145493561964,-0.8584745409253244,1,normal
6.467868413789506,1810.739459806972,284.5571836074374,3,0,228.12233564948224,984.2065311381166,2.6375665960659624,0,0,5,-3.957754564000634,-3.889369164580432,2.913387530213045,1.3852307108706992,0.392556490346256,1,normal
7.479025400968214,1115.2285509757426,831.5021605225833,0,3,282.48879790538746,234.80050537182763,2.859901848380181,0,2,0,0.7497760628645931,0.0297851270380362,-2.401338421777911,-1.6454767865938926,0.897502924802664,0,scanning
3.8244926176954737,826.2357611031099,209.1503959004536,0,6,196.5521644129372,415.4148809116044,-0.1413957761554289,2,0,2,2.648438919981857,1.2074855653155785,-2.5980208022798745,0.149431357577098,-0.1950732855443807,1,normal
3.310431523077044,1284.012362718184,11.834463154213475,15,0,2240.214334945379,1454.775030445183,3.6954489349400967,0,2,5,-1.82999394084236,1.4560268604937163,1.0127232076506116,0.5404431564726471,-1.191506136756311,0,injection
2.3505173768267134,122.26703873835166,1239.8916012313964,0,3,1412.8927694919091,1452.4456982788486,0.8347735550528588,1,0,0,0.3782134758865927,-0.6260359506385416,0.9502041517716632,-1.8280739622777944,0.5059234060046254,1,normal
10.516162694345232,1248.2914708719209,212.6937614576252,6,0,1290.5083426550336,10.832961264216468,-2.794444806548245,0,0,1,-1.171886500278271,-0.5339500584040495,1.740096947402778,0.6181819112824849,-1.8901586444452187,1,normal
1.716545997133473,1213.745606550319,652.0007169061022,6,0,723.4476050021419,1369.966651773495,3.799754151237022,2,0,1,-0.3815781428905335,0.1138262001800201,2.213481939862578,3.5887373038735646,0.0384357611409712,0,password
4.097615622242888,479.0768842682417,671.0777485646211,9,6,3360.4301325544066,1511.4976125956418,2.458458638781132,0,0,3,1.1212681301798646,1.75592556044507,1.6771054708391062,-2.0258415108083376,-0.5071006624588968,0,dos
1.6428658783188772,1431.8637968564722,418.538983840607,18,3,1703.4087364911893,524.2784976118934,-1.7298185334085276,0,1,0,-3.4695667281277904,-0.2887573572636421,-0.936495221950451,2.8766124193520635,2.142430082949314,1,normal
0.7543866810870897,373.562936801718,660.6561880023856,0,0,1083.4836081865808,378.2314868445167,-2.0125283273163777,3,1,1,-3.2698403146975314,3.16390573802406,-1.6789163693182905,-2.5581978965252183,0.4217730276953784,1,normal
5.358920987087782,950.1574546791632,529.9449399904391,6,3,110.08269267629257,653.4716453421794,0.1676841089698593,3,2,2,-0.8149890702111999,-2.549900816157121,0.2758126618791854,-3.4657508920119326,-0.3599814122273619,1,normal
4.887550947583309,980.433742914228,669.4037296949207,3,3,1982.7692352218528,720.2320277514764,0.0218749768834651,0,0,2,3.969877951181252,-3.3243149547470985,-1.351386892657874,0.2999088742102511,-0.5564458824903429,0,backdoor
11.656274638060564,594.5210075675914,765.3442816454505,6,0,1337.8213156900656,1850.750106267784,-3.925112473829413,0,1,3,-1.2401363950425026,1.8608164728611327,1.5026921341208412,0.5812909354385112,-1.1991230719778132,0,backdoor
3.634998891373597,1398.9613269811991,277.83996797034257,6,9,233.5487490108428,2121.932885286115,1.368554137187051,3,0,2,2.943124260549988,-1.717724727143594,-2.819464659152485,-3.357413407975632,-0.2913976056257377,0,password
2.560776199809137,433.2773320391104,532.4695040839736,3,12,142.50396208493646,387.3263079986108,-4.310914588433251,0,0,0,0.2089522566312898,-1.5601572928220853,-1.0669056861133066,-1.196162199645917,0.2804519343592941,1,normal
5.920041569341681,561.2862623166882,539.993121812999,3,0,364.68972221810094,738.5800032630732,-1.6237486561202727,0,1,1,-1.0099911567661568,3.708034355966437,0.5775925724011892,0.792980875276543,0.5262963455502728,1,normal
1.0783396473174036,92.70122720514406,144.84349120458987,6,9,836.041777160069,1286.540454966786,-1.7608354300000593,0,1,5,-4.185530315022315,1.2721747285330292,-0.2074334268395428,2.196304411077346,0.8635293869019137,1,normal
7.386630109222691,1153.8949896102554,67.53425168572545,0,3,2547.621201529897,2863.8513631761234,3.734946204840648,2,2,3,1.4914712697234165,0.3560957391331958,2.003520348835028,-1.1133424261265874,0.295867607810794,1,normal
2.701737731224461,1135.455388696342,69.65961960552512,9,9,262.5034683134563,415.48638991521744,0.8896346084077493,0,1,2,-1.7874890327811408,-0.9588780643298362,0.5378087037145511,3.354339306011557,-0.5860333682019352,1,normal
3.206173678467808,361.2040917399124,391.67795368476425,6,3,2346.889952749639,882.5517391078325,0.5883275004199904,0,0,6,1.8771520951662648,1.4567738030735282,0.9343034487794616,1.506104350759233,-0.2189434372030683,1,normal
4.062995352477887,2680.367074988143,806.3899487882308,0,3,1908.3928482115325,900.2404728826807,-0.2563254677245792,5,1,4,0.5342646626746841,-1.707167264757792,0.1330150730630266,-0.6500588696028751,-0.900763757655461,1,normal
4.971737433677497,627.7503945448782,497.598832430106,0,12,432.6596905814886,1269.4905965403982,-0.5889681287604429,0,2,0,-4.261644736520617,0.4999975318337869,2.955466110272951,-0.1728742954718842,0.2912636385200109,1,normal
4.431942291301219,225.7552017225589,1033.2579417667262,0,0,205.15592482277967,939.2121823258254,-1.407888802404068,3,1,4,0.5783281472513924,3.524213275532041,-1.7360311912062556,-1.382389539797654,-0.8330876710725789,1,normal
13.853058113698715,399.5587183194744,88.32205197047605,15,0,367.2073957393614,99.2452662108349,-1.324037255662769,1,1,0,-1.8669172723943848,2.5943068550508945,0.9871575631910086,2.588532900870986,1.620691928534569,1,normal
1.434145214015266,1717.474584374285,890.1509073738619,6,3,2183.096585036747,1467.9777723875422,-1.3133701984427013,0,0,2,0.6432678091757194,0.9025881101627972,0.0243258004680582,5.113442873281894,0.3519984910718871,1,normal
0.3505031741516285,482.1372858730527,47.06162535755513,0,3,1264.9503954231284,180.19656522618885,0.9415615023793938,0,1,0,0.8052081081273053,2.599260400838244,2.888961296048463,1.403203466254741,-0.0794588062581947,1,normal
3.0879220926705693,741.1148814653824,24.65010061518513,3,3,114.55011898015564,751.7261863060321,-0.5382754082086412,1,0,0,-1.4400831131968166,-0.9685613072991016,-0.7907381345066962,-0.7523713740699962,-1.194098923191936,1,normal
7.68724899359643,290.00333941763245,327.494839024536,0,18,2392.724966877241,1137.525528998148,-0.4804890529088303,2,1,6,-2.800835570728084,0.9852100340906298,-1.192102292404652,-2.799342110503524,0.5787940991940574,1,normal
1.7460982440005977,559.8452564439729,413.1495192803338,3,9,337.90983501523635,430.73071471444695,-1.5075406190394844,0,0,2,-3.589846105157646,1.1406150545880365,1.4845768443061085,0.5178625645473631,-0.5560565022046732,1,normal
1.3917787029610529,1531.2885958531176,761.4419260569487,0,3,1852.376062455177,1891.1780815301795,3.0432388228683465,3,1,0,2.37589759274457,3.13471643018127,-2.754083124742867,-2.4993058763265594,1.0719790589394098,1,normal
0.7142356088938757,553.0876507273668,19.99436403092586,6,3,513.8162693382085,796.2727268695775,-0.8772300394342174,2,0,2,0.4682072280567229,-3.254665878228674,4.918168990240128,0.5470568073786483,0.826847168183279,0,dos
4.948079997392847,2236.997470410468,346.6595436711211,3,3,1724.7190881717313,1000.5590845850973,-3.045383184759588,0,0,5,-1.7395962526192332,-4.105815650635995,5.162743351771601,0.4768032316091308,-0.975621864079534,1,normal
1.849318710888292,135.86658007721277,195.8115005729508,6,0,1247.7879410661471,602.2071154431935,-0.4745713738031311,3,0,1,-0.0583778286676563,0.1591574265703836,-0.4851443359529845,-0.2070100070767373,0.3027956277186849,1,normal
1.706185600545416,1127.0571511910937,257.97283819232126,3,3,2093.6554284927265,85.56983180477233,-1.8660163148987403,1,2,1,-1.5129968171221415,-0.3276453481767194,1.83583235690825,-0.3073138087609831,0.4585866996502637,1,normal
5.7605139727255485,22.38279952311184,417.2405557562122,3,12,964.7672108600638,772.7569048005878,2.6848959016036904,3,2,1,4.146504517525031,0.2858410694900138,-2.546439195940644,2.5806358009326456,-1.7797060422456112,1,normal
12.625719772941874,490.0129389429291,385.97054742807535,3,0,3698.9318471885817,783.6120585966943,-0.4275210188740914,1,0,2,1.8709836806172144,-1.6494808718047913,-2.438188788330014,2.2316567578631217,-0.2564985305325897,1,normal
5.538657107333446,1581.040981662337,229.8079561400028,6,0,86.25867110954883,394.38928693247664,-4.6008903173962326,1,0,0,0.7488274336266769,-0.2831409200647352,5.465881102867227,-0.0010841874810165,1.065734403924484,1,normal
8.283260582658778,280.62692783692626,42.2552502592094,6,9,128.96118394713903,1368.180170617569,-2.409743790583003,4,1,3,1.2507647176314738,6.080630732301319,-2.4335271234120226,-3.4796724960257643,1.440158456067809,1,normal
6.436504406221602,494.5302365972872,232.0730255476236,0,0,728.9300329073669,1493.0107847613071,-2.325477841829976,0,1,5,1.8996186609404029,2.7931051445593065,0.2412493837059137,1.2011307062646717,-1.3563975556193395,1,normal
0.3249013053493755,222.6815002643924,361.7317589148413,3,3,713.4774833576206,779.8121963410179,3.0531620704345697,2,0,0,1.2142671625336026,-0.1017880293150796,0.523124768871224,1.2940994292907095,0.6159011968064797,1,normal
8.83717038858528,103.03904387030182,305.57001412745507,3,9,657.7180327940562,320.5774113884287,0.2712357008493784,2,1,6,-2.93712009191231,0.1041164090148645,-2.1196180119641936,0.4941071429676434,-1.237295008278397,1,normal
3.552365816466299,605.7175978217176,740.054686808378,0,3,157.22377505584865,171.4915676103774,-1.6113523032992496,1,2,2,-1.7225290494471404,1.854193750466445,0.6653522472518326,-0.8802667783877973,-0.4118917974381517,1,normal
1.327750697853594,982.8569964628172,271.6021192905249,15,6,544.6331530947434,2042.29922225858,0.5483278982796147,1,2,1,1.9855102995937013,-1.6971624268960908,-1.6040140255811604,0.9875458630520426,0.4141610392011471,1,normal
0.8294114565993594,459.94670758470266,911.1938372097808,3,12,38.120855801204975,321.79797945090075,-0.5043870785142842,1,0,4,-1.1230714312454744,-0.5379968997009914,-1.1789693362142974,0.9202921447293184,-0.7524006513833066,1,normal
4.72079432866669,1810.7441504997296,253.9083618658457,6,0,1508.4641622225556,1868.585582474093,3.5284087101236707,3,0,2,-1.8971406635432844,2.4955673406641914,-0.2959443194205339,6.717642656332521,-1.5565150372049772,1,normal
3.224191148254333,581.5007245180244,917.1159778968514,9,9,808.4511478564572,1067.0224143312685,-0.5468386163558325,2,0,6,0.6221677169997615,2.602386576567351,0.4795569694998602,2.550461986236985,-0.8137224188771821,1,normal
8.65400198095313,603.1416701528934,81.83379978885002,6,9,2722.4358421022584,2236.520106189399,0.0120199159707909,1,0,2,-4.835133996005094,3.6419544872670704,2.013655444792109,-3.170026781130529,-0.3291108297770173,1,normal
5.5064995908483,681.8886722475438,749.6218062864931,3,0,1099.2837815064586,472.1189619781128,0.0095767352281639,2,1,1,-1.0099803555103652,-2.179762563605508,4.55262651793208,2.2868085414623884,0.0101270506023706,0,xss
7.010827083472664,698.6479566441539,50.73783470808715,0,0,1088.010521222269,156.43158046541726,1.8777003348144512,0,0,1,-1.5121856979152546,-1.2596096069826708,4.453066551710159,2.940077035524001,0.381516828573307,0,password
10.069701298394923,2443.553086689822,341.2071413212804,0,6,5466.619264270566,3763.249224607924,-2.661945158918933,0,0,0,0.0737808457974775,3.8526638791944174,-2.768861624331323,4.291098164582603,-0.1292142142918017,1,normal
4.525435700601797,850.7786829559848,287.57046783095984,3,0,1176.1158263238556,172.11589593137828,1.7406067912267007,2,0,0,0.4665391607687578,-3.245130369826607,-2.205825683941253,-1.0240611326526277,1.1163750997239008,0,password
2.1995579398558105,512.4344532020845,22.36256176934286,6,6,764.2125021640809,845.8436660670781,-1.122616868322881,2,0,3,-1.7048033396406443,-0.2415971998528809,0.1473623316506005,-0.2685684775672916,-0.1310521480057554,1,normal
4.232967601138983,361.6136093383397,299.28559661040083,9,6,418.9748597553825,1338.0668843951985,1.7044745501566123,3,1,5,-0.3530115746423855,-0.9745034825505524,-1.226282673784332,2.792897338500295,-0.1338677244194761,0,ddos
0.1353797073880786,885.8042833645416,712.1172062312431,0,6,430.1580994562148,2077.8036379376026,1.4232113056987092,3,0,4,-0.3334863542851551,-1.3724417282489194,0.8247154807727296,0.7050853327892501,-0.1630568717045107,1,normal
0.2460874733581647,900.9507724121952,323.91308697514273,3,0,2223.152664648724,1298.086361667513,-1.1776465148120083,0,2,0,-2.0254973381497354,2.626125555758252,-2.309123625569804,0.7998956243095598,0.1981682461226043,1,normal
1.3173449796896153,1441.2567328212197,679.6496445999345,0,6,909.1120909878376,1612.7111216097712,-0.5775496713917894,2,0,0,-0.8679225710401346,-2.0039215022192893,0.2100462546003079,-0.28610814521591,1.2453382103733772,1,normal
9.807698756213046,1443.4851674359752,501.2620142745644,0,0,489.39237634723423,2319.66567671962,0.5228176492829186,0,0,5,-0.929350777379675,-2.0603827668408394,1.9185930510816849,-3.520101263276472,0.1379565985046925,1,normal
6.924030523016951,184.7668099650312,97.440662852987,3,3,68.66500061405549,752.561698223852,0.6073606813568564,0,0,0,-2.002638207776364,-0.7770613162093423,-1.9133198719110125,-0.817482858494549,-0.2750485889549687,1,normal
1.0625646732067202,1129.454511651579,764.3030193316723,9,3,565.2044937443819,1557.697001704881,1.5253939809006438,0,1,4,-0.2053229210175563,3.627585964306337,1.4306371664204047,6.859662375168921,0.8183001043596334,1,normal
9.18717071059053,1090.4019182745608,451.6599468725208,3,0,1053.256524014548,2198.07380556936,3.3561153154578243,1,2,3,4.298550809747641,0.6165865341954142,-0.7562662702677723,-0.427283194813135,-0.5756996562178566,1,normal
4.3904570440496125,1375.438935853536,536.0686690689168,9,6,1016.5424628279404,876.7841024852282,-4.125992013674966,0,0,1,-1.8992820932097785,1.619240140707826,5.6138001836651,0.6089368288084394,-0.5304626466103805,1,normal
1.309483386732449,765.9443424272339,197.13079468556083,6,0,3589.8922961660537,961.3401947509716,-2.937333033756488,1,1,1,1.0565057315701425,-1.9565029779067848,-0.937981841393031,3.2125045292421737,1.075302584770354,1,normal
7.195603578399268,2028.141681023479,318.09901674074456,9,9,3483.52071382296,2358.384577272926,1.791580639033097,2,1,5,-4.744163493016668,2.4951181827447506,-1.4216840791855914,4.864552830322015,-1.4066830307251277,1,normal
3.825332369393728,875.0302050774027,75.94995274649266,6,6,751.7018798824175,2214.574385568565,0.431176681223534,1,1,2,-3.223091142102696,0.0023954406881472,1.725745173086519,-2.12607802485022,0.2122457623322797,1,normal
5.519785806688319,962.2512508000964,866.0677908295094,3,0,191.95148291443164,301.8670467026876,0.5656811948058146,2,0,0,1.2191485383463456,-3.787936223349948,1.520916544395845,2.917633302057593,1.3495528829479742,0,injection
8.547977883065885,1632.1094901495285,312.6980879092788,0,0,498.65515051820256,748.1260644401814,1.1680401687790598,1,0,0,0.8870440412734684,-0.0623488807391616,0.1397350719323138,0.4407007003977288,0.3703647077959143,0,backdoor
1.0046190207689194,397.56393411724537,523.0679648942837,3,3,267.03811911220265,1348.156838267384,0.3926737496233905,1,0,4,-1.802934340691788,3.486081384548231,-0.3001117607552348,2.951904665948308,-0.6016630916875098,1,normal
0.3017993865345768,495.66251579763593,48.76379592202355,6,0,1355.924703362374,163.59929960538895,-1.710296654853098,0,1,0,-1.5404038971353675,0.8176297988703878,-0.701564170503691,0.162506674450944,0.0165892734207994,1,normal
1.794563615484306,922.551055943041,76.19772504242192,0,6,482.1866242760116,193.2310388351503,-3.716818916000192,1,1,3,-1.8293834902600488,1.6553773977585973,3.852444622790503,0.2469147067785702,-2.7810634752058707,1,normal
0.416493873535175,71.92844858883606,656.5617282752792,3,3,363.4324151059973,692.36117601339,-1.1062255602709006,0,0,1,0.1903366060499869,-0.0303249194415118,1.431010559459747,0.4430300528725515,0.0139289864356637,0,dos
4.122635069862156,322.884946104653,316.9337053167768,0,12,1231.4633166466265,610.573632111124,-2.235395945835945,0,0,4,-3.724565838957589,0.9602455811722028,2.2397123976309645,0.3996057310306466,-0.2971661880368901,1,normal
4.728994157232297,711.4758871016771,149.6585478678704,3,3,3984.988426088542,1487.5625288786782,-1.7683577540108657,0,1,2,-1.103258286844188,0.2929063407059999,-2.8530526626734467,-0.0260459491208036,-0.4963169409168768,1,normal
1.0720721686242731,632.0616144701278,163.98003531754065,12,6,1835.9675175691289,2172.668538352112,0.4704429901005111,0,1,0,3.2453230951444105,3.677283938118448,2.139232961584028,3.772996779811528,0.0556359523180581,1,normal
1.1379335806894515,761.7652042390789,10.401806341914236,0,6,1420.06066802156,1375.5256977413978,3.418587574215594,1,1,0,1.010827872679067,0.792019737901128,-0.235826871335995,0.6095890687250999,0.8555356851096116,1,normal
1.24560062970981,579.0067223821036,197.78404348805984,9,0,1080.8011667304793,638.8224578326177,2.7867158653689943,0,2,2,-0.6064599436158565,-0.5837988588030126,-1.2358863623491745,-0.2395340478651217,-0.7019736445806136,0,scanning
1.859804104061196,23.22031723759888,24.891536904797864,3,3,97.71241440498808,1514.5142690756174,1.8982305785698887,4,2,4,0.0744029588675982,-0.6802193267376786,1.9548729634810071,0.2324074261242378,-0.3425829544040734,1,normal
0.0236443631999949,1116.5333990371496,507.4110694696606,12,9,47.31600156279113,185.8417230219817,-2.4770806548770934,0,2,4,0.3385332268812269,-0.129867184983951,0.7437101078167099,2.5373792334833416,-1.383804177178269,1,normal
3.932279967118863,682.8796160075291,234.5020593810871,3,0,1676.5934284472382,216.8486503415372,1.642444506593494,1,1,0,0.8703275017688594,1.6511236874026936,4.173425066789061,3.2415661018735404,0.0605262234380267,1,normal
0.2565812273079468,76.5285309134226,505.64498584964247,3,12,2212.870846938995,1037.1784764954734,-1.040261696493902,0,0,5,-2.3841488873022683,2.022311481831576,1.6695945908765804,-0.3008292964433503,0.9617946886118238,1,normal
2.884037622537327,580.4873564093638,193.97013066045807,9,0,2033.6855465570168,1495.0441226364642,-1.6939707727694633,2,0,1,1.8823619244771184,2.382071021314048,2.116721858452941,-3.575370139731927,0.8629654630889251,1,normal
9.214657326371077,476.999379330065,109.6480627994664,0,6,4653.538902122316,2066.0260651059107,0.0949669863965716,3,1,2,-1.6864636401480846,-1.5818003872740942,-5.490990774108089,1.490995580554628,1.0471151135300074,1,normal
6.171640631774473,83.57311875082951,236.7866760563502,3,3,405.1635983413241,330.0359139750987,-0.2991887421709059,0,1,3,-1.6527041000841471,1.2768180169516463,-2.216304059559293,-1.392800563001484,-0.288405292280049,1,normal
2.0453090030028944,358.1442303994236,118.35666324129122,9,3,230.00501753988345,328.40638537618776,-1.6650473655097595,3,0,0,0.6188003575316723,-1.3794643301358571,6.008876765778082,1.908194560464651,-0.563457847604796,0,scanning
4.04771314337605,388.74520521896585,934.2708265824496,3,6,213.42220487272647,1012.6856248858855,0.2577243797152151,0,1,0,-1.6210761804436584,-0.8687221408817487,-0.5505921331545671,-0.5935354158444504,-0.4564856545522636,1,normal
7.714330039548308,74.76529005705068,140.08815202147102,9,0,123.38142772096792,534.7888452520166,1.4145801621980814,3,0,0,1.4054858252733815,5.374206117006369,0.3944354195576643,0.8212819171413279,0.0881419268956724,1,normal
1.405668986547847,944.2179124482157,546.7261400415224,0,0,550.7767740364019,314.21599103198315,-0.1649528258159234,4,1,1,0.6672886320552907,-0.4885729084265762,-0.1281211942239812,-0.8075211213915454,-0.7683696492656131,0,xss
7.999104460097871,1718.2297309231972,275.070160089834,6,9,193.7209469314212,1144.410715072402,3.367675639073032,3,0,5,-1.77859305845361,0.4245915232328381,-0.2949900758196344,2.793613596342784,-0.1704025220905765,0,backdoor
1.0538574303799615,735.6742276479462,20.57559327508096,6,0,141.9303987092249,1555.1043588900009,0.0492530316553245,2,0,1,-0.48194321916726,2.4361622878941454,0.6252073507323695,1.636647017843743,-0.0197917946299663,0,ddos
2.665029515232435,1460.6640915387,531.9121617519177,6,0,1404.0908452103015,2477.008210432745,-1.6766950752438978,0,0,3,-0.1620108358062828,3.1806692210741185,0.024898164145136,2.108730481081325,-0.0763201655081839,0,dos
9.13285079968979,320.9069774848017,268.23978154728644,6,12,591.2440149749206,1879.119948032516,3.209203771353006,4,1,3,0.068190589680855,-1.9275127724064751,2.2095313051640515,3.0724785947537505,-0.0280958976057951,1,normal
6.306510279235342,141.2327805783411,529.3344668684431,6,3,727.6575495641815,976.3134054376816,2.7413159463694647,2,0,0,1.5887944598556338,2.268927011324817,0.3489871355803676,0.0871443171980381,-0.4985428811515568,1,normal
2.341962488648039,1667.7607353120054,84.39098613377044,3,6,2070.413901465401,1006.827401949266,-5.10765389079076,1,2,4,1.2192373126479967,-0.5692566229585097,0.8607625527839486,-2.880047482500717,1.1190610382249615,0,backdoor
6.608145507428592,798.452942161277,340.6672348514123,0,0,364.4819743971708,133.2315797895798,-2.1673478358018494,2,2,1,-0.552601408503106,1.6897369020246211,2.0098858494541774,-0.9104559901692156,0.5398697663126374,1,normal
0.3741836073428884,169.74300912318196,460.1465737364498,12,3,2220.274433999106,2109.930791637693,0.9698200756033092,1,2,0,-3.034667576279612,0.9094077610079628,-0.402434647404098,-2.8780414420650104,1.772347097061071,1,normal
12.492392614351502,3352.0593664229614,659.4921103382231,6,0,2605.63291062708,3593.345334661619,1.0170338818657945,2,0,1,-3.211413130565618,6.196497401190962,-1.0485382986725984,6.176862178139319,1.3371440857257706,1,normal
10.151883965509622,743.3519642188553,66.13974140346532,0,9,235.2687301521921,1008.6362898588966,-3.10185466456834,3,0,0,1.2789468559247614,0.9566140594071624,0.0509340075660511,1.8161969813144017,0.7812865722268252,1,normal
6.570080585854184,69.77298464473003,51.66855471601806,6,9,69.25847855890557,487.0948876962517,1.359547159281221,3,2,1,0.92889951080194,2.1043799432686345,-0.6741291426555618,1.4800573094897291,-0.1281956291520928,1,normal
3.183236023245271,179.88582804267793,159.57092747732432,12,6,1027.205858719049,766.6424619889997,-3.0951680853847483,0,0,6,-3.663967577956994,6.142039097663587,-0.2551188514315579,0.7248732739926367,0.1513244672542554,1,normal
3.249382037847903,1452.219997403649,679.0708008377431,9,0,1788.9845472545626,1046.5721537251673,-0.3844748787425309,2,0,1,1.654262511417146,-2.670972042431151,-2.850344384790585,-2.313618641456359,2.262049732594224,0,xss
2.660765839940213,454.4243944082076,1111.972516859662,6,0,972.4836542968584,1226.0165326982133,2.492518947225334,0,1,0,3.486553293265281,1.0195244338249931,-0.3599577524282062,0.7265956307849031,-0.6504134671220908,1,normal
3.885097268218025,90.6817600884674,182.9896364371844,3,3,1538.2677287373544,1258.584336098509,1.9832823038301184,2,1,6,-1.3774232046981194,-1.987781319477391,1.7539844719916935,1.70894400462617,-0.6685554037621273,1,normal
0.6356703398952425,1625.9806913236914,115.74839434042818,9,0,1149.214379803078,2585.527734011226,2.2436564332506244,0,0,4,1.2079546294571435,0.98283653026906,-0.3769355025038372,-1.9770275615096256,-1.5238543208153237,1,normal
2.102770106281195,335.0405343732901,1142.7818106726777,0,12,58.0065833989722,408.4345842689579,0.9230862664138542,4,2,3,-1.906247715964029,-2.1229814005129786,1.824682971735195,2.870927036327825,1.7242714167144844,0,scanning
2.0495341698821488,1943.539468731714,334.7068756495762,3,6,1449.266308774488,181.48644673190017,-2.8830419708015267,0,0,4,0.0124252018469577,-0.8677539298472692,4.14536900631679,-0.1354866198064876,-0.4902673898225339,1,normal
2.1724063051476667,606.7037185583251,335.8297160914892,9,12,2429.505694130585,437.7194306367829,2.1505083832095657,2,1,3,-1.280905304409074,3.437687249312185,-0.600907695388841,-4.016794730034106,-0.2534166380503629,0,injection
1.715529458712575,421.4990478655849,64.55213543599916,0,3,1910.7252866254016,203.9824431190952,-5.232303489998038,1,0,0,0.1728991820233394,-1.297472804960164,2.6198867131740906,-0.6417350600969396,-0.7664344767774054,0,ddos
6.39947221625663,192.8296725491393,120.54191560627255,9,0,1523.9322956196495,426.27013684773294,2.2586444748363226,1,2,2,0.6927964294218889,1.338610262699678,-2.2167026780910053,-0.2532806040609203,0.7543463545912348,0,dos
0.6049506016588024,401.4676961949448,483.96120925994194,6,6,629.0974460124227,929.7169873230928,0.2046903479874634,2,0,0,-0.5732048408011673,1.2403578888459843,-0.9256120286091328,-2.2669335185252537,-2.303865465445317,0,backdoor
2.792491653871467,637.3596535350638,416.8337948915673,6,0,2021.124302689525,711.0003352821565,-2.274578208817171,2,0,2,0.7456654766467916,3.776991735471743,3.918199466656299,-1.885797995127676,-0.4026880006492839,1,normal
7.327349467398109,1789.1922502794002,243.6797452964668,3,0,3129.813127830728,321.3226933447898,-3.471185055651373,1,0,3,0.2226796710589464,-2.4352177899223806,1.2812494865465922,-0.727537402454437,0.4549194968579091,1,normal
11.523125477480816,2280.014197698326,213.01536327481628,9,0,2907.0621687779635,941.6766047453038,-0.8852161405448273,1,1,0,-0.048434574588855,-2.1160478890408574,-2.2214919548959617,2.1911380605658373,0.6731068570956494,0,backdoor
4.859577438646724,682.1549984529287,729.8397283599239,6,0,1568.3280052021737,311.5628974790609,1.222143085737918,1,0,2,2.48256425023209,1.610416812003551,1.641514396851959,1.8184372142344047,1.571321226929126,1,normal
6.791494618668397,560.7863778324055,405.35901207196827,6,12,1954.949638742532,1458.1129951582914,2.234343125651794,0,1,3,-2.377662547807527,0.1792197285512724,0.9259838274257868,-0.7367096333193914,1.5426287096981588,1,normal
1.0866005991116363,351.02389883137465,301.7582298099949,3,0,970.1364307939637,1217.3944934181766,0.6870145902673503,3,1,1,3.42849369884038,-2.7068515776499527,-1.74458586181327,-1.8299458078704047,0.2805210619232515,0,ddos
4.259570084530778,878.9688675359146,508.7815679598469,0,3,318.12692954268334,207.7135706984372,-1.2518430278290362,3,1,4,-1.479262120370225,0.8458970633413367,-1.2922412563644872,-1.3460836274592565,-2.031557032140205,1,normal
6.7720705310462135,15.568663303434205,805.8894046049436,6,6,10.03482268011875,42.53802331009095,1.5521194557119442,0,0,1,-1.9250660991806887,-0.8867962958201971,-1.2035432940369115,0.2283136265842066,-0.1810560930071272,0,xss
5.781898182510706,134.28355895640283,26.48655856083668,6,6,489.5043934937429,1899.305042281072,0.8065196789677587,2,1,2,0.5911053274874566,-0.196793884632791,-1.235885370785349,-0.0136325509707615,0.7295103894972158,1,normal
1.199330658355897,1116.1833563778218,96.0796849308095,0,0,1279.668840226827,1876.379756836668,1.2550286758210345,0,1,4,-0.757720335080768,-1.3505006687222936,3.632630574310985,0.5503628189771158,2.509251385941732,1,normal
0.7608619387139838,494.78113073030505,231.1870653426214,6,3,151.04307344493895,383.0479856364718,-3.297105008881534,1,1,1,-0.5073063986043607,-1.852076563738428,2.2224537273907803,-1.96779689920032,-0.0008170711079563,0,xss
0.9456211233265884,1111.4926409980126,78.13735951868952,21,6,264.9125782246075,1816.097096766876,-1.128219442463858,3,2,2,0.5773305578365774,-0.6875058313950824,-3.1898890595524483,-2.266239837809878,-0.4900791227586089,0,xss
3.945948042747691,1657.5208598358956,459.0523670574557,12,18,2197.155346156383,1633.890515311425,-1.7944191053462848,4,0,4,2.8343667272688475,-3.8773370104839753,-4.622917290653005,-0.89868056697233,-0.7593616483927412,0,backdoor
3.888501118973054,1003.4009934766556,836.5832442184478,0,6,1594.0853153220307,766.0661602536937,-0.4595153158642109,1,2,3,-1.387017217411686,-1.2818536947272878,0.3873162710571898,0.2611967252736131,0.7301247184922912,1,normal
0.2372133258120306,1161.533127475076,670.7597830059666,12,6,1257.3491696154338,1256.5207600233348,2.4896611970633176,1,1,0,-4.0275591954640975,-0.3739320989315662,1.43784816956559,-2.4040546621907577,0.659283102088109,0,xss
1.471202633231227,771.4240437982247,206.65828169723724,3,0,127.52013555507516,115.30024956048965,-2.3765334365901936,1,1,1,-0.692825708171196,2.05693041085317,1.6605348244972096,-1.2264930840396184,1.4201671570685028,1,normal
5.465167189235888,427.0246140270518,1323.0837755763991,12,9,924.7783682387602,275.1188125784268,2.172157563303359,3,1,3,0.3189850997305965,2.2246163159190067,0.2628265299748966,2.3931654839470307,-0.0212236638759492,1,normal
3.1885876326302247,47.3683229280073,524.7780866460693,0,3,850.715288894621,668.9797522234543,-3.9784670344105297,3,0,2,-2.2806200039793003,1.3849815896792594,5.183051657576713,-2.465972101451184,-0.7711645186592654,0,ddos
4.131888751194822,2631.3479957920767,895.0741585923039,15,9,155.57572155487628,1013.3577941663522,-5.049219569468426,0,1,5,2.038838355424317,-0.4673436794662438,6.414415443007227,-2.011225659806907,-1.0512462758909102,1,normal
9.04119047453777,599.9233114718705,1302.2532992418787,3,0,4149.003528020134,263.515979102039,4.354229817341071,2,0,2,-1.4149575408242177,1.7078042865278318,1.5596185055696277,-2.7663917098066,1.1925264972973957,0,ddos
7.802077167068335,741.4431783181075,266.9769170926182,6,3,964.0430909614104,482.6079135748977,1.9558722131634605,0,1,2,-1.2618765757672123,0.9359986475208124,0.3886015031873826,-0.7857774643806299,0.7871919442519644,0,backdoor
4.260170029330751,865.2047335775566,341.8789424588808,3,0,51.43162887847518,1420.8491564728688,0.6165220033938221,0,1,3,-0.7849495569657781,-0.6404515068932692,0.1178451872376225,-3.383846415232579,-1.3266663631078983,1,normal
2.712950123620628,1306.0014003312313,207.77818618251573,6,9,1715.9639775136327,974.6984311227038,-2.4684371915488645,0,0,5,2.7333843574405323,-0.6509094330570362,-1.0186005377567169,1.2682503371373264,0.5396669791322382,1,normal
0.4232334661527969,2194.879603529564,858.1669753618543,12,0,2335.350654428268,372.5889592074098,-6.240463730578358,0,0,1,-0.3460640350905519,-0.6427664453754136,3.378917238399548,1.1172659616014708,-1.3522922320846242,1,normal
0.6179042309697638,984.990248970602,217.20999869110145,6,0,2004.7453542890248,2371.10058889623,-2.738811362761276,4,2,6,0.1633757354432843,3.579490022861961,-0.6567993631155429,3.802381079058592,1.012825774463293,1,normal
0.6871073736743193,1839.8561313845703,60.29742668443647,12,6,1001.1252933612528,1404.803059428045,1.6235477088707746,1,1,1,-4.513465911080914,-2.019395655129237,2.8113807538873345,3.308347204323498,1.311798154090132,0,ddos
0.1097572912313457,1.8519044019430493,243.18760072772648,3,6,2568.789319341353,1247.9116554230436,-1.583041791226152,0,0,3,-0.3378723559769402,0.5955028453443736,3.820033866606988,-2.2896423080949115,-0.8453173198665959,0,scanning
10.44032611900477,205.77085150677613,283.98745810413885,0,6,685.0380642850242,67.56101966361871,-0.3029251375017812,4,1,1,2.477504946765274,2.429340379449271,-0.5352402605062756,-3.940845707742368,1.0534231586228964,1,normal
4.866039861892293,95.31756811925008,265.1144867998032,3,0,1711.8273711035968,1626.546110205907,5.379047168613873,3,1,3,3.561593668458321,4.266878263851379,1.3349261915177328,-0.2715624484204897,0.6342607901190369,1,normal
0.8002827781820694,561.343592750899,157.4409640177607,0,9,1273.2238086945802,1754.1745089845233,0.2716366876940423,1,2,1,-2.3540434891221427,2.4472518143760422,-0.070213122373282,0.3857235159492693,1.035675214157454,0,injection
0.5087298509380425,331.54473200334417,77.75028736707131,12,9,1828.7073268256693,559.3803153095835,1.4612382658920555,2,0,1,-0.2816893210430962,-0.0370264293930078,4.034460039807959,2.443623310088925,0.6173808314703272,1,normal
3.886208567544411,87.98288221126604,635.4680374360431,0,12,1378.114866406083,579.1720617604855,-1.9558989111426128,0,1,4,-0.4610865096897157,0.0578528102781989,0.581104286695437,-2.441504098405121,1.60104106372933,0,password
1.868091776203434,10.639224844127714,144.77610677866522,0,0,1275.9141705967015,533.5868701173191,1.6847900180770456,3,0,1,1.88853493228302,-0.4199140928357513,-0.1100362300721207,-0.9782251810262484,0.0675583022936837,0,xss
2.992268330259329,1313.4063035859333,810.8422094574466,9,0,1127.5602678448888,1541.699737793016,0.8368040587073418,0,2,2,-1.9508742431683312,-0.1816100631549937,2.623618618669652,0.7019166857600023,0.1215679063335634,0,backdoor
4.714459444560176,2311.030879120692,260.67287442922066,9,3,3061.748520535059,2603.764670849529,2.540497278922522,4,0,2,0.500692637810658,2.559845820858372,-4.303630627632843,4.362269213017162,2.196671079050315,1,normal
1.056974590610036,1515.993191618708,296.28737005745006,6,6,1101.512713467998,298.78096472899,-1.800594846748987,1,2,4,-2.6142334662577875,3.671700072014781,2.3993589114585863,-1.0968385270556174,1.788379936273408,0,password
1.004121613578724,442.7581658547976,225.2486617232568,3,0,1973.7087163332744,1106.370930792897,-1.083920906161702,2,0,6,-1.9936823628151603,6.818461654673672,-1.0604188465535205,-1.295393407997402,-0.0298364494766393,1,normal
5.27174036830778,1138.690898896177,508.8379059896613,12,0,2510.388471540473,248.61299314299984,2.629430927515754,1,0,2,1.2302691795086116,2.6258744033364563,1.020690915426118,-0.2587013580319648,-0.0610075460436059,1,normal
2.818311538105137,611.0483503934258,130.84831518364282,6,6,2035.4480576627416,0.3676988310828739,0.7280376215504932,0,0,5,0.2621961376986585,-3.144495569475276,-1.0053274378282029,0.840773092810424,0.3992718016265955,0,injection
9.579467208618407,862.4947428353249,70.31539744435025,3,6,258.1213385827522,737.2356885101942,-1.695939090241105,0,1,0,-3.5097227209228343,1.8720463166228305,2.080375994610837,-0.3489720246577602,0.41632659736384,1,normal
3.368400737650558,37.57887137086191,51.578210591970574,0,0,790.2687527813739,509.0841960710949,0.961841523530624,0,0,1,1.6024414265949651,1.3675796849761426,4.536959260091844,2.653453849721253,2.4380161463197547,1,normal
12.54408518907498,1845.0393646631424,290.52146702739384,3,0,2228.404311014488,333.979428374859,-0.3028463386997357,0,2,3,0.0570922302851579,0.5230092791336436,0.1306374492308455,-0.6440317249273018,0.8583657992231263,1,normal
2.244211134833334,1119.346246685563,18.175692481405072,0,0,1307.941873375201,2019.3650681112097,2.304321474771561,1,0,0,-2.872456393422434,1.6251621670657228,-1.7273190168982038,4.101917783175722,0.4189461585206697,1,normal
0.1513890236026338,1173.0206824267525,167.54486343330117,6,6,331.35198163630514,1033.4300393987155,-2.4461731181116884,0,1,1,-2.4651358617547,1.6316521721127204,2.5298497090285244,-1.1323633888126234,2.3746865625680305,1,normal
8.48828456765883,763.9893733940318,384.4066387977368,9,0,2896.407281793006,153.78576539688896,-0.3448436762123348,0,2,4,-3.022085739399817,-1.6135339023979924,-1.511391928351575,1.591209358942626,-0.748442210561724,1,normal
5.733685642009425,963.4591229412404,300.26022025627543,0,0,357.9361939549026,1361.995175374415,0.2873879507896888,0,1,2,-1.9183201337584503,-1.0767773050461196,2.2884758882412743,-1.7846556870686558,0.7557164380560679,1,normal
1.4951273225873645,305.9374660967644,952.5928709895144,0,6,266.0191399158633,1038.160398966515,-1.1152755572656596,2,0,2,-3.639325493934829,-3.192866814197264,4.067433598874663,2.6443321974419822,-2.0184794661918577,1,normal
0.5182276631034092,51.31602943628744,114.71734374033016,3,3,940.6312004201342,128.04921911192423,2.1631329994371096,1,2,0,0.8922845027232134,0.4571709100652392,-3.056814790809858,-1.6172100144136192,1.7023012443287269,0,password
8.456266733440973,1129.3577868811892,451.5398605473762,3,0,948.5343108626048,373.2355248151863,3.371291410511044,1,1,0,-0.9473276572601864,0.8987147779759825,-1.3705432565905074,-1.628341264460898,1.1979228796043802,0,xss
7.193128171426862,593.8872659107835,407.1544150218416,0,3,765.6482310269704,958.3630574151211,0.3875993096978127,1,0,3,-1.1469102314025204,0.6322832825819767,-1.3068485025417966,1.720479132078026,-1.7535231230281043,1,normal
0.5360504496831463,1915.849279156249,223.28204260881728,0,12,122.4574050463974,1354.999840719399,-0.2016340631118173,0,0,3,-4.145756434693963,3.521543547378897,2.187327164208173,-2.535394478439604,0.8886152226566741,0,xss
0.3482380986286471,1043.3939826474805,626.5758416179257,6,6,1452.2376377380149,1112.4658607759902,0.9600503861788336,3,0,1,-2.5601308001008016,-2.795673089997224,2.645139900225929,4.790194800808008,0.8172896375597293,0,injection
2.860359484777204,96.65163836313728,520.0314487733676,0,0,3603.816601322442,1113.5836012791085,3.0265703001004143,1,0,1,0.0562291441021332,1.607643058411025,0.3008088112569633,-3.5480113304795005,0.5675384155740061,0,scanning
2.6856227255112946,973.2693734057192,778.8321639929901,12,6,532.9536728976018,4664.546726235136,4.441967297584763,2,0,1,2.720931746992816,-3.046954673993591,-0.5807049255519259,-0.4490018605671591,-0.7252684374630313,1,normal
0.4308771746627884,1410.3716062831086,201.78969458852043,0,0,11.07921056516375,528.0940025052025,1.9365296687714173,0,0,0,-1.789954615902544,-1.2904790657456937,-2.5724326755012776,-0.5212130089197222,0.4863688954524992,1,normal
3.081230406556598,1616.7418537531785,407.1434821942712,0,9,2538.914197566296,616.0570799337046,-3.31689361644012,0,1,1,-2.368954894718418,-2.3724841204882097,3.4949580328958296,1.34205622457215,-0.7217571609899501,1,normal
2.9029138640350745,98.7188264359944,746.0716239773049,6,3,140.6461335484882,522.3906056001199,-2.114777493822207,1,0,0,-1.5034066678237092,2.2649730537127457,1.6281026798091351,-2.2014203922521074,1.7179694705965471,0,injection
1.2990868398758293,2253.8458885719942,720.779003762137,6,0,6141.718549070555,1250.4041026276057,-3.316619044412529,1,0,4,-0.9170282569922504,-1.2630691247586487,-3.2750739274357814,1.7602059094619262,-0.4927537129281992,1,normal
1.4999166166532745,757.3339303842632,453.6266266912357,9,3,70.16679978055133,857.0870322207046,2.4876072068251824,4,0,2,-0.8776258009643658,0.877529340976881,0.4403432278223328,0.5639584975702573,0.8094789747580944,1,normal
5.852069083613979,813.8449080056703,561.0896315419652,6,0,61.85747346188183,212.15852434469213,-1.2535882099652838,1,0,0,2.177371384972675,-2.614048862560076,0.6505325627672293,-1.1716262546797978,0.3138934601641306,0,ddos
7.889736787649348,2163.6450483812346,300.19704334312104,3,0,2410.993704569245,2266.029431905765,-0.4766866828172064,0,0,2,-0.880270914467502,2.435641611413719,-1.2439733445773002,4.484032464974644,-0.5517587444314617,1,normal
5.542684986410412,1515.4812642617933,165.1287815997608,3,3,939.2192457011704,434.4339235545956,0.1694210289709268,2,0,2,-1.7984015189731504,0.8817463211469732,2.6158680681857787,-0.1911033766646359,1.3888620410075636,0,ddos
0.9935047333159492,951.0621119391204,96.38469330228747,6,0,243.02640060251892,1131.170849278847,-2.3102069284946856,1,0,0,1.701737370770241,-0.73120779674461,2.494674673582987,-1.6040001770559598,-0.7560814723683297,1,normal
0.6769445939572089,127.26722222634046,83.6844498233769,3,12,222.75478583092968,868.7265739433396,-1.9315548679443897,0,0,6,-2.512667965971901,-2.650550737109288,0.6916884172443464,3.729614785683844,1.224367188928242,1,normal
2.780790321362038,1125.6620136078252,304.9026833706693,9,6,945.8294696059352,1506.7862851350849,-1.48850621115467,0,0,0,-1.4138923857904313,-0.0540659809575068,4.25214970304406,0.1374889361839846,0.934237773748406,1,normal
2.666775334716535,187.67082099598449,303.58332600837434,9,6,122.3826715281224,492.34017300916014,-0.7654780844276858,2,2,3,-2.479573573020301,0.0191403628025521,2.4121126773821087,1.219190363053824,0.642211067811608,0,scanning
0.825356576308916,1099.8436005961464,57.93180609519767,3,9,811.2256899278252,375.0915153440054,3.2672562586940206,0,0,0,-2.592438803633062,-3.296636198448481,-1.687751784691225,1.4155986952170947,-0.2342439644417748,0,scanning
2.7935983173121484,166.08223184667952,142.49892879087875,6,12,916.5279588283264,925.6376334770316,-2.864802625720462,0,1,5,-2.736036538872808,-0.6040650369013705,1.5842585832080185,2.9171217957609983,1.21410553266327,1,normal
0.0176887540122394,709.6557068415643,239.6756061429686,0,3,2171.780216167147,1300.7324176967022,0.0698024143138011,0,2,1,-2.423553971024308,2.1059839471733786,-1.8052459297669312,0.9363992400705364,-1.1282936487956736,1,normal
3.9356688268173112,661.2286405788312,423.6221039555899,15,0,1373.2291526884194,1528.02037916384,1.06939958323997,1,0,5,3.098980479578888,4.281884773740664,-0.0398710021641051,1.5215540299604065,1.400918021783668,1,normal
5.220058320657519,681.333692052316,585.1970727125358,0,9,1859.575757949829,207.46513489468504,-1.6118244679758535,3,0,3,0.8174267263396329,0.0915160391060212,-1.1349200464582248,-2.173658210817428,0.0643094401129563,0,dos
2.602770336790912,448.3949140680551,350.7800350826222,3,9,677.4068350488358,719.1186686120966,3.236674079897944,0,1,1,-0.1013758497210977,0.8522695357863477,-1.2645145201972494,-0.9702950346755308,1.3310503018415636,0,dos
1.2830937086170269,1844.2305065436003,649.3200530857292,0,6,2799.4614846148875,439.3322387470254,3.033427647617266,0,2,0,-1.0049626747244351,1.4464283988915334,1.570615953410026,-2.1511223891970097,-0.0156340138564324,0,dos
2.2595764348056315,334.1697832002655,98.69996465298098,9,0,1927.0123310678853,1255.1133593687655,-0.9049120797962772,1,1,1,0.8838127894587047,2.3072334088474387,0.2897327354461468,-3.4787716367578563,-0.5266170940104021,1,normal
1.0170454147548216,901.1181057476,299.2007968580608,6,3,2501.566853146393,115.41260667249942,2.2322384701941127,0,1,0,0.6853587389891738,3.689978120249883,3.159247139302563,0.2545378800259025,-0.1527067066132926,0,scanning
10.846968432166468,3076.320956915913,586.2237736036803,3,15,1900.732913369984,1922.317796909432,5.001501971133695,1,1,0,-2.8219299334580343,0.7651986870112788,3.822747299860894,0.2035694587973598,0.0914845495301801,0,backdoor
0.4204625346642673,550.575467577013,964.1449562344304,0,3,1615.3753758688094,2636.2240333685213,2.8703840257105457,2,1,0,2.857631956597876,-2.2848174583558194,-1.1636794835280395,-4.4786447557720255,0.287330611376756,0,ddos
8.565567033989751,90.88758957717768,63.06193432806992,9,0,1051.9789161614858,468.83178832446265,2.6754368011171,1,2,0,0.0746809171113453,2.627191393969588,1.910870130041738,1.9187683111335936,0.605779970568531,1,normal
0.1260834442939484,3700.341486446048,441.1507183668221,6,0,4284.289800646902,674.6352013017442,-2.1815909728584133,2,0,2,1.5305928744736166,-3.6522965836966574,-2.142086438822523,-0.4380339115060415,0.3664284948400724,0,ddos
2.220596620236894,283.75843738243765,735.0858152031706,3,3,338.77578548375084,513.4811863013625,1.219417656654734,0,1,1,-1.9750859361989093,-1.9399291315283207,3.696795994922964,2.105457182256438,0.4489116485694605,0,backdoor
1.363088066009733,30.73186418243168,775.6730378735484,3,3,1144.6134080637437,245.3818325145168,2.0607485752638,1,0,0,-2.6794055409548325,-3.8535572947596464,-1.850354869426517,1.5046324651995255,-0.8057442111359745,0,scanning
16.65480783045664,506.29195984165,6.340690220425939,3,3,736.6414250308474,1544.482599004947,2.105915836431433,0,1,2,-3.014331814828908,0.7003798788932687,-2.2150171668096226,-2.6447753269686625,-0.5521690912775331,1,normal
0.9467157555299124,1285.439617274459,910.6569198575238,0,0,490.5928697860856,456.70781276271424,1.3795423125119544,1,0,0,-1.1674760069600811,0.6131941509820413,2.4191964021144914,0.565723592645837,-0.0771878786477649,0,injection
5.563902207162066,1338.2192120409934,497.9627138315496,0,3,309.7789979575433,2023.399108550352,2.521567442870896,1,1,4,0.7141291053549134,-0.0749978288052115,0.7564600466238642,0.7494903113862896,0.2848301665706778,1,normal
5.562449822969554,1457.5357361992412,581.0366621085119,6,6,787.6586288750375,1499.999935499863,-4.931419657839063,1,1,1,0.132449876826822,3.5840824887255573,0.4460594150972651,-1.036176707651561,0.0724115087875461,0,xss
8.626722770914851,533.0544375659149,270.3141356294039,3,3,700.1577121985985,553.1400432342623,-2.827766911663302,0,1,1,0.7590494706161011,-2.1773526498596643,3.6638158909571095,-2.6513772228000025,0.5819512078933676,0,ddos
0.5757710058385159,951.1262577008636,274.5633638970855,0,3,374.1275411682858,1103.1068282405015,-1.1292943582044688,0,1,1,-0.8040939447877969,-1.4284786069147155,4.509258410485273,-0.6009398817963909,-1.1459927920818642,1,normal
1.7019383729686144,1190.5002349307838,858.1926399870287,0,0,3162.9987638687894,73.41975335894601,-1.3138675672053164,2,1,2,3.141844130114756,-4.834805359209972,-1.960539382200529,-0.5700555857194065,0.3476542393506441,0,backdoor
0.9258704739224616,431.16677798079365,46.69600085603835,0,9,360.2264996949157,906.8571305164812,1.1171327265972002,0,0,3,-4.297375442933629,1.941238499626969,2.307308651813651,-0.2469974367891331,-0.3976730662359833,0,password
2.3613195333590378,6.385933808155775,592.7971333086705,0,3,1173.6146191043572,604.591431912633,-1.746698467596166,2,2,2,-0.7161443627672768,1.3427259218206529,-1.476935210069812,0.1151258404569939,0.3087974269901284,1,normal
4.8475710211972665,236.6497230543806,524.3925203415855,3,6,164.2937022746418,1653.8662132522052,2.513036650678149,1,1,3,-2.25043309737428,-1.4754143256021226,2.311740859323854,0.9936780937104972,-1.535696647441855,0,dos
4.294526399114091,428.1220599127629,678.2031184137268,0,3,1384.4739460350372,1777.8010345949767,2.24545802491094,0,2,1,-3.9678285695813527,1.810929499205313,0.6146993936513028,-3.189426783986436,-0.7125028370446073,1,normal
7.533068672706346,928.9744085067704,47.020939308197626,6,3,852.1774479493447,95.29187864481466,-2.304792698502061,0,1,1,-2.6967674702499584,2.6422804502814445,-0.3043921920794808,-0.5968696332859842,-1.1820445128110602,1,normal
9.882653842454673,1182.8182700716493,119.15128267933294,0,12,1315.6640733041238,1780.5725046936195,1.7921808539028248,3,1,4,-7.456056743578962,-0.4540127065131012,0.3328324509423856,-0.0525709453056786,0.5910837273744541,1,normal
0.9687394073859776,683.7199205164276,409.1770338768648,3,6,659.8919050854873,135.37633648587914,0.9439326767761124,2,0,3,1.2519952406769603,1.649505766421333,-0.8986002253465359,1.2896007832377527,-0.2067346251670694,1,normal
0.3549230338485832,2252.3555434690043,171.5105789739852,3,0,2569.9204662402826,21.834355007943547,-4.392667479773228,0,2,4,-1.4273388388089647,-0.1513238231928446,3.248064654818664,-0.8610025203705234,1.3391322364631464,1,normal
1.2954569921111694,1448.2094962877766,372.37163361128734,6,3,309.41931202105144,1499.3038381783506,-1.493888749749933,1,0,2,-2.880861169620584,-0.6722994034619716,3.507699520484749,-0.6547902255603596,0.3503983541153299,1,normal
5.652462592482909,535.1233997269554,386.410280033355,0,3,1337.9624146230449,786.3689090358542,2.364793355228651,0,1,2,1.524798526261545,-1.0103723110951672,-0.488076931774309,-1.694497887085284,0.8522954256277603,0,injection
4.983170956488554,1478.5337385452722,193.43346152158728,3,3,242.3276033772705,188.1841976560528,1.0280979649751545,4,1,4,1.987907014494656,-0.6578351923238221,-2.4813418018319964,-0.9983275642128568,1.3610032654508135,0,scanning
4.51439579508299,1805.8953844968144,701.835086880188,0,3,369.06141294282656,935.9128031379204,-0.6986151336031199,1,0,1,-2.018952604992132,0.9154538497824224,2.980840504661596,0.4480886473065613,1.0652776408927174,0,dos
1.8098720890796745,1859.13421991456,211.97602194556296,15,6,3921.266109124008,2143.276090218125,-0.3549696284534334,0,1,4,-4.084706613512189,1.1502838806910851,-1.4439786530061645,4.7120472605583785,0.3443818336263869,1,normal
3.902164142872173,27.423718773286865,119.66855006930392,3,12,299.53185226311984,1567.5849867464003,1.9076931333262832,0,2,0,-3.671703959469832,-1.1609016952025264,-0.3241791586692861,-1.129592706600447,-1.2107817277357902,1,normal
6.135766257318828,2962.8476216096446,244.53442397714323,6,0,5352.4867665196825,1321.6207485157277,-5.456074840080713,0,0,3,-0.2293571541075123,1.898631945293758,1.0002029632759264,1.0672023156454842,0.4045002765845856,0,ddos
5.212027981887547,1583.3268436784288,340.8987014260304,3,0,1132.924939657527,445.6235970606211,0.3090464614756579,3,0,0,0.6478739694131307,-3.144452434706224,-1.7549077293990298,-1.3470207198136206,-0.4385995518495458,0,scanning
7.0828369056122185,378.4404632336912,269.9999837088085,3,6,1501.217692991596,306.96708073434223,-1.9845880473453927,2,0,7,-1.2471015966247372,4.137193114447307,1.1370146512584187,-0.1187003121910921,1.7454476227465006,1,normal
10.092150608742392,782.3576218456647,797.2838129925758,0,0,1128.925113565412,774.4911117622411,1.1970123877164645,0,0,0,2.3029053545349703,1.5578406183850555,2.796875185535426,1.364736775669244,-0.3310073525904355,1,normal
5.7380996652803375,599.6533573728441,1472.5384174074925,3,0,566.8854706798319,706.9666299153627,1.6090690549439777,3,2,0,3.3626795085942165,3.4514737368384143,-0.8161999992291673,-0.8926308322555971,-0.7294020940800052,1,normal
4.155077686214811,1124.2715004999493,575.2928605662288,3,6,1219.5999825991687,833.9976656137484,-3.2533885478988243,1,1,1,-3.839156218092021,-1.1701594155195332,1.901379622389872,3.126771164960945,-1.0201224679221623,1,normal
0.7865812637902586,31.259523227868403,579.8898750124642,3,12,3489.916502741105,360.5491755806612,2.0238026662647823,0,1,2,-1.5975787433162558,2.36382569817202,3.4196037799660184,-1.2874565005513383,-0.2441538241684926,0,xss
2.303332569704152,146.68209619952322,418.4477019376618,18,6,1286.0059271100415,1425.0775778726177,0.444157032244528,2,2,4,-0.3837100961646671,-0.4669002985788022,2.817406051957188,3.185202437829454,1.6380539682146422,1,normal
9.20156260972499,232.9350806213455,214.35034415651768,3,6,1158.9089334091764,139.4414270890308,3.4047407170486395,0,0,2,-2.018208174034477,1.5556991189559233,-1.0703997518319217,-0.9462425473443864,-0.0638630830941849,0,scanning
1.897455900401107,306.95364003960674,686.3235297770486,0,0,175.25141980870487,1162.0298603536162,1.1685154993219184,2,1,3,1.6259731805436497,0.7603676456538273,0.8423211282981204,-0.2383493492776836,-0.4213681167953716,1,normal
4.389741927457971,2085.496539172869,392.8487516132548,3,9,103.36227193012274,1638.8483650911635,-0.4274154939823397,0,1,6,-0.2249090571532022,2.916316274847464,0.5210714414390212,4.619000651505076,-2.440213087772621,1,normal
2.1706975282627186,1035.0333334420948,572.3941938263396,6,3,472.7512671024374,1489.1886055642094,0.3660052903085744,0,0,0,-2.575145830841188,3.0294388710027302,1.5007258774827512,-0.4023182048218914,-0.4738917287339276,0,scanning
5.334230044576277,1904.146695985569,107.83253051866764,0,0,1061.8724396500463,1313.6401229855585,0.7514625244799578,0,0,3,0.3999681402116837,0.4216205832053791,2.825342645726696,0.53151260712406,-1.8587190204872217,1,normal
0.9468018542924656,394.5630547956961,892.9163960710788,0,3,292.6619662384348,823.3536694456994,-0.935557863256744,2,0,5,-0.5834396311745247,1.856319611902095,-1.1725676526505502,-0.2167004838953974,0.9270643727338104,1,normal
5.75129175479522,468.488083784729,926.3456043353582,0,0,1453.097548149625,187.14892354991497,0.3016531355798417,3,1,0,0.5014791426125835,0.8213877203402112,-1.7872768789716489,-2.513105420313872,1.85296665258387,1,normal
2.3602330935509173,750.4300972467904,345.64697710540804,6,3,641.9512551169847,1810.444011735469,1.857613947550356,1,0,3,-0.4193875400444428,1.1187968333942166,-4.120476729349669,0.8535168432655285,0.2878191749203485,0,backdoor
7.01005815887934,901.8517133994616,382.3999194402584,15,0,1517.1629738228958,520.7181842512542,0.7009960959090265,2,2,1,-3.383010708399407,-2.9223317126218094,2.867652718132523,-2.785221013409884,0.1568178756477325,0,injection
6.105350939485756,799.2930669462255,743.3576744677069,6,0,1909.1455365129489,2000.5924224977264,2.774722758522452,0,1,2,0.0463545661892876,0.4988371430953182,-1.4223770056756588,-4.920257179157529,0.2060788612882578,0,injection
5.256084335943358,1067.2065172320551,734.1021899104878,3,0,1301.229602880593,120.57789894353483,5.241214708755023,0,1,0,-1.6477108122941353,-0.708363436375564,-0.1855500011695303,0.9339702124254778,-0.4763662913625409,0,password
5.769922307953261,552.5457896624372,565.0157719832033,6,3,1319.2184735562466,356.16462174765,-1.1601514029533249,1,2,1,-0.4338225630779823,1.9332034353469163,1.1379241049508502,-1.2842681398529228,-1.2761168945471504,1,normal
3.9556954189235167,1504.3253936707267,262.6399114266543,0,3,2384.09361332802,141.42392091344874,0.3128511712100121,3,0,6,-1.559875362709085,2.365238180603676,-0.581149229136435,-1.080005505088495,0.6051444128236017,1,normal
7.033456425694603,401.1938754388724,70.0087829682487,3,0,1402.106799484381,328.31971740304425,0.3284980766618208,0,1,0,-2.2824112382032578,-0.3768760116756442,-1.2229759872206858,1.3065485027844,0.1122954623378198,1,normal
1.4203185225818236,225.17533963876264,394.1548956689781,3,3,132.4668453146042,478.7649937999128,-0.5454136601009925,3,0,0,-0.4841589229973169,0.3701565534874648,0.5979337961054365,-2.0090992998215547,0.404431180895739,0,dos
1.1647562951188748,419.9705698041018,319.41534981748634,3,0,1848.859028732432,1998.8023681563056,1.713184284655353,0,0,1,-1.0141581316465715,1.0760339436085675,0.6882916103018576,-4.081761898519879,0.6675545069430413,1,normal
2.219455580463656,313.6689505999769,835.3421239765761,0,0,47.90900903307664,43.32090224434776,0.111347200958231,1,0,0,0.003080680188509,-0.8228846617903633,0.4010613019522857,-0.204063128147617,0.5688905816737923,1,normal
6.670574935949468,664.1756839771239,437.6784597835266,6,0,967.5951036874756,1297.4036151426556,2.1312251858821205,1,1,4,0.0460566277811558,0.5503616590933302,-1.6363606773909984,1.558455924340098,-0.8083598732220144,0,password
1.1242360125374782,113.37165706440722,863.7887415470007,0,0,262.1949661863388,834.9995003333295,-0.0247761448162076,0,1,4,-1.525378364207756,-3.596186345778526,4.096367761234095,1.842462533744118,0.1903312555206298,0,password
7.292794591841693,537.94118683771,149.88563298500037,9,3,246.76320234067268,2504.007733447404,2.4832380073508107,0,1,4,4.015486804980928,-0.2901873323313637,0.5111057409073139,1.5704031473478322,-1.0834188074824067,1,normal
2.983408302218681,918.0005203927348,20.814654814443188,0,9,1384.1405216433222,3.42091160407455,-1.3398229477958168,1,1,3,0.2028459567547504,-1.5650644920277428,-0.4738747687351191,2.1368599132384336,-1.048819689202529,1,normal
10.965819002552731,1050.273231581377,807.452961041119,3,9,2571.1373989728168,2288.5687147725102,-3.8686027965157743,2,1,2,-1.4221528768964264,2.943114514372032,1.1774870870100744,0.3946595982434164,0.3607928362141127,0,dos
2.510455932823276,911.436837040692,723.850357469201,0,6,1973.507051526038,1114.0732583176105,0.1509407641273745,0,1,2,-1.709242956184089,-2.6714045911105826,0.0085109144017627,-0.678898589793443,-0.0006352890173473,1,normal
1.8000966403130776,1638.094700608525,602.4837248929387,0,0,2658.421709774435,2029.3056864741984,-0.9252369199293852,1,0,2,-0.8772240435257659,2.5199702179891847,-3.057343334383567,2.374524183204124,1.3832068575378256,1,normal
5.1013494551495455,684.4666278186656,110.55436007030062,3,3,726.7169933107334,675.9390445547032,-0.6866885842123669,1,1,0,-0.860629321442069,-0.1473212429665409,2.4717546182616768,3.429928392377384,-1.1563291496036066,1,normal
2.7536842136030817,1149.0897947718938,934.3335828482956,3,6,2854.405565625412,770.7101924804158,1.2964353481152715,0,0,0,2.949618501001412,4.872385743684821,1.7414108511799902,-1.968921615042906,1.178400052807842,1,normal
5.86253211388771,2807.9864108107254,156.76570510522905,9,0,642.3867619472587,2531.475079275804,1.0016051239407486,0,1,3,-3.7658172880614886,3.1966602475184827,1.9619395176737504,0.2994651071853664,1.084794795670387,0,backdoor
1.042237248448868,924.7190432074374,191.88009112235943,6,3,2594.6161312103613,1221.41940106815,1.5765117940198985,0,0,0,-1.516170999278976,1.595460374111369,2.123596292072208,0.5541629779365995,0.7674904043440409,1,normal
12.153559091512983,589.7466380069195,95.3459360296726,0,9,51.80069989541815,247.82581786899365,0.2172933194214561,2,0,5,-1.2248412083557068,2.4688520373741163,-2.5884561090471667,-1.331161924032336,-0.37291100996827,1,normal
5.798745615671127,599.7997049374769,1023.5337745129144,6,3,78.35437841582505,728.5012087240802,2.836375805574864,0,1,0,1.8842049371541256,-0.5489326179663638,1.6835588591051736,4.445930139538718,-1.1143285362740292,1,normal
2.200361406889573,1541.8040666841136,291.80926984354784,3,15,2506.572155860332,1097.6015766902765,-1.294504909664253,5,0,1,0.6036616658531448,-1.186384147978602,0.3724502246505192,0.1919682844827344,0.5687121963438916,1,normal
0.2383502893432237,1150.8051263875027,933.2820441488692,0,9,2919.590377179034,235.5084946952168,3.1896733212543795,0,2,0,0.7901697974059696,2.328895500717752,-0.527712621099899,-1.940764292491013,0.6127798777334161,0,injection
6.387568545276387,280.7753847218454,175.07892294943818,12,9,2265.5439683354066,1187.6074125907844,-0.7499536990943323,1,1,6,-0.7899211716999641,1.7016721273883713,5.090359447637796,3.5674302032637986,0.794883536977275,1,normal
5.8303898256468205,1318.7464647987456,855.7272574223196,9,0,84.73280681979115,1451.2171025124007,-1.8315674302130849,0,0,3,0.5097133249018746,-1.60578058225286,3.2303406075254006,-1.220122479232806,-0.0717597708342506,1,normal
3.234010183674231,2231.3988843335533,782.7479767644012,0,6,802.2498981752004,297.54623406550354,1.662596677170289,1,1,1,-1.5272502973539084,-0.0346203747605826,0.2495434780133086,1.498881527872295,0.8026400781544665,0,password
1.737673328572121,1393.4468103721738,284.21768839616175,9,3,1063.4013518675144,435.71595492105513,-3.216114640265544,1,0,0,-0.7835195362174256,2.2895234251423644,1.1153112410653652,-0.8422092585528592,0.7938359299926372,1,normal
2.41950640000843,1196.287018416192,432.6162250343768,0,0,1076.3017486983822,428.69576840424327,0.4349702803123145,0,1,0,1.7493858671985962,-1.870951840326386,-0.873327420206587,0.2348915661972994,-0.7123137674945179,0,xss
11.52119260919368,1325.7522375147894,757.7412393340456,0,0,869.1626155174997,690.8729828274429,-1.3952143960350825,0,0,2,-3.980121688365596,-2.7947561917645807,2.384592241269708,-1.3818850883609155,-0.4217961730743427,0,backdoor
5.942552797805185,447.8277637307212,727.6706689556104,0,9,1168.5743037527184,2249.940593296897,3.2269376755944226,3,1,5,0.3153115524832119,-0.6850043927169853,-0.4235599369663561,1.1982133236673829,0.4259787212711863,1,normal
1.0575544014818592,12.705209623564471,30.618717006524488,0,0,3716.0144271532345,1660.224731920117,5.82499578104035,0,1,1,1.6242583716076964,3.75562363302956,3.105986927360968,-0.4191670687877173,-0.6431133896054477,1,normal
5.695433008035231,398.97448811653226,310.02202124231,3,0,783.839788107619,1011.7914589417376,-3.356795348570124,2,0,5,-0.5038297159706099,4.109315950297308,1.928725526318681,0.4887671340994872,-0.0475071496192178,1,normal
2.8770872091915365,826.8190048501722,600.7732779237763,9,6,2270.5964872548493,781.6317984377375,-1.412755122591288,3,0,0,2.314674704594544,3.607126608029935,3.595136499681275,-3.2843632450442115,0.8259628953513373,1,normal
10.106831466149188,136.10319145519784,479.09430179897976,12,12,2933.3756013029806,180.05396511812245,-0.1452940925449046,3,1,1,-2.062380865819443,4.212060164549561,1.2669922512318224,2.137932631914479,-1.4790831647352132,1,normal
0.1724271780078275,570.8600812657614,90.7518149470336,6,0,648.7482412589916,1786.296481826084,0.145112456056315,2,0,3,-1.7668015105994592,-1.1137123911576847,-2.4582578961328565,0.5065376928498682,1.3872685427999918,0,scanning
6.947563809677344,1870.4407875583177,475.92933376637353,9,3,2135.854993443302,1010.0055507638872,0.4014232209160171,1,1,4,1.6111425957301502,4.58304164264632,-1.7877862621361087,-1.7847750947276817,0.3962381017431974,1,normal
3.979837548588317,284.23776601262426,302.3611211018957,9,6,1253.4336235954004,344.5193101655297,-4.154686659232891,3,1,2,-1.6608786532011852,0.3948334049478922,-0.5519009423888366,-0.9227463682191044,0.2185067427436877,1,normal
4.550247634208889,1098.940757110145,370.8260098540489,0,0,3388.7239642866275,534.2564797072674,0.4152594440280081,1,0,1,0.2571947684289146,2.2512243892310173,5.505337454832491,1.0168790692069969,1.4827647882647113,1,normal
3.465430742690155,293.3847940202756,278.358317961087,9,9,844.3607202211604,1982.377691264595,-1.6394836709877454,0,1,1,2.652824074594391,2.229969878417867,1.7913125266320264,4.477645555782574,1.2013772771724565,1,normal
0.4037596584424434,23.6227004425521,744.856358585127,0,6,310.9236117944527,1099.837879209154,2.174430339628924,3,1,2,1.630934507047861,-2.11898769548616,-3.127720473986126,-0.8898152297372544,0.422873495285968,0,dos
6.317644560480038,1214.4668114116723,191.8260640796888,0,3,1731.209807310968,989.2280041589042,-3.063811206381798,2,1,0,0.9513601564864004,-0.2023215139211993,1.6348719854503115,0.3041879195142625,-0.7404359005530364,1,normal
3.852012664865706,207.9444296213452,26.40528623023992,0,0,336.2541836999885,547.576633316801,1.8463704275468584,0,1,1,-0.6658793549008643,-1.099482697423856,1.6471265276597975,1.6179271755529054,0.688433944850781,0,scanning
0.6033110207191906,645.4189443370101,21.865587933301725,3,3,12.88868597110443,1398.6470598440317,0.121192153171433,3,0,1,5.815474636064662,-4.769233690983866,-2.878961619143964,-2.8815985656755903,-0.975605736571144,0,password
0.2335672639053231,931.094211392934,385.505511261946,0,15,2535.71808372324,73.02771832735499,-0.882129174941344,0,1,2,-4.537650542343657,5.8672504716960745,-0.6080933475898922,-0.6992637782638309,-1.4887264201478432,1,normal
12.234003546571838,877.2960873078337,342.73910401742273,3,3,1664.393382576504,855.6088790729982,-2.401809573617491,2,1,3,-1.652775017023378,1.3071588178327431,-1.4388543987597002,0.5766777666640723,-0.2310530338929459,1,normal
6.596374850808631,79.12488018284469,378.3710875191943,9,6,689.8262916954069,1425.4689353157469,2.1682384965156274,0,2,5,2.9208679533723343,1.281704661300612,-1.9199176133735687,4.176417727630246,-1.1063680950470047,1,normal
0.0616501774174139,447.29786774108726,662.223371927014,6,0,1024.1407697776517,830.7654999748817,-0.2576392221778458,0,0,0,-1.7649074560545652,1.4302770800451858,0.0304461728763827,-1.6998333929627298,0.5156224453716374,1,normal
3.278476928393608,1387.29434400643,85.42820900121956,3,0,1136.211056768111,330.71382771096154,1.5264150937481036,1,0,1,0.8354064295498349,-1.478299948170828,0.888888335114957,2.626639616606244,0.240906421982667,0,xss
10.30399350421816,335.3454525627734,514.8224045959776,6,6,546.3703029247557,546.5208988021124,0.3486291276798761,0,0,3,0.8399163608100308,1.120040984939857,0.8153647312014136,2.3335482008240325,-1.2955491541252817,1,normal
8.060840607900776,43.16362198155765,483.86443237271817,0,3,2864.9191427092805,1296.766515929041,-0.8460663806863684,4,1,1,-0.6214284611599242,-3.9924384159094393,-0.5396573760856886,3.1272432117612423,0.3237888493661665,0,backdoor
1.6504460755278372,1340.6949765968495,63.85733168769595,12,9,4079.504483959151,2435.510262659519,-2.075365332123298,0,2,3,-3.700109731079272,2.7248388071566865,-2.213722793340035,2.2399520324836635,0.7079619983379397,1,normal
8.280535592215184,59.6174201507661,92.0129067383157,0,0,1362.3357356872468,202.1104140764469,0.8985125828809226,0,0,1,1.5031733065828712,0.2144350280501383,2.641364255965638,2.14574112779056,0.6280821162550515,1,normal
8.867297482903773,1620.216282841711,131.69467934667688,0,12,527.5328700406116,917.1331633254676,0.274435818473483,0,0,5,-2.753899942096882,1.8112038761645728,1.8523093022935924,-1.9252142930071647,-0.2819699224971478,0,injection
1.2496771633771395,963.9212316924098,165.17284182089367,0,3,649.9703167608653,722.1622235770344,-0.3656488550489561,2,0,2,-1.9123372188666607,-0.7452547793089681,-0.905512339516089,-1.1316514934983528,1.151512250364932,1,normal
4.490361063744191,924.9192143633634,324.14200839605405,3,9,559.3575606496585,1636.9432038823643,3.769321012911093,0,0,0,-3.1370067164809505,-1.1027790349378948,-0.4953421664094009,0.0619522497452693,-0.034224893315619,0,dos
4.302593082465783,1390.4776253208263,65.16158606558378,0,12,766.5809917272849,90.32069868447398,0.1242760042241111,0,1,7,1.9871837812019144,-2.820037917772325,2.37704265536756,-1.2138079065412892,-1.3987170747572322,0,injection
4.130929252882581,487.25475376286033,655.0000655559213,3,0,135.6445261302745,1678.7185089742668,1.307653322981565,1,0,1,2.031265359760264,-1.8391044473592508,-1.3739789027069191,-2.3967075685664567,2.426254107298328,0,injection
1.4907382984776922,813.2990261209355,819.724347627771,9,3,1283.327807249098,373.986944497498,-4.401441248564528,3,1,3,-0.9139646387382948,0.8869961116796454,0.7424644277671155,0.624652618412191,-1.453868660679452,1,normal
3.0405394418944818,2774.458650471908,937.8853008329716,3,3,2384.664254456676,156.12171563807124,-3.729420732792516,0,2,6,-1.630679727719996,-2.151645063201757,5.88889174091379,0.420954613506717,0.7292857472231336,1,normal
4.177624299673932,345.3773412235747,11.207416855925798,12,6,740.3078726945911,243.68238449882256,-4.120229970618156,5,0,7,-2.408928606968359,3.738215311254772,1.1339058057678464,-0.3109901628908404,1.4278655237285012,1,normal
5.215464962632455,1066.026914729966,87.91443058585557,0,3,3707.790083589992,29.47058665875027,5.4960561070817535,1,1,1,-1.3390426848945414,2.422884285484445,-1.6920383362950544,-0.9396466510952046,-0.0482228776162858,0,injection
10.108978376485334,980.8382815272277,408.0038325038248,3,3,603.7768467906992,578.9482511289781,-0.9993899960293624,1,0,0,-4.116157856546688,1.8218744645062657,2.335503482502592,-0.3398800158435298,1.0217498193441834,1,normal
1.824984430575828,1900.004825078498,245.4334258671127,6,0,1728.1161314910648,1082.5818702081615,-3.174941832846718,1,1,0,-0.538898478180152,0.2606320340623158,1.2999583040088407,-1.3315491288559873,0.7837353358591779,0,xss
0.6721282577874261,1226.437882518864,1280.3521654596314,0,6,358.36720613541365,262.8240394137601,-1.9729416352554,1,0,3,-1.5478322450543047,3.34153573391898,-0.0330922377213884,-2.220627005875476,1.2387912756290582,1,normal
6.702660344711841,123.40346486902604,149.23317191409967,9,6,979.8726771516664,211.9405666354024,-3.530980896558403,3,0,4,0.1157141695302939,-1.1315604059761022,-0.7279931106756828,1.1908051708009764,-0.1948713056290762,1,normal
0.3835116769309072,661.1390595397862,434.494259793532,3,0,337.58559354910653,319.0108594664657,-2.004737725416307,0,0,0,-0.5129725043446931,0.5770374688716747,2.1526058037566003,-0.7299928880427533,-0.3742158385485001,0,xss
5.994993397304898,2679.9637194384045,638.305715215216,0,3,4432.41950753778,3530.129186814285,-0.0769756256598079,2,1,0,-0.6716243411812758,2.984103028030127,-3.7181370816928014,4.526138752744608,1.0414589115166335,1,normal
4.642829447318621,2365.37372747567,714.1332899421518,0,6,5021.644187848965,2749.706476638584,-4.788091006637389,1,2,5,2.3753919742337537,0.2260438527045516,-3.094119496999944,3.069227709634971,-0.0808810961810926,1,normal
2.103274293137837,717.4308665432167,267.2102518085854,6,6,655.2523497353467,270.9989700021712,0.0210861519355245,0,1,5,0.6122262773707208,-0.7156779946582259,-0.482274634023818,-2.865560770576393,0.7530462203842613,0,scanning
2.0884173084677173,904.9894208041578,172.94520170549814,0,0,1524.252133514843,341.77486126198585,1.4650017103216384,1,0,3,3.042255152604278,2.786725965218115,-0.3841991764374033,1.4513694591237467,1.9577520186925392,1,normal
1.4175580533692114,521.7333063661777,233.319238249229,9,3,804.6655925047601,875.1212641102392,-3.928362866617863,3,0,4,1.414236721899882,4.225629039076479,1.2001649813184303,-1.1514708491627492,1.7005691875424396,1,normal
1.035438578022258,1128.8489780889915,253.392395800987,0,3,3022.800877586205,325.3650362668831,2.938069167274697,2,0,3,2.30534547584952,0.7700374643387602,3.5176472138331016,3.2607531311867257,-1.1993478340395105,1,normal
3.472471305637213,133.7144802849977,255.40583732816492,3,0,1591.7558181166692,495.8750467713675,0.7577752815010292,2,0,1,-0.2750463617838236,2.200767528923113,0.1532191355233607,-2.342654862371308,-0.1009347089151765,1,normal
1.990460280466848,1556.008055406052,31.68672111966857,6,0,728.5818033546277,1778.2009828181167,0.0236742190642587,0,0,6,-1.392087673493205,-3.406503422759057,2.1332275631018627,1.125106607014833,-0.2230708997961982,1,normal
1.3561693464919262,103.37224765553566,253.806577954447,3,6,1620.0874904613172,837.2420118132702,-0.2339968593366195,0,0,3,-1.5383245656598787,-1.6318609171170078,3.093604878244421,1.817517181655862,1.4445164542114628,0,dos
0.9348237098639552,295.4069468034669,433.6371275495583,3,3,837.1349618276122,1700.5974067491711,-1.6529185858555255,2,1,6,0.2243066006286393,3.328192636111773,-1.7634125671783458,0.5160824421943144,-0.0209349384300487,1,normal
8.05568327028346,360.5709343624762,584.9878741448415,0,0,322.9459344274664,828.4326550212766,2.3952646560900748,1,0,1,-0.5262887787185389,2.072820940230251,-0.0520189538617763,0.3083489507699118,-1.171889731249406,0,ddos
4.314616441626276,125.40611133327116,964.1239898625896,3,6,2652.646080996186,429.3891588424941,3.638540333984985,0,0,1,-2.951279786990112,2.0951889015098386,-0.2390694902232454,-2.42787478052486,0.0167487456762301,0,backdoor
0.5630927995203313,2449.252481264891,662.6974645104432,0,0,4199.7644033508495,1210.3654626934372,4.393384318347135,1,0,0,-2.7227795790056764,1.0477380889759502,4.015960471999224,-3.642957265522546,-0.3828662414421172,0,dos
2.016772598105575,864.1206669859703,906.8490668357412,6,0,1031.9295494988976,1093.79045567063,-1.7408199508536542,1,0,2,-3.1049855799223263,2.145546240524589,-1.0879887791254448,0.9170124046802896,1.750253660802241,1,normal
6.959556106309512,1510.643555284834,538.2039050675938,3,12,1422.6881115737558,1986.484954305682,-0.6903298487583243,2,1,4,-4.536777063223067,3.9497621893102464,1.6616216153743228,-0.4969291639520778,0.8191289295611379,0,ddos
4.778210147958505,814.9343510053402,1041.1836340224406,3,0,997.0586469648582,953.6085605787364,-1.3806653793020782,2,1,0,0.7544648195693311,0.9303951481045852,2.719610086670946,-2.430758726958913,-1.0634377924423142,1,normal
0.329731510463822,468.2721342521958,203.9179807595469,3,0,342.8026878546432,260.045825233968,0.8839041028934181,1,0,1,2.304793886916971,1.466629463245174,-0.6699338125559713,1.6479622463225747,-2.561849909577496,1,normal
5.760992265103142,1180.325102887538,750.6850273330507,0,6,1331.99982404492,629.3033322705516,1.300198655434534,0,1,0,-3.459451665381261,-0.4978568865872191,-2.62598999838046,-1.4083267144062168,0.6019997728979023,0,injection
3.1237950207887644,1614.3869201781226,676.3999589681544,0,9,2556.58227795626,1321.2745210373728,-0.259470608126636,1,1,2,2.1639452733749405,-2.766525565360052,-2.095755036032049,-0.452781835813613,1.1958004574506893,0,xss
3.146331522512917,2780.8044557188305,647.0633342993093,12,0,4405.437033694195,1131.6852349976098,-3.039423155238735,3,0,0,1.0547214042442026,-4.374647894734501,-2.2519617858448027,2.4645230405828205,0.0817080559594555,0,scanning
4.195888518447652,459.7955441321665,402.2662857195084,12,6,1796.894620784746,2544.587963492503,1.1251143951192977,3,0,2,2.5202201240724955,-1.0825819670109336,-1.719174483562692,-2.493803837921199,-0.773321798198494,0,dos
2.072734893725413,1247.9714826417166,114.13348354761426,3,0,1457.4163184177364,595.0225923477379,-3.838991020472315,0,1,1,2.0003492216491017,1.9380614660990083,-0.3337732409822793,-1.6692385193190231,0.5778943121738994,0,ddos
0.32930377222431,1340.4736440416846,252.2602513094205,3,0,1083.9375823352889,294.2459400646956,-5.704113009134447,2,1,2,0.949092428877395,1.3796507088795231,3.1917489922350666,-0.6934226077279793,-0.3327700348913405,1,normal
5.780334524657551,1561.5341494508236,580.0292393261575,6,3,907.470732358661,1524.4156199238332,-2.750506427198432,2,2,4,3.4805075906184166,-1.348179831097575,3.0032949984044857,-3.4456439355218125,0.5152013029478455,1,normal
3.957464858679427,1025.445443128314,46.50151105566069,6,0,2909.113977495782,1067.0021606829494,-3.0784608366629453,1,2,0,2.399823591637018,-0.130821788830723,0.2006366671953749,3.705299246604941,-0.9355457297174654,1,normal
5.300050616647121,654.9655699860979,68.55906537466018,3,0,1599.1340204975454,312.6693443130501,-0.353223205828816,0,0,1,0.3628130775336349,1.0550286987198805,3.3715208512534733,1.910296678392191,0.3650057065049699,1,normal
0.1416967892154931,1554.1902936478157,244.82285861033623,0,6,2730.4489740679164,30.850936179278456,1.2177795364452666,1,0,2,4.253903711941851,4.4278564556012645,0.6080204583321481,-0.5708226465001023,0.6062677777798149,1,normal
1.0353138278871197,703.2871646297926,1014.7239076874492,3,3,548.0207567476651,30.35581581444324,-2.4084524069408166,0,1,2,-1.0016895105313848,2.1791508311498613,0.0876326528504567,-0.2124256532964423,-0.1422352475792541,1,normal
4.058264730783201,1382.1643765272293,302.24731560416154,12,6,3374.171475757296,1910.650049201812,2.016979976305957,0,2,1,0.6203989279644275,1.324504933067807,0.4505625751924647,-2.8343228251102524,-0.0284817366791572,0,xss
3.04080059002132,769.3355828973621,58.167139540018816,6,6,1238.6544487497406,761.3642574934432,-1.953791083243129,0,0,0,-1.558038762970095,-2.107128215430106,-0.1326820132155377,-0.1663131952956369,1.16228385368949,1,normal
0.6518971321104948,1818.9897731857525,6.102038785192091,0,3,1690.9591777614744,1920.5252119997208,-0.5711065071378179,0,0,4,0.2141527758941437,2.52488963907256,-0.6256636861041295,4.061548389773909,-1.6499741755123043,1,normal
0.0938172549959403,619.491318237311,533.094309881323,6,3,490.9234385249478,2243.161324281528,0.3195439117550473,2,1,3,-0.5106481212936943,-2.983717711433888,-0.1707642502186412,2.755668355250544,0.1482151234996752,0,xss
3.124888335883387,916.812849676616,112.90187631067266,0,0,1116.9510204261794,775.5625557213617,-3.4317793954433933,4,0,3,0.1165896125382461,1.6748456767450692,-1.2221127114081731,-1.398271571099938,-0.0668449540899597,1,normal
7.49810110057222,1236.9866106193692,319.5163168888765,0,0,1623.2415882156974,428.0782038692967,0.1404740581333827,1,2,4,-4.070354418620076,0.5171012956066736,0.0061929298274463,-1.1540364930472793,2.235391727253752,1,normal
2.237675862710686,1258.004328803966,211.37671808296827,0,3,1164.4398846775566,736.1967807315592,-1.859079707233487,0,0,1,-1.7984700450549835,0.0234201277271681,1.6148252891361063,-1.530849920898993,-0.8127944672878633,1,normal
0.8509090144728625,1102.4425412733365,517.4653224467176,3,0,708.0392030927463,192.00503884051383,-0.2429881805576337,1,0,0,1.0841419402743626,2.924019187227657,2.1564247103590373,0.9248193127492936,-0.7545026665514453,1,normal
7.813704602109493,1415.9263866914227,228.84181349868936,9,3,1404.5094519719569,660.1332269365247,-0.7431625719380304,1,0,3,-0.775249945294447,1.094093615627773,1.8269169724025016,1.6940161651397585,-0.0675996704364493,1,normal
6.934682508291393,1806.4334661174685,526.1369810372665,0,6,496.92862315276767,504.79718113746526,-1.050202701392446,2,0,3,-2.554305055018397,0.5090290917761081,3.035421278291574,-4.630938509043448,-1.6565799890507007,0,dos
1.8072416011513512,2000.6581551528184,244.1123131831056,3,6,4000.364761859369,2265.3087953577883,-3.087887059774825,0,1,2,-1.8138927681809272,3.7052388745893055,-0.4415933471929358,0.93907880093865,0.000334183726645,0,injection
1.4060269174921811,1554.9311788268394,410.09773601315584,3,3,1782.3101834111917,1682.0561686737217,-2.462522367511946,1,2,4,-0.9459030675373556,4.282442046394834,-1.1599543793790472,1.8373717116793784,0.1054031215304366,1,normal
6.01145819927825,1513.2551049256504,426.2461082936381,0,3,1127.7393615064702,1175.522542065783,1.1446176528371608,1,0,0,1.612537126287469,0.6045965839671064,-1.015673118265527,-0.4725125845364701,-0.6446357986536081,1,normal
4.418423900492793,1281.0235381725204,698.0734015794535,6,3,3823.785146786377,92.25902280420377,3.549393749083793,1,0,2,2.6389764709757086,4.376657990835724,3.07602545583701,0.543741806129936,-1.220162745350631,1,normal
3.9850479662635423,467.9564364971268,311.6611271634836,12,12,1714.4924946068163,1672.945628441464,-3.201642449009072,3,0,5,-0.1550217144991421,0.6146130703790414,2.3554927256437086,-0.1046802327661249,-0.9547263958424864,1,normal
4.241097760153262,205.9929342256344,344.75245147973334,3,15,704.5340160924608,515.2583728458884,-0.7863421170664864,1,1,5,-3.8705686264020978,2.827162785190713,0.9424254352581768,-0.0953764623340178,0.6599234015317915,1,normal
8.475386693012206,892.6436064779319,919.3067224976796,6,6,792.2480536031268,1958.459072764995,0.1521771666062219,0,2,3,1.873905962419558,-3.2715529309729314,0.7471618751842488,1.926396049170851,0.8473162220641157,1,normal
1.7279442750785878,1700.9073244184312,39.38923719796124,0,3,356.0983182043329,569.0836284526459,1.660999982972329,4,2,1,-2.149085264695152,3.085797535677626,-0.2004296514532217,-2.392824861253968,-2.588732083972832,0,scanning
3.828438218463658,532.2209737459284,564.6242150227281,3,9,917.486150932441,540.4057306602695,0.9254030363167616,2,2,1,0.3946021947932889,-0.8788804308029066,4.3821710378180345,2.8186361208479074,0.7875026902140092,0,password
4.399092770935326,656.185260256721,150.115428890584,0,0,3235.272341630774,502.69821169703545,1.0777216718962856,2,0,2,-2.1364149046762315,-3.874345503412613,-1.599272271640647,2.8283782597263603,0.5268536484809172,0,backdoor
4.498238036003696,134.42709223283623,179.6054017374246,0,6,642.6269506744402,1048.2374314587782,-2.648096160250571,1,1,3,-0.0759698128041523,0.9855117035995314,0.5490838131204674,-2.364114024741271,0.1213309719446782,1,normal
4.690345164110634,773.7815834404994,720.201328800561,3,0,890.6928293604311,195.4059147430169,0.9684944479592156,0,0,0,0.4084157967873445,-0.1994467110522972,1.8686479460093743,2.241041657747273,1.2378141806939054,1,normal
7.986032803585491,196.8266699615864,1045.1337936763068,3,6,474.2347995961614,356.3957134007302,0.8408353649281441,0,0,2,-1.5951638710744604,-0.4618619483267152,-0.8256923985815041,-0.18686526254698,0.381247510054844,1,normal
1.3034686481934552,143.4524771645948,483.6456633486553,3,9,419.8020514732314,678.6988022953752,-2.3360018906939386,2,1,3,-1.871144898317898,0.2441979808638561,-0.7375438472984122,-1.6621831108069245,0.8327579158619778,1,normal
15.971835749380244,565.0575731922322,352.71727508101986,0,3,426.8157500720456,1152.1551710750873,1.8227288211028927,3,0,1,2.810033648626824,-1.907193125275945,-4.727851721160185,-4.386232518255987,-2.295355895042287,0,backdoor
0.8751382429360048,961.15279866447,212.39153120376457,0,3,1534.484094035909,883.6413479915688,-3.2381011500516204,0,0,0,-1.0673429428386143,3.6331615467090543,0.8347824543158449,-1.6939839995074752,-1.2634070320595103,0,backdoor
0.7976793632051624,1448.639926633216,266.9240041504325,6,0,2737.2054681873287,2517.583819609145,-5.001365598832551,2,1,2,-0.2990182164915395,2.238677095964359,1.9904851256308,3.230907633638931,-0.2202915239579159,0,ddos
12.801970821839364,128.30573673858743,343.3228303693883,6,3,166.17456119657024,1027.484868213698,1.094104076783386,2,0,2,-2.4803658144347422,-2.690441670857184,1.438363728127908,3.194094497249659,0.1811455310302925,0,ddos
0.3682956107706192,1292.7959173575157,67.79279929241464,3,0,431.4443842346514,542.3035498646194,-3.904731576432252,3,0,0,-0.7711014972736171,3.2059072772485244,3.01525825481919,-1.0523441704654453,-0.1394696551336069,0,scanning
16.89787577656977,2022.9774509482693,443.3996922198792,6,0,932.9957185932178,1727.2809118736425,2.475474600207633,2,2,1,-3.2508724025607005,-1.16120954436441,2.9140316215319464,2.2216964202822607,2.821428361884267,0,injection
7.2332069998557795,697.2996855152132,686.5342088860622,3,3,956.2542164759126,1684.3220329252692,-2.1284225562152974,0,2,1,2.0784152220064875,-0.0193568368113459,5.024465425674039,-2.1969166171160035,-1.3542011002387724,0,ddos
2.850177837745496,854.8079492653831,117.3431361832129,0,9,94.4174337592197,153.081328390764,-1.4902885435149975,0,0,3,0.1219261684207102,-0.4111976575563874,0.8805830092977724,2.591427527930641,0.1032349161809917,1,normal
1.0118799202635762,2623.2255360678205,1135.8276397201248,6,3,1091.2371643179845,2951.8439779413347,-0.943020390287762,1,0,1,-3.412469304378229,4.981297791676907,1.541485368655676,1.598854184285215,0.3656494162993714,0,dos
6.145252120667177,2318.38360789894,216.2157924442502,0,0,5095.307542602718,2988.144826825777,-3.0639532936661,1,0,1,-0.4612921106030025,1.8146878387246208,-3.3321905764893254,3.090523425604899,-0.3451971988839252,1,normal
1.3604597939928451,1563.4204825785705,62.662957122110896,0,0,4060.488598981801,2195.0192293083,2.410458699116546,0,0,1,-0.986315225780291,1.4316525916376504,3.638508024074621,-1.7088683503504154,-2.6523085273983287,1,normal
1.981304486222484,1522.5850804129016,731.4407835721787,0,3,3009.8378256453143,1870.0882702400863,0.566211647864358,1,0,7,-1.8558887839033416,-5.78090620380208,0.3341114958439578,-0.6496071642908792,1.353982288346789,1,normal
4.226748880813429,1685.9161390179888,632.4719442802062,0,9,3517.843863028304,718.8619890988592,-1.0255305506822257,2,0,5,2.0684211695275625,-4.250118057578488,-1.660077900962877,-1.2104952891589782,0.3483844885541056,0,password
4.758951562814692,1332.7069282263897,160.54119573389085,3,0,2372.544372796026,1045.7878331931008,-1.5998551060884376,2,1,2,3.938195635452552,-4.161942760489246,-1.725758290467904,-2.9139032830359803,1.3880440425233194,0,ddos
0.5178291228281277,643.6724467796702,100.20883310106474,3,6,1198.9459155138577,956.3112498155546,-1.6739947473533046,0,2,2,-2.387580450309515,3.0460919960023194,2.7422583090298533,-1.6799140719270669,-0.2416298243456043,1,normal
1.874352267845226,87.71843304903648,108.89220210700236,12,0,3354.548023434645,1074.3576152898036,2.58568724781158,0,1,4,1.514492663238971,3.5995329967583354,3.9943622340020646,1.6958020239995617,0.1810703861916291,1,normal
1.3007788943263336,1549.5147274824271,950.3871738505088,6,0,240.28489103263428,996.975982428934,-3.6047689505549454,1,0,0,0.6160064087442991,0.13338964907072,4.47651651660812,-1.7789147529883338,1.1126524826986983,1,normal
3.426757993520337,60.00634450541242,939.5113864347468,0,0,1707.2282803805158,829.3854810745092,-0.7550569565004304,1,1,1,-2.112766924063357,0.2758516223575987,-2.826324887150728,0.0145237420156465,-0.2383428279724261,1,normal
4.1643759746771085,63.911222247777786,133.56816802460904,3,3,1054.496330838823,255.81078713544136,1.1498349847343443,1,0,0,-1.5295301170142732,-1.5806860785280177,-2.127381352300143,2.3740489222692496,1.3453533283075632,1,normal
0.1808007334235352,2107.53006060332,411.16466039911376,0,15,3964.402699310478,568.318044616858,2.421920243144334,0,2,4,-5.590211690064397,6.120027357286641,-4.189364104527363,0.4627494720233478,1.8084857856623568,1,normal
1.1087969203861867,436.99687162460856,24.73118939002348,3,12,638.3654871570454,31.53269113545269,2.6389883584613494,3,1,3,-2.225955097138063,-1.1831183601582165,-1.890458577381741,3.310947446336388,0.3974134355840816,0,dos
4.632997204142136,1003.4886986389848,420.949435477822,12,3,836.2666332790509,623.0547914189548,-3.29098621915214,1,2,0,2.029999756362222,0.1534959909886819,3.173759403922348,-1.1917951187925788,-0.6646184098963206,1,normal
2.5108128822997617,133.36709099481436,557.9271426459727,6,3,1066.4192174495695,2676.36555610758,3.49123921068354,1,1,7,0.963038848843669,-1.824105129056412,0.3171628853447369,1.0837292087370214,1.4028896486951037,1,normal
2.4983254485829622,854.142767238318,869.901246686959,3,0,1063.5014140063838,357.0158742143724,0.9727225376785976,0,1,1,2.257252306097395,2.727807682265884,0.8288635566970161,1.0541444252052172,-1.099745331161481,1,normal
4.217122015385674,1611.173238022713,317.1844382183518,0,6,3931.792423475252,3273.562813227963,-3.354486777173144,2,0,1,-2.965588186063255,4.642183853211417,0.7735797009863339,4.003153038477631,0.1800016843085148,0,scanning
4.664228506576527,662.9969349111203,214.7900420937774,12,0,622.0076613742276,715.9459174650451,1.3922220018769955,0,0,2,-4.335182674944055,-0.3078492521656741,-0.4344503057692552,0.4666222573422298,-0.9855920947782276,1,normal
10.307465874885605,285.67846405988894,376.8522183703973,6,0,491.13666830180864,1243.2033535283856,2.675685120823577,0,0,0,-1.585576603354893,-1.2467308607451395,2.2358353964071886,4.134658055394553,1.8520360970886245,0,dos
3.451003143698928,2690.2378661440816,798.1389523675748,9,6,460.2050604503232,1607.2286418138851,2.9768708627625564,2,0,5,-2.7222844718564896,1.1200390884987514,-0.9226674333443085,1.2887251699361082,-0.5088140015283651,0,password
0.1734321553326867,835.65607291764,83.68136706478553,3,0,3862.569817481051,1010.9624167620278,2.0659194903220364,2,0,4,-0.7018027372903696,6.130875236696386,-0.8107469190103227,-4.364140419266327,1.155300371795544,1,normal
0.6906080677486854,283.9324529226424,408.59851360418975,3,6,36.67670829461358,40.69841170321409,-0.3415629374108944,1,0,0,-0.9309064804966802,-2.1816574951540337,2.4471963561384333,2.6390205607333304,-0.2446101895221804,1,normal
1.5764551006262837,509.5838625940117,502.3744638509546,0,3,1973.2300159996776,489.7970362418719,-3.665454686733242,1,1,2,0.2652314218657134,-0.1664348487439848,2.2163122694999027,0.6993277386739609,0.9511528896251584,0,scanning
5.736782153277742,73.3984521899641,698.8897161400287,3,0,814.9165849628557,271.07855327795033,3.470883886904434,2,0,1,-1.097148855765599,-0.5281055157226935,-2.3888919688615258,2.1707802705959205,-0.0505030669081269,1,normal
7.41354595976087,477.36204446431066,124.35760263785195,3,3,1788.8096616774385,1671.8163589253058,-3.1841808829401463,2,1,4,-1.232378314395384,2.382007639603799,-1.2962104737811202,1.6613683947470903,-0.5416990653445151,1,normal
1.5738304168974615,1659.6084712972608,319.9308349393536,3,0,2235.5618733090014,2097.288430760961,-0.5532151142686539,2,1,1,-4.1821276100518245,-2.595611256322336,2.296702319080881,3.1588522579885385,-1.3222090494344785,0,xss
0.7273108886980895,228.05537182582623,713.4897360107192,3,3,2249.511758473978,384.2560869859309,-2.772655195729867,0,0,0,-1.7354616254393147,-1.4049013273099684,-1.882953761956195,-3.289248607681865,1.2308253409308236,1,normal
2.7884433794144154,2028.684515175878,199.0669019312532,0,0,3061.0465965569256,332.5872575898098,-2.1137107164501927,3,0,1,2.993837844437542,-4.464768181978523,-0.9095725182419304,-0.067821063932405,-1.2111511288611332,0,ddos
2.7516168984908367,971.4715157121408,443.6738410504684,3,3,566.3612302481573,393.2074009742707,-1.2845196643515673,0,0,2,-1.8927782171747272,-1.0844769433048274,1.7574198037231203,2.2926890346123594,1.5138544223419437,1,normal
0.8331027942184877,1380.5180769730664,920.9755049658828,0,0,1664.297609553407,808.2868396723818,1.7199860097188306,1,0,3,-3.800299440651004,-1.6935831710944476,3.0298240385176847,3.6666264664873465,0.4271508115225164,0,ddos
5.89692968426883,1297.4417078933666,652.4095315049705,12,0,1205.9466097399434,2897.221158855261,1.2729071929436913,0,1,5,0.9961425804823036,1.078213888850135,2.632460354007179,-1.0662979588068662,2.017651802272565,1,normal
10.66281651091215,254.25292489953367,498.23525596100535,0,0,2353.0789746284504,515.2627887168932,-3.394401247270429,1,1,0,1.4290745267539415,0.944894598927092,-0.268972062572723,-0.1260429071452184,-1.3501497827913758,0,backdoor
7.235332429573842,409.2799748573461,646.4772168994872,6,0,598.0452510767427,719.8064190256906,0.22769548981156,1,0,1,2.685789830019772,-0.5730318671168879,2.360681745974964,1.628628853182362,-0.335930666194439,1,normal
4.758240168278109,823.848155934817,1100.0795929390683,0,3,2633.4943573242404,1465.8518167202128,-0.0805661985830812,1,2,2,-2.02978712004132,2.344648417726164,-2.526801517542083,0.4568993213598014,-0.0723098865882031,1,normal
5.790895004842229,905.88343235385,392.9271168197344,6,0,367.1281028162985,96.89419439228348,-0.3380032168085708,0,0,1,-2.3634683355907686,0.9015457177257502,1.7139519966611263,0.0535133729735948,1.675411029296877,1,normal
9.336705805295594,1363.6391659627177,619.1920669378675,0,3,1016.026120141725,101.15514202120674,4.137364473800992,0,0,1,-1.4263652364941153,2.404660486654566,-0.7478431485037147,0.1157502952861686,-0.6222136732947194,0,scanning
0.8196426596147617,1064.1066222437896,1149.284427566094,0,6,2139.839105189601,1333.6665145595414,-4.046185013850487,1,1,6,2.177256963196024,1.7856117445844086,-1.814915374710488,0.6571856495408271,1.2616780620892567,1,normal
0.2214336776914474,2236.3713293067817,275.3611214003979,0,9,5080.8254708613,327.6558840331984,0.0737527962324711,4,0,6,-0.1740767452467326,8.0940404403615,-1.9337627541019733,-2.57734903968235,0.7616972632834814,1,normal
3.502445188137768,1124.757371790461,165.91241358990396,9,0,3506.309928561324,796.3212576382381,0.0133356148712409,2,2,1,-1.9576430653229653,-1.803643735567021,-4.487582440659214,-1.2750860389913414,1.8043335900854045,1,normal
0.0067167688401399,1023.8403389276284,46.50696083264539,0,3,1950.126546897052,165.85671856100566,2.293988924655132,1,1,1,3.524227060087166,2.813296938264522,1.5525542838406547,1.492932109351804,0.4936421592735061,1,normal
4.918805048522506,1118.6073707749713,343.05904467614926,0,0,849.4917687150684,991.5901574960234,2.566223570545782,2,2,0,5.769387998999682,3.688779353904597,-3.261077922511556,-1.4968425275141195,-1.9576198026463616,1,normal
0.5820408607295207,393.05503876034106,415.8034357743935,3,0,5.6229847132191,142.02766312838395,-0.216864519235183,0,0,1,-0.2450701019424171,-0.651661816820882,-0.4189255551894424,-0.7038465471515309,-1.5813030075748131,0,dos
2.6027933321904246,1729.2580376146157,49.06506505617144,6,3,1919.611237401792,525.0963034379763,-1.813991877278146,0,1,5,-1.5850024936439406,-1.0157366697539298,2.0348649414162177,-0.5842331964096535,0.4713193093866714,1,normal
2.865671832655907,2250.2965530216707,125.0500497921928,6,0,2931.4302762459515,2493.44935807454,-0.9400148207444976,0,0,1,-0.1171598887216578,1.3511885989219716,-0.7728559299461482,5.69881885137994,-0.8502570562891337,1,normal
5.484854310054051,213.83279770398923,107.65640540528616,6,9,642.9924291836116,185.97810856154385,-0.0133427988007823,1,1,3,0.0110680470966371,-1.5467135512414745,-1.7273281247897865,-0.3100876655072195,-0.3911397790265455,1,normal
2.489080153073416,214.4984651301436,901.5605861389416,3,3,572.5513276057906,209.0897300932305,-1.4399010222354705,2,0,3,-1.290367239261296,1.3983089475164094,0.3437644847226537,0.4984422296933053,0.0660417476072073,1,normal
1.5650856187923654,1485.520277679832,185.2270397678361,3,9,675.1711472561526,1027.454716862414,0.6780903331629474,0,2,2,0.1798501744014851,-1.0768150179260527,-0.0083577065963549,0.2149645428541349,-0.1742401053951645,0,ddos
1.1264399268186485,1143.68960201903,251.9834225225998,3,3,3195.1228831983417,564.3473474906585,-2.8008781362281727,0,1,0,-2.6438759594896903,1.1544395848691311,-3.4884699922248164,-3.2623234899638955,-0.5166650132782932,1,normal
1.6931074850170034,1660.1604631652408,70.1996265789112,3,3,4013.488871073778,1658.0012068474382,-2.317818889837455,0,1,1,2.3606319983744743,-1.6849074090114804,-2.414312245497679,3.099572797460307,-0.1807779208691377,1,normal
4.335647214480466,1484.8870366956828,439.9255860246704,6,0,441.501884467534,746.1299692210567,-4.162403710701476,0,0,1,0.3806942349999915,-1.005671504090483,3.6596340881767926,-1.4568456279670583,-2.0483741629913936,1,normal
3.887678529749459,1329.3608084511304,415.0961332325561,3,6,5407.314837869797,791.8099718216984,6.242064261690378,1,0,0,0.3828633613261155,4.127203050983815,1.9887713734663708,-0.8753053176927883,1.951749999425409,0,xss
6.00551206872904,49.687500702243256,448.05571189209365,0,6,1887.6592918477816,1113.845368657908,-1.876732960001925,0,2,2,-1.199904340435705,0.5054671548962048,1.329552325751581,1.725807172859486,0.0446817930061241,0,ddos
8.940579461595417,237.3653806944259,339.5815246951031,0,9,1530.0468009604926,559.3274982464097,1.032560692245056,0,0,4,-4.300760106974997,3.203892359950914,-0.7398850938215056,-0.3601964943739751,0.7968822814050555,1,normal
1.995661879284625,396.3477391944118,636.0355423894883,3,9,375.6945720626085,172.68362114739512,-0.9165104887382725,1,0,5,-1.4408770593612352,0.4512083982683607,-0.2107028494496652,0.7459206138041512,0.2242305857420481,1,normal
7.97753985037276,470.6544082163612,77.06539006142623,6,6,263.5430203073003,599.4573737383193,-1.698331336678745,0,1,1,1.8388049014188543,0.8666910905143737,1.5831527208949947,2.3406425899202707,-1.2256293898744983,1,normal
3.21460670003372,2420.291592552276,187.76493821294304,0,6,2120.791373575677,2323.301186303049,0.4149821006244001,2,2,0,-2.2959410974137207,3.295513524247192,-1.0183676866362636,-0.376497305985129,0.2828529546243523,0,injection
1.0950735485783127,1665.2666589511807,478.8774127850549,0,9,896.1432813089757,1204.0992526173948,-2.655021123861768,0,1,2,-2.508035330156249,-2.765835239369662,4.869980818905146,0.2707536395681613,-0.217627156441242,1,normal
4.846900831162926,2879.37955374122,334.7536758664385,0,0,3602.8283157409883,2949.656273136395,1.338315035283516,3,1,1,-0.4306902882544714,3.2003033266347245,-1.6389555396791864,6.159294239021859,-0.4029350523400042,1,normal
6.172371398743408,651.0989525308557,444.9993226702828,6,3,409.4390471311376,290.57881107218464,0.6092749851089113,1,1,1,-0.7396530458821473,-3.1282908618501217,3.137646946495259,1.5837633524760706,0.0476056011649022,0,scanning
5.323241974386603,1350.69052885966,90.60110729911727,0,6,1701.20608432442,86.53780720093164,-3.227261326502893,0,1,1,-2.206711784409606,-1.8431463142024584,3.1308516869269094,1.2428179060704736,1.1410671919110191,1,normal
7.180238962242894,610.1725675050764,79.94367795713134,3,6,197.4993911585405,34.74098400982293,-0.2140659002877403,1,1,1,-2.0435765420715573,-1.1749451388693954,2.637809161276805,1.2215267442158717,-0.9227091023414336,0,ddos
2.534062150878245,501.4287174541358,1247.612734815366,3,3,676.8602768475089,426.60021408796433,4.876194864934522,0,0,0,4.836787940671304,1.2326104578652457,-0.4386642677061607,2.6333903004087227,0.0790840077729804,1,normal
2.571399328105506,792.3224906949738,555.3870928932217,9,0,294.38078260763183,1055.5414114298696,-0.1659736446443325,1,0,1,-2.6543189524797515,-0.2187818187173877,-1.280731614450436,-1.6324793891569382,0.0624292855206282,1,normal
7.28614229077238,1116.091587081621,539.4796295309492,0,3,780.850908326127,1231.3148519773622,0.464381789973498,1,0,2,4.012581783884594,-3.2775605960682075,-1.274312021957505,-3.99264374724907,-1.11834087815146,0,ddos
2.0269049164953383,2300.1645004727084,300.06605760227075,3,3,3569.9247996033705,315.4704770116075,-3.488705246979541,1,2,6,1.9447290851443884,-5.509513822621464,3.211006040268857,0.0340423457430019,0.5905482583059715,1,normal
2.969461874603084,150.34717032809343,319.8657381059256,12,3,1005.2894117929112,577.2004465512954,5.051994770837408,3,1,1,0.2955449887140019,2.272852097749843,2.1552760837430545,2.168935209282579,2.613003721241127,1,normal
1.3106127824860407,154.26835985121411,585.2466217554478,9,3,59.00072491885005,1635.1743076641935,1.1185880344880503,0,1,3,-0.5868037553498313,-0.9046106449724064,1.2388148041651332,0.9778156423780148,-0.2380746789360292,1,normal
0.3398895683721187,1749.0949243033108,133.46359543156137,6,12,943.200181334024,580.9682664648485,1.2992901641268229,1,0,2,0.1075658417245937,-3.385252675379296,-1.1830148061647987,3.276822104031188,-0.3483518816161482,0,xss
0.1681860669018402,1256.570095045657,265.383521892024,3,6,1773.6301326044718,636.3700722705788,-0.8906720484171621,3,1,5,-0.3212866330881356,1.9795051024608263,0.3751675321060392,0.0021848312290373,-0.678840748816329,1,normal
4.9461085679265775,810.5911848525868,4.477091578538856,3,9,213.3245057925427,414.9958663485327,-4.563189749882798,1,0,4,-1.3471714678006492,3.492829522829745,3.3538541283613155,-0.5376059883828612,0.4970536885947224,1,normal
4.313867715891653,1973.339361006861,267.09304511553125,0,3,89.74749282322354,2072.2074115301284,0.0358911227353753,2,0,4,-1.1482322276571155,-0.8742383911288967,1.5806177525717156,-0.3890589406628946,0.6654325934615994,1,normal
2.9488918493825222,340.62758688411066,169.57801794790836,12,3,1140.631006439436,1398.9353213916922,-2.300717381430748,3,2,2,-6.067810926971219,5.557664564000809,-1.9485247549308804,-0.9037547840365204,1.1069799620498308,1,normal
2.442533877713521,1487.2334370710428,470.8755961219335,0,0,5420.426982370589,1515.7519621840172,-0.8926155907680978,1,2,3,-1.6381367827622,-2.128407205626008,-5.184110540172928,1.4775876580226912,-0.8144687951171474,1,normal
3.6454926774992473,165.2326364357083,366.1245111807709,3,6,1795.8698489551632,50.80092597452038,-0.2531381314000043,2,0,1,0.8952289024871918,3.738491277852977,0.2385992162217248,-3.626877692109714,1.814421434639893,1,normal
7.689693906150364,1084.2103490099153,312.3484327492226,9,0,478.6052654210198,1975.111405399256,3.875696618264926,2,0,3,-2.0040140734996745,1.4736205429085334,0.0024373372969004,3.1423443590222258,-0.29215857096405,0,injection
2.703460510224477,229.57130008488008,252.79778438069212,0,3,796.079548129204,196.4268060440247,-1.4082802661495373,1,1,3,-0.7486067992429613,-3.1556321234871056,6.549185784376923,1.8104967196230213,0.5338227343888714,0,scanning
3.310795525430541,214.9626366013667,551.8489915976315,0,0,1863.0343410676137,346.615941407575,2.353020831662604,2,2,2,1.6051102175270533,0.0024840816066162,-1.9959153747779328,-1.724544140194772,-0.6819744111444419,0,ddos
0.1272815897425694,448.5866248546061,58.977835996872216,0,3,1300.264872288651,430.319455856692,-1.5496553517728602,2,1,6,-1.2953860273804851,5.284460465544817,-0.4446067675440923,-1.2207442155148638,-0.4641070139085064,1,normal
8.289769026678801,1988.8026925041163,281.2265278647016,3,9,1679.1435261087834,698.8820132139616,2.348470938345886,1,1,2,-1.7622769007128276,-2.105615326561555,3.0023551482816955,0.1465182094090413,-1.896490698001405,0,dos
6.017964184545845,1148.2294282198193,673.0960894690301,6,0,1010.3496825603772,594.7039469762028,-1.1367713874135978,0,1,0,-4.098117237615351,2.439059749753686,0.304757729534195,0.9280009644807474,-0.2876948295588563,1,normal
8.28694722795616,206.8493434273827,368.9762835500277,3,3,729.0881573011409,494.1533510782594,0.4289379885727994,1,1,0,0.3280475520832824,-2.38998982133668,4.150509187910483,1.985122176131496,0.3993889288484623,0,password
4.129074413516865,1698.1278110464957,307.1533663958374,6,0,3713.789999783414,1117.8047258212794,0.7091366927851337,1,0,2,-3.5246682201067623,-0.6677715908018096,-3.644161441999719,2.9702888261144484,0.3571565584356863,1,normal
3.828810477543089,739.6004772807216,649.179466368385,6,3,533.0868945801852,256.2346952968985,-0.1456035015381427,1,1,1,-2.593255174868899,1.8122091350403444,0.3568578764240424,0.6203000059487085,-0.0814627979429489,1,normal
6.11491034667587,195.0890231403512,49.013895564636,0,3,1897.6158637500096,466.9837527512562,1.97072836985506,0,1,0,-3.437764734994108,1.0327313578520383,-2.648664263615987,1.6288828990257815,0.6510729324992722,0,dos
3.2452926563504843,1225.8411782527344,319.84376252967456,0,0,899.6683745745265,374.942430875858,-2.623281726879058,2,1,1,0.5709716619712422,1.7519950768946302,3.0170748235742,-2.101332205878384,0.4077955720625829,1,normal
3.5338160386219464,449.4590158664048,97.36595143551448,0,6,2046.1490458255576,697.5542571653333,0.3876550877512938,1,0,4,-1.0806439927431235,2.699110847428299,0.3322186069823065,-1.6351567450457227,-0.2549980856062709,1,normal
8.59430077465213,852.8125705196835,591.2910674863604,0,0,222.7678096305612,317.1161216967624,-2.4192858668686403,3,2,0,2.160770285621312,0.0724910753591605,2.8640365281995623,-2.30294418810559,-0.3685724620607052,1,normal
4.384392893750474,483.9060339795448,383.0295839352613,9,3,80.9837108917384,1109.154988536624,1.4656691532478132,0,1,4,-1.8532562003660709,2.6363198222404973,-1.9972341467840216,0.0855396663742575,-0.5963370590773318,0,dos
3.8614945356178265,85.50402148304603,173.387558449874,6,3,822.4449865075883,311.2161294111052,-0.2604126654957894,3,2,1,-0.6078704947783171,-0.644285991531379,1.8161226789266829,1.6879739193285554,0.0883577963296007,1,normal
1.062115587284983,1094.6746142192517,160.9680435864165,0,12,1721.1821599275545,2781.844099696526,-0.6181862079532112,3,0,1,-2.5123065699980422,-0.8207680142987795,0.7606749863578894,1.591516067687531,0.5081124293165267,0,backdoor
0.7942951497937089,562.7486723253113,354.6830386895792,6,3,656.6225698253693,866.3534323217482,4.40169524623551,3,2,1,3.23491762275036,2.127026849008955,0.048330857179097,0.759781170015867,-0.4027218942536,1,normal
6.619944245329633,1198.7141937695794,596.2586327020585,3,3,1482.323098519439,1929.633597530879,1.4618243726799065,2,0,2,3.685712276807888,-1.9123952405425424,0.1019090525192023,-2.780129431927084,-1.3580428734511538,0,scanning
5.374548092876492,1253.7538347431157,60.43612291171591,6,3,334.6267922666468,929.1386998476293,1.2893679086125822,1,2,2,-1.548439355184996,1.4571740617276168,-1.112549854062796,3.806215060877438,0.846643769582149,1,normal
2.262977764037944,1218.6035106795357,273.4979742771936,0,6,2284.8673942426103,459.29649549937005,-0.4132438478802313,1,1,2,-5.268318752255127,0.0266241123086312,-0.0762368793840087,0.3613606971969765,-1.9331438984629965,1,normal
0.1094054777219084,422.6113783471538,1160.1603912087085,0,3,2989.17708539151,1453.7824109512148,4.281387927059291,0,2,1,-0.9057796568362606,1.1818711049826118,-1.0982972361780954,-1.4278213623394678,0.9634739879037336,0,scanning
6.992182072759281,499.7612177648128,455.1023163081247,3,12,502.41486615797487,1638.547420714753,-1.6244926091473622,3,0,2,2.730012835259269,0.5391813138033072,-1.4232812723409645,3.69166683649184,1.0349239232320164,1,normal
1.7401049375099178,1569.740089790453,1437.7962770085508,6,0,1374.986105223701,64.00307566625281,0.6924929138728065,0,1,0,0.6572103664677851,-0.9442788686129958,-2.558634001096012,0.212947202367236,-0.2553924387706406,0,xss
6.306174650500776,747.8428811917995,242.072266257158,0,6,2087.9260865642614,629.1617786505061,-0.5502555201865648,2,0,0,-2.7851043838554173,6.139526507333694,-0.6021528994307614,0.1991964030334114,-0.1446086199454131,1,normal
2.7007268860135603,840.8532584777054,419.2970087122052,6,12,222.6200885392645,700.2267744321778,-0.1628921319737177,0,0,7,-0.0936079340237905,1.3331438075001156,-3.221833751767253,-0.2622122190506217,0.2844417831933883,1,normal
4.112838751466581,1934.389638111804,42.58063700552959,6,6,3655.5119971860017,898.8658649643519,-3.2945042572277474,0,1,0,1.140736372860071,-0.9897113587321876,-1.3663605366128289,2.9045522779925568,0.4754293973188569,1,normal
4.171051355020325,1560.0748889323954,16.399840125856397,0,0,2407.2736328728347,1039.1864092279206,-3.1397492262026327,2,1,2,0.6056777975491374,3.0960074647250715,-1.0980292679809944,-1.8134718384642303,-0.0428587664692975,0,dos
10.221082879463772,597.2565425654785,863.874702058627,6,0,1666.055106411112,234.70218898122943,-1.8285455354845808,1,0,2,-0.479152075121226,3.5784051566011907,2.645077522081148,-1.6423449398351435,0.0981211789920808,1,normal
1.1853040141617952,1099.3348117302526,219.4211828111441,0,0,474.68280660809177,770.883252341392,-1.5310310273819216,0,0,2,-1.4634974085768864,0.2930102597201901,3.6388929011422224,-2.1229246024226014,-0.1495586305913954,0,ddos
4.56192477932338,801.3632971350744,193.4087215986206,6,0,259.8720176929795,985.968384885882,-1.372377283840465,0,0,0,-2.9541889109973263,-1.2698487921730006,2.2247440987068834,-0.0920525381411403,-0.6287864787155532,0,injection
7.827706076005599,1433.636307530981,304.2392650378307,0,3,748.6634104584188,861.5667185739085,4.729260116458259,2,1,3,-1.1955660264858463,0.4409196125169603,-1.0093154322932925,3.3721209547593087,-0.751814701858664,0,backdoor
5.009784074594453,414.11037679503664,304.3998008844876,3,0,204.9553984009332,86.5676830423453,-1.1439588299583243,2,1,1,0.1931650614065176,1.003771963416222,-0.2524885144528179,-0.8084192593269175,0.3329504380982251,1,normal
0.6380556268167568,634.853580352237,35.035084838597655,0,3,1573.7329371908145,446.7391518712423,-2.5226105474771465,1,0,1,-1.0457719111803436,0.5347449484903153,0.984087889855078,1.0813346407561089,0.2990813006026402,1,normal
2.9162247995836728,652.4722495067155,75.11608984214817,6,3,1549.7753127253457,865.1545009999554,4.432234784834202,3,2,0,1.3843402627382884,4.615738518606745,-2.141283892867292,-1.2615184288982222,1.619658653219313,1,normal
0.2243542511727205,2379.6059396610785,542.8974235825286,3,6,3941.5569490565936,404.2758840186235,-0.4773492354009636,1,1,4,1.1462326696218,3.867181480117374,2.6623141551853258,-0.9863388138519092,0.8251674104250561,1,normal
2.897069920192001,1248.1319634053305,986.0659138972372,9,3,2918.6844163168453,728.2342955404135,-1.140020747439413,1,1,6,-4.4481436756436326,-2.662848032439173,1.858628160160772,3.031237285258888,0.754804967054576,0,backdoor
3.861995332219436,309.26230667739736,511.0620464332096,12,3,2277.37768435624,804.0591264244878,-3.4343988243815016,2,2,4,0.7451987298873672,1.3284707884191629,0.897515432920984,-1.3550475234122683,-0.114540054997879,0,injection
6.086642684565272,3.581644493646952,243.86409757517404,0,3,1264.4290637069748,300.66885816472586,-0.6837693717468627,0,1,0,0.2762114418089441,-2.226970513629551,1.4061892560858362,3.8697963221086447,1.1538484263968192,1,normal
4.833476197857753,985.2598470015158,294.85864957066894,0,9,240.64909517522537,559.1462077750364,-3.267890174664747,4,0,5,0.7456396718736504,-1.2874345230890911,-0.8328463660676938,-1.5779735386548104,-0.8219242442452018,1,normal
0.1025786929134697,1606.154363816913,285.75343554580246,6,0,1134.0124453958008,101.65342006856136,-3.9307383967877287,0,0,0,-2.199592094707752,1.3964309655451932,2.2098096936138045,-0.3862523667805529,-1.5556512952706518,1,normal
1.73143988382733,428.2284824593431,80.69270052856086,6,6,487.5581830003044,665.5553004935358,2.883228399471017,2,2,3,-0.8159054177756813,0.8165672362405345,0.6059227202605494,3.014380070416655,0.3659823837352027,0,injection
0.1750028983956209,255.4416568382117,380.54779716649904,6,3,900.1163813412088,642.4461593382181,-0.6547675121076733,1,0,0,-0.7149839399635393,1.0085289782568527,1.691579264989684,-0.8170568424668541,0.7732640856937026,0,xss
5.250143678635341,270.5840105150573,338.18716970720976,0,0,561.7243186076972,159.6358734744209,-0.0886557992144427,2,0,0,0.4935534716627041,1.078088968387538,0.9006485286246684,-0.3395424212975825,-0.8407597495807956,1,normal
2.639566835464484,3261.232671592067,759.9194584432912,6,3,5376.583590320831,2810.632672383264,5.821010706696436,0,0,2,-1.034518661503901,3.699524773117961,-0.0783942495156464,-3.183760114998334,0.6685623733691628,0,injection
0.5600618577479737,713.5012440350209,49.199827777214345,3,9,1067.677832219398,1628.9186637809116,2.248310764376084,1,2,2,-1.3794857077840448,0.2477202730590318,-2.225440496172178,-3.023018155104303,-1.0047957899766495,1,normal
6.578284520978095,32.43501731614751,137.98969238087597,0,6,1066.4809914319203,1238.5930988011075,2.6785503250371674,1,0,0,2.353729981997713,1.4510211850314794,2.439617508810417,2.226709064006741,0.4818736489094225,1,normal
5.126558252442415,11.156064148994282,844.2215242899913,0,3,925.9470809326332,374.7286475760812,-3.079649230810362,1,1,1,0.7500230239557519,1.5827904524150078,1.2977128168566807,-0.5391083186793983,0.0533152289693569,0,injection
1.561676505727851,1230.3516798314415,474.8461090430674,0,3,393.48293267883446,565.8479094885776,0.361862642106051,2,0,2,2.5763966992707363,0.482411531778757,-3.1071229140428533,-0.5061488079342307,-2.318377329321787,1,normal
2.0386982733821752,2074.923499493222,523.792315779382,3,6,5665.233435547769,628.7543348394126,-4.084281197058714,3,2,5,4.159585456233698,-6.253378346125021,-2.094953818974358,-0.6444671525729282,-1.2423222423685265,0,injection
3.3207769673866565,665.9161043795725,21.629832567831965,6,3,2814.765707499716,1122.5486073635548,4.388603688465952,0,1,2,1.2126046035278255,0.4363624273236881,1.5808208767144063,-3.2161816613469023,0.4442741724380867,0,injection
6.208467687947605,1532.7239910869196,85.84412926839148,3,3,1510.0448385347736,158.1551818252776,-0.575413467141004,0,2,0,2.498495588320714,-2.380356270572212,2.677235004437464,0.7843050189784131,-1.1609649553943506,0,password
0.6470315548918757,450.1908033116859,97.45453188074468,0,0,2610.528641504584,1464.6924491226996,-0.703790429368792,1,1,1,2.440823762742383,-0.8374389871123353,-1.035394619587013,4.975495900873098,0.1036432047075694,1,normal
0.271276314596288,1537.3112403847977,568.1225720918816,0,6,2110.2553173174465,447.5154951440951,-1.1064914864574475,1,0,4,2.424481210912189,-3.5662415092795694,0.2193532201706678,-1.1838552534254132,0.5966173103621331,0,backdoor
3.620952104365246,358.41777386406307,164.92849143501988,0,0,1124.3108913943568,518.5758901257894,-2.36348282911888,1,1,0,-1.7625061426434327,1.85703485178339,2.5118951492088315,-3.4325717584246824,-1.1783839080647018,0,ddos
5.633281640588551,14.627367281885071,390.3477131461361,0,0,368.2051032231417,49.864319435298896,-3.5426062744119973,0,1,0,-0.8799521672938275,0.0069220523173736,3.4708138196790674,0.6634451495746467,-1.4563079696228567,0,injection
2.6394983612682794,1138.5924951171608,498.0462987753014,3,9,666.140156666591,1522.4050906241237,-1.2591643192857516,0,1,7,3.0800056307821766,3.3995770189525523,-0.5126949548932603,3.1434718069060263,0.8026379119482929,1,normal
4.428240115471869,1432.1945347180413,1057.3179541357786,6,3,687.1650865550995,656.6502795046799,-1.2466302759374,4,2,3,-0.2964265648802919,0.4376409281680533,0.6735677576101737,0.303876774586426,0.084432668038236,1,normal
1.5912912843791558,819.2608863485763,650.1001421965757,3,15,2305.7766075448058,111.4840097281314,-1.3603001720241006,0,0,2,-4.275003244077875,5.486874308333471,-0.7335743617685697,0.4145707254867805,-1.85738401887954,1,normal
8.16856598078132,135.99184622544496,304.6321993466232,3,3,632.4425870649383,107.65874115073096,-0.5515728925576788,1,0,3,-2.311091064044254,2.7053652342039607,-1.2993272322387572,-0.9889292476493464,-1.1442754857547206,1,normal
1.0538074203893275,1287.8463124554823,52.69312465699788,0,3,3267.0463456213147,442.5569880605904,1.588448518133686,3,0,7,-0.1485117916023635,4.220414712210779,-2.4997011481451663,-3.1819033643113066,1.808562328314258,1,normal
1.2549060263594345,1306.5872899034318,412.3063608191022,3,3,2512.3885524546886,2285.7529910829694,3.579521578099185,1,0,4,2.3810118737478727,3.4683919030879693,1.4640230058059238,-2.42890940958154,-0.562154722179237,1,normal
0.1774294610236183,36.53216980731111,402.68654399222,0,3,1747.7431655773603,42.64936842892194,-1.7075017004978537,1,1,4,-1.059440124575208,2.5309586170061014,1.2452436083754534,-1.212884147931676,0.3807867066120026,1,normal
3.624679132178733,1305.516075190155,91.33495439134614,6,3,114.53950972364098,129.1629196010181,1.9781841232665045,1,1,1,-1.421964566645327,-0.3384518158474817,-1.506245080964976,1.202096575191164,0.3726947596040273,0,password
5.985441878834324,472.45947200643445,48.87614502295524,9,0,3189.240641410999,1302.7311697404368,2.075784265172168,1,0,4,2.2078269553383043,2.347319899553281,5.222969399143729,3.440482042132775,0.4835106011721085,1,normal
1.5509165727374947,1513.779924076072,342.4539173552921,0,9,4474.722393514183,2665.3479916511587,-2.7921276685213177,1,2,2,-1.7051695426205091,2.999287582828299,-1.171047884835268,1.4931347392231948,-1.0191759948122665,0,injection
0.1977166292781715,365.6588543369028,178.2874271479056,6,6,1089.8465946216843,445.8942190450288,-2.7256730328448486,3,0,5,-0.2000545876002205,0.8531069781589329,0.8416216163153065,-0.2750833945866031,0.5717507805857612,1,normal
4.332675237192666,889.7955690209262,357.0153554308122,3,0,1631.3309462631196,1493.5345035069115,-0.2227231116088094,0,0,0,-2.1068745074497444,1.4759641052832286,-1.5272983208142343,2.312670246632893,1.4157321228920603,1,normal
3.5088572890272047,1016.2603511620518,387.503197962023,6,0,171.92576325811956,82.07739124646413,1.2058271566391905,0,1,1,-1.8453587982108728,-0.2174726615800655,2.533736979315077,-0.5091100042418417,0.2893056399486336,0,injection
16.497514549009914,1259.6393996757854,135.5484356275701,9,12,466.77222922856345,2303.603029320297,0.4016452527575644,2,1,1,-2.001472239678866,2.8885784307931965,0.2865788642508839,-1.1680964824324178,1.3719342412191915,0,injection
1.8474104314150184,1271.9573583995314,478.3746874217388,3,9,581.5835890561136,584.9204902326616,2.918326669635689,0,0,3,-3.486158261865775,0.8763670801952201,-4.001424435825017,0.2747428980428102,-0.6621045962277881,0,dos
1.8318105383523209,682.115565224337,383.3711651887503,3,6,640.4864620240389,1174.6426274416674,-1.6573189230183527,1,1,6,-0.3678371641612947,3.091385932424842,-1.653784773069551,-0.3974403737616596,0.2802034185693765,1,normal
0.9530515358237884,1407.3857790247685,587.0749893260164,6,6,1402.0013460290916,656.8928447817862,1.0291075685850914,2,0,4,-1.0636889074676752,-0.1669139921121532,4.752682503606194,3.2864020483154324,0.8697856125729688,0,scanning
0.1488936517199477,718.9624282461108,401.6143825588782,3,0,2229.1392159708216,346.22139318469254,-0.4123929263410731,0,0,0,-2.820598041257496,-0.3717659289887489,-3.171103581183503,0.2658249752582595,-0.5051487195215991,1,normal
4.976266195448128,497.6907159292749,35.072316983667136,3,0,726.4342513395459,828.9734595954163,0.4522345743375702,2,0,1,1.552055537990212,-2.0755693649370586,-0.9658814750311308,-0.5450136298759201,-1.4437146518794155,0,password
6.783885207443053,438.1238454246425,534.5645477313489,12,3,1238.9155924717095,131.1344653934966,-3.146315912598188,3,0,2,-2.2270742594968125,-0.8405470068088643,-1.0095933096710954,0.5343949017465531,-1.3765617218925887,1,normal
4.045391622688182,268.1465549167746,277.265221042961,3,3,998.7541201054522,564.5606319160136,0.2829896877237343,0,1,1,0.5845611897992706,0.4286106545873734,-0.3957695928437853,3.510807855950662,-0.1162934061144696,1,normal
1.2617586649706274,1060.0846184338734,380.9207174270642,0,0,894.2921225983974,1125.152055086435,1.41054558501419,1,0,1,-2.8173731099232064,2.335485251268903,-2.0701064196142767,1.1691380864208802,0.4767397794756732,1,normal
1.9265168800420525,1831.5982579755805,155.33814999888148,3,0,137.2648617955123,1440.1671681342166,2.121050893999743,3,2,3,-2.088646625062682,-0.0709125196545201,-1.692759061377756,-0.0199590993804192,0.5443558469678863,0,backdoor
5.142273326031159,440.2845288002276,1.9191204666790584,6,12,1187.6398362659488,663.8485914953487,1.5732165871517254,0,2,4,-1.2917304292126526,1.2551955654192628,2.021798654155445,-0.1918109465367043,1.3643331104329397,0,backdoor
1.674646731940891,298.5009917571901,175.9373580721489,6,6,2750.710374954846,578.5018243820282,1.3473418559231485,0,2,6,-0.1191537504456659,2.2336283633570257,2.9850931584790814,2.489650198350434,-1.7313440246875578,1,normal
3.4080777613681623,2155.2325693672583,355.76059690951183,6,12,1821.5017857733287,3445.1401053591544,-0.8516626616136418,0,1,0,-4.957052431429736,4.965131956371759,0.6889562668203879,0.5336044755565057,-0.9384405537879468,0,ddos
0.263428894314784,467.22412314074535,233.60447082076897,3,6,1162.762219884518,50.77858129656649,1.7146882839856492,1,1,4,2.1731335921574577,1.0078143678460785,-1.4870801426384694,1.3677602047579682,-1.466151548741983,1,normal
0.4398988394702436,769.5694358295485,307.7771568058102,3,15,2464.585509478205,1004.1452698097228,-0.5178441258727324,1,0,0,-3.3076550988081967,5.058497208288636,0.6130271245009463,-1.656504439046325,1.074136742919445,1,normal
0.8812469420257618,351.1057950559553,852.8882490764105,12,3,1331.1237510743672,846.4294751796634,1.06077545820313,0,1,2,-1.6216438481346778,-1.32222145656141,-1.0551026757124091,-3.0164204797341183,-0.8991663997378638,0,ddos
11.505243683082204,139.3677543951781,355.39637174832575,3,6,487.5899275156579,1212.9176752727076,1.152763578256476,1,2,1,1.3238245414313854,-0.0586835832651368,0.4130425586733374,2.0079018303692693,0.4543514756840239,1,normal
4.628878742201032,1198.223246498295,244.94974460266147,12,3,923.9292801962596,178.49074155895448,-3.190889864973649,1,1,0,0.9937644265121516,2.2302128505414704,2.506813305601841,-1.8268916934216384,-1.527188305111523,1,normal
1.839321548950224,963.5247836661538,299.6223047738439,3,12,627.4875516967413,895.2316828175437,1.495214502732611,2,2,5,-1.5576904398193343,0.4595092783125882,-0.3669496230638114,0.2536456767216724,0.3162503165560707,0,password
5.638951408195561,157.60297715612654,360.9684142594576,6,3,466.7639798744344,629.4906290441579,0.6803967781247218,2,0,1,0.7170804865180991,0.4033368424659969,-0.4220061475504633,-1.5843552742421951,0.6151354646592525,0,password
11.818616170204528,32.08059108765615,431.9596547480702,3,3,2485.002237384833,327.9603734345694,3.8779252242100206,1,2,1,-0.3960791006784054,1.080931043313005,-2.7802565879710097,-3.942240535941736,0.0591090091043739,0,dos
4.78640477123629,450.5545082413656,384.6520964817742,3,6,978.719012262901,1036.9034135940783,2.1882762864483314,2,1,0,0.4288285998745663,0.1927950802198634,1.5285742741541852,1.4378678046797382,0.3629219180357711,1,normal
6.653034467154047,1127.597685103984,198.9574143394016,3,6,3320.608557531811,1342.6863751441174,-2.871792603334596,1,2,2,-0.175250275960638,3.039067829394297,-0.900382231084883,-0.4510673737839987,-0.7040295241655776,0,scanning
0.7412621221947555,1639.3520814122874,356.264277987135,9,6,214.00659738602656,656.3393900701536,-2.066701429986023,2,0,3,1.3534810633324117,-0.858750841651519,-1.1354667331839796,1.828811277964541,0.7163883371393265,1,normal
3.728054335662072,566.9642691799372,203.17884341457912,3,12,2174.945224381276,1315.514487757787,-3.2861037845748413,0,0,4,-0.4393149471403252,0.4455313698954783,5.268221366769752,-1.5127459034569402,0.5685484255089412,0,backdoor
14.1198553573447,80.24373050960388,420.37108344223327,3,9,567.0590102114089,228.4350347696964,-0.2150265076133206,0,0,3,-3.463464587385702,1.748670210631898,-2.311807791629682,-1.6884151055872851,-0.6961721568590757,1,normal
6.2938772946745765,159.8694998094944,155.7184837266888,3,6,378.1926029083104,443.2893626147668,0.8806735556714612,3,1,3,-0.3277917036832194,-2.0932999328907247,0.1807507814592224,2.909880366259955,0.8677701156844296,0,password
3.516084327236706,998.2559232124516,635.7612201065225,15,3,479.3896898843145,320.4026340451164,-2.49767067805048,0,2,3,0.276592850997821,0.510442285778425,1.0030947195807942,3.6731888944697495,0.4792849216236263,1,normal
0.0133785871709686,1164.255174630999,49.02578318900789,0,9,365.2248364725881,881.088615601698,-2.2158467242351225,0,0,6,0.1141135806670516,3.079271076435829,-0.7610411999408713,0.2410006841667207,0.8701430994468125,1,normal
1.3957169633627478,130.04118422581462,470.7590535183989,3,3,377.65252269118594,1564.047009594597,-0.6815886394969102,2,1,6,0.0507677902565628,2.3440375616644538,-1.907135993325769,1.1845185728794958,1.534967489674484,1,normal
2.243711352569062,1462.0574829811849,204.6095563396929,9,3,1712.155024131203,125.93980961422902,-0.2378979656003035,1,0,1,-2.483369501571439,-0.7961152300399066,-0.4603761566782423,2.5939826037386444,-0.505184798032206,1,normal
3.39480503958364,683.4206206309801,702.9095932758108,3,3,63.865186234688935,735.5826922420695,-0.8497399052466263,1,0,4,1.1720085504895634,2.0992316610462263,-0.5790028994193006,1.824534122490539,-0.6081317735014191,1,normal
1.009900616014446,470.8663856831933,77.28892085264002,3,0,22.988853502079788,213.39415915002184,2.018524998013982,0,1,1,-1.1001356139406555,-1.1177577787867616,-1.8420616368564344,-0.9220790060866146,-0.5762612835499443,0,ddos
4.132554508415124,715.540088101668,353.8315110235714,0,0,2458.6627231205766,418.1735785458411,-4.866853838023818,1,0,0,0.9038272540329316,0.1645195902905116,1.1747877669769615,-0.6186227989900098,0.2488409081797801,0,xss
3.942666796847191,233.06599728958776,113.92030049636202,0,0,1044.8774620970526,28.94759585293797,1.0441887490572843,0,0,0,-0.4500519387494868,-0.8150101177481262,3.365844324666869,2.324468476253278,-0.1750016057832026,1,normal
2.1845942175628688,1730.2601581022868,237.47540358164872,12,3,1902.5128330886312,1863.171293850187,-1.6687477853341557,1,0,2,-3.0994436585453187,2.016788967569094,5.527399900707072,-1.5964827656898666,0.5938844698808174,1,normal
0.9544343931064811,386.23840785531,148.22206151912116,6,3,1839.24647029174,1361.602882415115,3.9504566780093695,3,0,1,0.183246955634013,3.310654907744598,2.0094691275091336,0.1526555891797201,-0.921218823238422,1,normal
0.0025834282734018,650.5114878737033,306.9460092591131,0,0,1005.3831541521962,828.0040313478597,-0.9226460263669076,0,2,0,-1.5967159088505387,2.253553387117299,0.849499801158555,0.6069902309334345,-1.0815154117569994,0,dos
1.922317369161842,129.70000902280356,124.58639477910413,6,3,1790.6661869538057,169.6895917494859,2.604454388102061,1,0,1,0.7520587965181964,1.664949733262121,3.719746534902491,0.9167972072899584,-1.0731636501866215,1,normal
7.856482910589343,3047.65106658373,399.1535234536884,0,9,1416.9670440103737,2111.7851435317343,1.3457211353952656,0,0,2,-1.8546149448618063,-0.482209822512935,-0.6107447341808735,0.408528147760371,-0.0873640166276235,0,scanning
8.125112547881049,733.7786061980894,1056.3184166873589,9,0,1292.4636711794706,809.2063374150267,-3.522006440351356,1,0,2,-0.3203781559019122,1.47555661529892,-0.4984012393372286,0.6466198127553533,-0.2806433378133217,1,normal
0.7833953534497995,574.0960032735917,396.60228243266977,3,0,3327.383731039167,1327.1314554751336,3.688079420285278,2,2,1,2.052154578978103,0.1022396064983957,-0.7063811649537968,-3.8279313982232335,-1.2398083161525693,0,ddos
4.751704024454766,159.86394267149757,237.9111844771822,12,9,813.0445507666915,425.2987967908287,0.9679763773699436,3,0,4,0.4660365036171011,1.4004500929182349,0.228737915386193,2.0475966868128617,1.3251371217174714,1,normal
1.4267326361015007,861.2582897652901,16.369575105283054,15,0,1810.794734152067,886.9051471087303,-2.977151606343861,2,2,1,-1.3952524880610295,3.220868757596593,0.3881487843708151,2.735306555111176,-0.4209294461951076,1,normal
0.9199200256372614,472.5366369596601,907.223849206676,0,9,381.0633618501554,648.7363635683228,0.5191490887275522,1,1,0,1.4370568924618292,-0.2277418838158709,1.016541224546396,2.933404987252977,0.4749613225410892,1,normal
1.214946590697204,648.1082289866632,388.68747225839866,3,0,3159.134546533088,775.7984108963523,2.041254099109122,1,0,1,1.7047451261177031,3.473204616594348,2.560003408306249,-0.5096806863725831,1.8132106155005665,1,normal
7.844160439797765,948.0344774748856,615.5882863631468,6,3,1222.570822659942,1756.8526811643867,-0.2161688571124613,1,1,0,1.2357695872480703,1.577430208372116,1.1517543837523436,-0.683188993116405,3.14367711805008,1,normal
4.929698428792925,46.4472254164352,454.967183505893,12,9,3066.849645665289,439.990603684412,-0.2347568602216941,2,0,2,1.9365798985990448,4.847717046717703,-0.5919885113265806,-4.442480504965354,-0.243301411390659,1,normal
6.056957976766397,2197.342787415792,107.99036839010188,9,0,332.4183595250249,2190.638044459527,2.3965638948126133,1,2,1,5.131536757911529,-1.1141867453690406,-2.9974802036688626,0.1156048551306418,-0.2333885336201302,1,normal
1.990297316913622,1103.9732789317786,356.8720977676576,3,6,609.6693526381414,1274.7664981604469,1.1904861990069506,0,1,4,-1.1203692310021394,3.070035904839878,-0.0404225107454585,3.758757382476169,1.8737503785615408,1,normal
10.217290993500487,1030.450887901624,169.34039334075618,3,9,565.2614370452798,1398.6945866383494,-2.9800248498216253,3,1,4,-1.6266357485310596,-0.1825456644845657,-1.1391303391081409,-3.72218080444753,-0.3656875114982215,1,normal
10.604118667657618,416.8172599342187,431.1248606264061,3,6,1478.4351399679654,186.7544452947272,-0.7381937886111942,0,0,3,0.5972762493621606,-0.040995138335659,3.104634164222803,1.1650425473434696,1.219761819189111,0,xss
2.8866985152907194,959.2912394364844,741.421057098484,0,0,2040.750910800033,229.9726934805333,-2.0446887183795903,2,2,1,0.9680741634828418,-2.056744519681339,0.1637776318523798,-0.757326456115036,0.1080388134831383,1,normal
2.2012875401155223,614.8173769790804,820.5611912752815,9,3,1212.0478738675554,439.2557786402066,-3.32763603789427,4,0,1,-2.04320048047676,-0.2142821428709316,-1.053737661773912,-1.1895113339773198,-0.4318244040029496,1,normal
3.540198531451012,1658.7741632464574,157.86689924590124,0,3,1116.33690415032,442.3409859894464,2.597224865605676,0,1,0,0.00366490518017,1.489459298981742,3.4753109047566184,1.166759182198637,1.0125955101646746,0,dos
8.461290518824162,1302.203751841868,492.3461309818098,9,3,1064.6732349136728,733.7323749654392,-2.2214313650667767,1,0,2,-3.7052047182515935,2.311984492545049,-0.7324874160967149,0.6184417706714012,0.2113903977148135,1,normal
7.269219105473502,1026.4822512429866,110.22474725109196,3,3,1527.423373032207,1670.2045591845,-0.3756661242355359,0,1,5,-2.4563524002056147,-1.709726793100824,2.9536180082341126,-0.0579620547165833,-0.4442660724084222,0,ddos
0.0562118325507755,1510.5960327730252,135.05015155259522,3,6,678.5821178931152,322.15032132236104,-0.7279255867843863,0,1,4,-0.5694126966977993,0.2797997351648353,2.333428959870278,-1.7743051374095589,0.2440713743716525,1,normal
